pc,instr,gpr,csr,binary,mode,instr_str,operand,pad
80000004,addi,t1:00000000,,00000313,,"addi	x6,x0,0","t1,zero,0",
8000000c,auipc,s3:8000000c,,00000997,,"auipc	x19,0x0","s3,0x0",
80000010,addi,s3:80000018,,00c98993,,"addi	x19,x19,12","s3,s3,12",
80000018,lui,s1:40000000,,400004b7,,"lui	x9,0x40000","s1,0x40000",
8000001c,addi,s1:40000100,,10048493,,"addi	x9,x9,256","s1,s1,256",
80000024,auipc,t5:80019024,,00019f17,,"auipc	x30,0x19","t5,0x19",
80000028,addi,t5:80018ce4,,cc0f0f13,,"addi	x30,x30,-832","t5,t5,-832",
8000002c,auipc,s1:8000a02c,,0000a497,,"auipc	x9,0xa","s1,0xa",
80000030,addi,s1:80009d7c,,d5048493,,"addi	x9,x9,-688","s1,s1,-688",
80000034,ori,s1:80009d7c,,0004e493,,"ori	x9,x9,0","s1,s1,0",
8000003c,auipc,s1:8000003c,,00000497,,"auipc	x9,0x0","s1,0x0",
80000040,addi,s1:80000064,,02848493,,"addi	x9,x9,40","s1,s1,40",
8000004c,lui,s1:00002000,,000024b7,,"lui	x9,0x2","s1,0x2",
80000050,addi,s1:00001800,,80048493,,"addi	x9,x9,-2048","s1,s1,-2048",
80000058,addi,s1:00000000,,00000493,,"addi	x9,x0,0","s1,zero,0",
80000068,addi,ra:00000000,,00000093,,"addi	x1,x0,0","ra,zero,0",
8000006c,addi,sp:00000000,,00000113,,"addi	x2,x0,0","sp,zero,0",
80000070,lui,gp:80000000,,800001b7,,"lui	x3,0x80000","gp,0x80000",
80000074,lui,tp:fd135000,,fd135237,,"lui	x4,0xfd135","tp,0xfd135",
80000078,addi,tp:fd134c18,,c1820213,,"addi	x4,x4,-1000","tp,tp,-1000",
8000007c,lui,t0:f46ab000,,f46ab2b7,,"lui	x5,0xf46ab","t0,0xf46ab",
80000080,addi,t0:f46ab4c1,,4c128293,,"addi	x5,x5,1217","t0,t0,1217",
80000084,lui,t1:80000000,,80000337,,"lui	x6,0x80000","t1,0x80000",
80000088,lui,t2:fde96000,,fde963b7,,"lui	x7,0xfde96","t2,0xfde96",
8000008c,addi,t2:fde960d9,,0d938393,,"addi	x7,x7,217","t2,t2,217",
80000090,lui,s0:80000000,,80000437,,"lui	x8,0x80000","s0,0x80000",
80000094,lui,s1:9c54c000,,9c54c4b7,,"lui	x9,0x9c54c","s1,0x9c54c",
80000098,addi,s1:9c54c416,,41648493,,"addi	x9,x9,1046","s1,s1,1046",
8000009c,lui,a1:b45be000,,b45be5b7,,"lui	x11,0xb45be","a1,0xb45be",
800000a0,addi,a1:b45be499,,49958593,,"addi	x11,x11,1177","a1,a1,1177",
800000a4,lui,a2:80000000,,80000637,,"lui	x12,0x80000","a2,0x80000",
800000a8,lui,a3:fd69e000,,fd69e6b7,,"lui	x13,0xfd69e","a3,0xfd69e",
800000ac,addi,a3:fd69e654,,65468693,,"addi	x13,x13,1620","a3,a3,1620",
800000b0,addi,a4:00000007,,00700713,,"addi	x14,x0,7","a4,zero,7",
800000b4,lui,a5:fa04e000,,fa04e7b7,,"lui	x15,0xfa04e","a5,0xfa04e",
800000b8,addi,a5:fa04df38,,f3878793,,"addi	x15,x15,-200","a5,a5,-200",
800000bc,lui,a6:80000000,,80000837,,"lui	x16,0x80000","a6,0x80000",
800000c0,lui,a7:24db9000,,24db98b7,,"lui	x17,0x24db9","a7,0x24db9",
800000c4,addi,a7:24db8a9f,,a9f88893,,"addi	x17,x17,-1377","a7,a7,-1377",
800000c8,lui,s2:e7502000,,e7502937,,"lui	x18,0xe7502","s2,0xe7502",
800000cc,addi,s2:e750213c,,13c90913,,"addi	x18,x18,316","s2,s2,316",
800000d0,addi,s3:0000000f,,00f00993,,"addi	x19,x0,15","s3,zero,15",
800000d4,lui,s4:dfcac000,,dfcaca37,,"lui	x20,0xdfcac","s4,0xdfcac",
800000d8,addi,s4:dfcac6d2,,6d2a0a13,,"addi	x20,x20,1746","s4,s4,1746",
800000dc,lui,s5:ffe14000,,ffe14ab7,,"lui	x21,0xffe14","s5,0xffe14",
800000e0,addi,s5:ffe139b2,,9b2a8a93,,"addi	x21,x21,-1614","s5,s5,-1614",
800000e4,addi,s6:00000008,,00800b13,,"addi	x22,x0,8","s6,zero,8",
800000e8,addi,s7:00000000,,00000b93,,"addi	x23,x0,0","s7,zero,0",
800000ec,lui,s8:d2e35000,,d2e35c37,,"lui	x24,0xd2e35","s8,0xd2e35",
800000f0,addi,s8:d2e3529d,,29dc0c13,,"addi	x24,x24,669","s8,s8,669",
800000f4,addi,s9:00000003,,00300c93,,"addi	x25,x0,3","s9,zero,3",
800000f8,lui,s10:80000000,,80000d37,,"lui	x26,0x80000","s10,0x80000",
800000fc,addi,s11:00000009,,00900d93,,"addi	x27,x0,9","s11,zero,9",
80000100,lui,t3:80000000,,80000e37,,"lui	x28,0x80000","t3,0x80000",
80000104,lui,t4:dff5e000,,dff5eeb7,,"lui	x29,0xdff5e","t4,0xdff5e",
80000108,addi,t4:dff5dd81,,d81e8e93,,"addi	x29,x29,-639","t4,t4,-639",
8000010c,addi,t6:00000000,,00000f93,,"addi	x31,x0,0","t6,zero,0",
80000110,auipc,a0:80015110,,00015517,,"auipc	x10,0x15","a0,0x15",
80000114,addi,a0:80014e64,,d5450513,,"addi	x10,x10,-684","a0,a0,-684",
80000118,sub,ra:00000000,,41a300b3,,"sub	x1,x6,x26","ra,t1,s10",
8000011c,sll,s0:00000000,,00ef9433,,"sll	x8,x31,x14","s0,t6,a4",
80000120,andi,a4:f46ab400,,f2c2f713,,"andi	x14,x5,-212","a4,t0,-212",
80000124,srai,s8:00000000,,400bdc13,,"srai	x24,x23,0x0","s8,s7,0x0",
80000128,slti,a7:00000001,,59b62893,,"slti	x17,x12,1435","a7,a2,1435",
8000012c,auipc,a2:7b6d612c,,fb6d6617,,"auipc	x12,0xfb6d6","a2,0xfb6d6",
80000130,addi,s8:000004e1,,4d9b0c13,,"addi	x24,x22,1241","s8,s6,1241",
80000138,slli,a5:10580000,,01249793,,"slli	x15,x9,0x12","a5,s1,0x12",
8000013c,xori,s6:b45be06c,,4f55cb13,,"xori	x22,x11,1269","s6,a1,1269",
80000140,srli,s4:00000003,,000cda13,,"srli	x20,x25,0x0","s4,s9,0x0",
80000144,xor,a5:f46ab400,,00e147b3,,"xor	x15,x2,x14","a5,sp,a4",
80000148,or,s11:9c54c4f7,,0184edb3,,"or	x27,x9,x24","s11,s1,s8",
8000014c,sub,a6:7b6d612c,,40260833,,"sub	x16,x12,x2","a6,a2,sp",
80000150,and,s5:00000000,,01cc7ab3,,"and	x21,x24,x28","s5,s8,t3",
80000154,slli,s1:fd69e654,,00069493,,"slli	x9,x13,0x0","s1,a3,0x0",
80000158,xori,a5:0000010d,,10d0c793,,"xori	x15,x1,269","a5,ra,269",
8000015c,add,a6:dff5dd81,,008e8833,,"add	x16,x29,x8","a6,t4,s0",
80000160,srai,s8:00000000,,40fc5c13,,"srai	x24,x24,0xf","s8,s8,0xf",
80000164,add,a2:00000001,,01100633,,"add	x12,x0,x17","a2,zero,a7",
80000168,sll,ra:00000000,,01c410b3,,"sll	x1,x8,x28","ra,s0,t3",
80000170,sll,t1:00000000,,00101333,,"sll	x6,x0,x1","t1,zero,ra",
80000174,xori,a7:200a252c,,8adec893,,"xori	x17,x29,-1875","a7,t4,-1875",
80000178,addi,t6:000007fa,,7faa8f93,,"addi	x31,x21,2042","t6,s5,2042",
8000017c,srl,s2:7a355a60,,0102d933,,"srl	x18,x5,x16","s2,t0,a6",
80000180,andi,s6:00000003,,587a7b13,,"andi	x22,x20,1415","s6,s4,1415",
80000184,slt,s6:00000001,,013c2b33,,"slt	x22,x24,x19","s6,s8,s3",
80000188,addi,a1:f46ab11d,,c5c28593,,"addi	x11,x5,-932","a1,t0,-932",
8000018c,xor,t1:fd69e654,,00914333,,"xor	x6,x2,x9","t1,sp,s1",
80000190,sll,t4:00000000,,010e1eb3,,"sll	x29,x28,x16","t4,t3,a6",
80000194,slli,sp:e8d56982,,00129113,,"slli	x2,x5,0x1","sp,t0,0x1",
80000198,sltiu,s11:00000001,,4f0ebd93,,"sltiu	x27,x29,1264","s11,t4,1264",
8000019c,sll,s7:000007fa,,008f9bb3,,"sll	x23,x31,x8","s7,t6,s0",
800001a0,xori,s7:80014a20,,44454b93,,"xori	x23,x10,1092","s7,a0,1092",
800001a4,sltiu,t6:00000000,,5a113f93,,"sltiu	x31,x2,1441","t6,sp,1441",
800001a8,xori,a3:f46ab136,,02b5c693,,"xori	x13,x11,43","a3,a1,43",
800001ac,andi,a5:00000001,,749b7793,,"andi	x15,x22,1865","a5,s6,1865",
800001b0,srai,s1:00000000,,413a5493,,"srai	x9,x20,0x13","s1,s4,0x13",
800001b4,and,a2:00000004,,01337633,,"and	x12,x6,x19","a2,t1,s3",
800001b8,auipc,tp:4f8791b8,,cf879217,,"auipc	x4,0xcf879","tp,0xcf879",
800001bc,and,s9:fd696050,,0063fcb3,,"and	x25,x7,x6","s9,t2,t1",
800001c0,lui,s10:b4b91000,,b4b91d37,,"lui	x26,0xb4b91","s10,0xb4b91",
800001c4,srl,a1:f46ab11d,,00e5d5b3,,"srl	x11,x11,x14","a1,a1,a4",
800001c8,srl,s10:7eb4b028,,016cdd33,,"srl	x26,x25,x22","s10,s9,s6",
800001cc,sltu,tp:00000001,,013b3233,,"sltu	x4,x22,x19","tp,s6,s3",
800001d0,and,ra:00000000,,01a7f0b3,,"and	x1,x15,x26","ra,a5,s10",
800001d4,auipc,s0:f6b751d4,,76b75417,,"auipc	x8,0x76b75","s0,0x76b75",
800001d8,sub,s7:80000001,,41cb0bb3,,"sub	x23,x22,x28","s7,s6,t3",
800001dc,sra,s11:00000000,,40efddb3,,"sra	x27,x31,x14","s11,t6,a4",
800001e0,sra,s11:e8d56982,,40115db3,,"sra	x27,x2,x1","s11,sp,ra",
800001e8,srai,s4:00000000,,404c5a13,,"srai	x20,x24,0x4","s4,s8,0x4",
800001ec,xori,a1:80014ee8,,08c54593,,"xori	x11,x10,140","a1,a0,140",
800001f0,lui,s8:b3bc7000,,b3bc7c37,,"lui	x24,0xb3bc7","s8,0xb3bc7",
800001f4,slt,ra:00000001,,0002a0b3,,"slt	x1,x5,x0","ra,t0,zero",
800001fc,sltu,s5:00000001,,004a3ab3,,"sltu	x21,x20,x4","s5,s4,tp",
80000200,xori,tp:fffff8ce,,8cea4213,,"xori	x4,x20,-1842","tp,s4,-1842",
80000204,xori,s8:7ffeb0c8,,eac54c13,,"xori	x24,x10,-340","s8,a0,-340",
8000020c,sll,s10:e8d5626c,,00f69d33,,"sll	x26,x13,x15","s10,a3,a5",
80000210,xori,s7:f46ab7d6,,3172cb93,,"xori	x23,x5,791","s7,t0,791",
80000214,auipc,a2:9ee8c214,,1ee8c617,,"auipc	x12,0x1ee8c","a2,0x1ee8c",
80000218,sltu,s1:00000001,,00be34b3,,"sltu	x9,x28,x11","s1,t3,a1",
8000021c,or,a4:fd69e654,,01d36733,,"or	x14,x6,x29","a4,t1,t4",
80000220,slli,sp:0a000000,,015c9113,,"slli	x2,x25,0x15","sp,s9,0x15",
80000224,lui,sp:dd3e7000,,dd3e7137,,"lui	x2,0xdd3e7","sp,0xdd3e7",
80000228,slli,s4:ce000000,,01821a13,,"slli	x20,x4,0x18","s4,tp,0x18",
8000022c,srai,s5:fa35589b,,4016da93,,"srai	x21,x13,0x1","s5,a3,0x1",
80000230,lui,t2:70f43000,,70f433b7,,"lui	x7,0x70f43","t2,0x70f43",
80000234,sll,s9:00000000,,01a01cb3,,"sll	x25,x0,x26","s9,zero,s10",
80000238,ori,a3:fffff846,,846e6693,,"ori	x13,x28,-1978","a3,t3,-1978",
8000023c,srai,tp:007ffeb0,,408c5213,,"srai	x4,x24,0x8","tp,s8,0x8",
80000244,slti,a2:00000000,,047c2613,,"slti	x12,x24,71","a2,s8,71",
80000248,sltiu,t1:00000000,,212db313,,"sltiu	x6,x27,530","t1,s11,530",
8000024c,sll,s4:70f43000,,00039a33,,"sll	x20,x7,x0","s4,t2,zero",
80000250,xor,s4:00014e64,,00ae4a33,,"xor	x20,x28,x10","s4,t3,a0",
80000254,sll,s9:00000004,,01b49cb3,,"sll	x25,x9,x27","s9,s1,s11",
80000258,ori,t2:fffffe99,,e9966393,,"ori	x7,x12,-359","t2,a2,-359",
8000025c,sub,s4:5d3d219c,,40a10a33,,"sub	x20,x2,x10","s4,sp,a0",
80000260,sll,a7:80014e64,,01f518b3,,"sll	x17,x10,x31","a7,a0,t6",
80000268,xori,a5:7ffeb286,,c6e5c793,,"xori	x15,x11,-914","a5,a1,-914",
8000026c,lui,s1:f32a7000,,f32a74b7,,"lui	x9,0xf32a7","s1,0xf32a7",
80000270,ori,a4:ffffffc7,,dc17e713,,"ori	x14,x15,-575","a4,a5,-575",
80000274,srli,s11:00000000,,01c05d93,,"srli	x27,x0,0x1c","s11,zero,0x1c",
80000278,sra,s8:fffffffe,,4152dc33,,"sra	x24,x5,x21","s8,t0,s5",
8000027c,slti,s11:00000001,,e0bd2d93,,"slti	x27,x26,-501","s11,s10,-501",
80000280,srl,a5:00000000,,0010d7b3,,"srl	x15,x1,x1","a5,ra,ra",
80000284,add,a4:ffffffff,,018d8733,,"add	x14,x27,x24","a4,s11,s8",
8000028c,xori,s0:ff8004a0,,a1024413,,"xori	x8,x4,-1520","s0,tp,-1520",
80000290,slti,a2:00000001,,d6eaa613,,"slti	x12,x21,-658","a2,s5,-658",
80000294,auipc,t2:c6530294,,46530397,,"auipc	x7,0x46530","t2,0x46530",
80000298,sltiu,a5:00000001,,f40fb793,,"sltiu	x15,x31,-192","a5,t6,-192",
8000029c,ori,ra:fffffe97,,e97b6093,,"ori	x1,x22,-361","ra,s6,-361",
800002a0,srl,t4:00000004,,002cdeb3,,"srl	x29,x25,x2","t4,s9,sp",
800002a4,addi,a7:fa355201,,966a8893,,"addi	x17,x21,-1690","a7,s5,-1690",
800002a8,addi,t3:fa354b05,,90488e13,,"addi	x28,x17,-1788","t3,a7,-1788",
800002b0,auipc,s5:ef6d92b0,,6f6d9a97,,"auipc	x21,0x6f6d9","s5,0x6f6d9",
800002b8,srl,s6:ff8004a0,,00645b33,,"srl	x22,x8,x6","s6,s0,t1",
800002bc,or,s0:c6530295,,00f3e433,,"or	x8,x7,x15","s0,t2,a5",
800002c0,or,s4:00000001,,01f7ea33,,"or	x20,x15,x31","s4,a5,t6",
800002c4,slli,a7:08c00000,,01569893,,"slli	x17,x13,0x15","a7,a3,0x15",
800002c8,sub,t4:0000016d,,401c8eb3,,"sub	x29,x25,x1","t4,s9,ra",
800002cc,srl,a1:746ab136,,00cd55b3,,"srl	x11,x26,x12","a1,s10,a2",
800002d0,sub,a4:8e8aa5a0,,41288733,,"sub	x14,x17,x18","a4,a7,s2",
800002d4,sub,gp:8000016d,,403e81b3,,"sub	x3,x29,x3","gp,t4,gp",
800002d8,srai,gp:00000000,,41d8d193,,"srai	x3,x17,0x1d","gp,a7,0x1d",
800002dc,srl,s9:00000000,,01305cb3,,"srl	x25,x0,x19","s9,zero,s3",
800002e0,srli,s5:00000000,,00afda93,,"srli	x21,x31,0xa","s5,t6,0xa",
800002e4,srai,s4:ffdff5dd,,40885a13,,"srai	x20,x16,0x8","s4,a6,0x8",
800002e8,xor,a1:746ab136,,00b1c5b3,,"xor	x11,x3,x11","a1,gp,a1",
800002f4,or,t3:dff5dd81,,01986e33,,"or	x28,x16,x25","t3,a6,s9",
800002f8,auipc,a2:db8202f8,,5b820617,,"auipc	x12,0x5b820","a2,0x5b820",
800002fc,sub,a3:200a23ec,,41ce86b3,,"sub	x13,x29,x28","a3,t4,t3",
80000300,andi,s7:c6530280,,ec33fb93,,"andi	x23,x7,-317","s7,t2,-317",
80000304,sltiu,s6:00000001,,85053b13,,"sltiu	x22,x10,-1968","s6,a0,-1968",
8000030c,sra,ra:7a355a60,,402950b3,,"sra	x1,x18,x2","ra,s2,sp",
80000310,lui,a1:7cd74000,,7cd745b7,,"lui	x11,0x7cd74","a1,0x7cd74",
80000314,andi,t2:00000000,,d40af393,,"andi	x7,x21,-704","t2,s5,-704",
80000318,xori,s10:ffdff77b,,2a6a4d13,,"xori	x26,x20,678","s10,s4,678",
8000031c,sra,t6:80018ce4,,417f5fb3,,"sra	x31,x30,x23","t6,t5,s7",
80000320,srli,a1:0c653028,,004bd593,,"srli	x11,x23,0x4","a1,s7,0x4",
80000324,slti,s10:00000001,,526cad13,,"slti	x26,x25,1318","s10,s9,1318",
8000032c,auipc,t1:f784a32c,,7784a317,,"auipc	x6,0x7784a","t1,0x7784a",
80000330,srai,a4:ff000319,,407f5713,,"srai	x14,x30,0x7","a4,t5,0x7",
80000334,and,a7:ff000119,,014778b3,,"and	x17,x14,x20","a7,a4,s4",
80000338,xori,s2:85caa557,,f370c913,,"xori	x18,x1,-201","s2,ra,-201",
8000033c,sll,gp:98140000,,013591b3,,"sll	x3,x11,x19","gp,a1,s3",
80000340,auipc,gp:e16a9340,,616a9197,,"auipc	x3,0x616a9","gp,0x616a9",
80000344,xor,sp:00000001,,015d4133,,"xor	x2,x26,x21","sp,s10,s5",
80000348,and,a7:00000001,,016778b3,,"and	x17,x14,x22","a7,a4,s6",
8000034c,sltiu,ra:00000001,,b73d3093,,"sltiu	x1,x26,-1165","ra,s10,-1165",
80000350,slti,s5:00000000,,c61aaa93,,"slti	x21,x21,-927","s5,s5,-927",
80000354,slt,s9:00000000,,0007acb3,,"slt	x25,x15,x0","s9,a5,zero",
80000358,xori,s0:200a2699,,b18e4413,,"xori	x8,x28,-1256","s0,t3,-1256",
80000364,sltu,a1:00000000,,001535b3,,"sltu	x11,x10,x1","a1,a0,ra",
80000368,sltiu,t0:00000001,,bb79b293,,"sltiu	x5,x19,-1097","t0,s3,-1097",
8000036c,xori,gp:000003a3,,3ac9c193,,"xori	x3,x19,940","gp,s3,940",
80000370,and,tp:00000001,,0022f233,,"and	x4,x5,x2","tp,t0,sp",
80000374,xor,s8:00000000,,01624c33,,"xor	x24,x4,x22","s8,tp,s6",
80000378,slt,t2:00000000,,01c4a3b3,,"slt	x7,x9,x28","t2,s1,t3",
8000037c,or,a1:ffdff5dd,,00fa65b3,,"or	x11,x20,x15","a1,s4,a5",
80000380,slti,a6:00000001,,78e0a813,,"slti	x16,x1,1934","a6,ra,1934",
80000384,addi,s2:fffff957,,956d8913,,"addi	x18,x27,-1706","s2,s11,-1706",
8000038c,slt,s0:00000000,,0140a433,,"slt	x8,x1,x20","s0,ra,s4",
80000394,srai,s8:fbc25196,,40135c13,,"srai	x24,x6,0x1","s8,t1,0x1",
80000398,srli,t3:00000000,,01215e13,,"srli	x28,x2,0x12","t3,sp,0x12",
8000039c,xor,a5:80018ce5,,01f247b3,,"xor	x15,x4,x31","a5,tp,t6",
800003a0,andi,a6:c6530200,,e01bf813,,"andi	x16,x23,-511","a6,s7,-511",
800003a4,add,s2:f784a33b,,00698933,,"add	x18,x19,x6","s2,s3,t1",
800003a8,or,t6:00000001,,01bd6fb3,,"or	x31,x26,x27","t6,s10,s11",
800003b0,xori,s1:39acf956,,bd6bc493,,"xori	x9,x23,-1066","s1,s7,-1066",
800003b4,add,t4:200a23ec,,00da8eb3,,"add	x29,x21,x13","t4,s5,a3",
800003b8,sll,s2:fb000000,,01869933,,"sll	x18,x13,x24","s2,a3,s8",
800003bc,andi,s8:000004c0,,6ca7fc13,,"andi	x24,x15,1738","s8,a5,1738",
800003c0,xori,t6:fffffdc0,,dc18cf93,,"xori	x31,x17,-575","t6,a7,-575",
800003c4,or,t3:fb000000,,012e6e33,,"or	x28,x28,x18","t3,t3,s2",
800003c8,sltiu,s9:00000001,,e0bbbc93,,"sltiu	x25,x23,-501","s9,s7,-501",
800003cc,and,s5:00000000,,01197ab3,,"and	x21,x18,x17","s5,s2,a7",
800003d0,ori,tp:ffffffdd,,b055e213,,"ori	x4,x11,-1275","tp,a1,-1275",
800003d4,andi,s5:00000009,,dd99fa93,,"andi	x21,x19,-551","s5,s3,-551",
800003d8,srl,a6:000ffdff,,01d5d833,,"srl	x16,x11,x29","a6,a1,t4",
800003dc,lui,t4:92b29000,,92b29eb7,,"lui	x29,0x92b29","t4,0x92b29",
800003e0,srli,t0:00000000,,00fd5293,,"srli	x5,x26,0xf","t0,s10,0xf",
800003e4,or,a5:db8202f9,,00c8e7b3,,"or	x15,x17,x12","a5,a7,a2",
800003e8,sltiu,s6:00000001,,a7f13b13,,"sltiu	x22,x2,-1409","s6,sp,-1409",
800003ec,andi,a7:00000009,,f099f893,,"andi	x17,x19,-247","a7,s3,-247",
800003f0,and,a7:00000001,,0198f8b3,,"and	x17,x17,x25","a7,a7,s9",
800003f4,sra,t3:ffffffdd,,40025e33,,"sra	x28,x4,x0","t3,tp,zero",
800003f8,srl,a1:00000006,,014bd5b3,,"srl	x11,x23,x20","a1,s7,s4",
800003fc,sra,ra:0000000f,,41d9d0b3,,"sra	x1,x19,x29","ra,s3,t4",
80000400,srli,s10:0fffffdc,,004fdd13,,"srli	x26,x31,0x4","s10,t6,0x4",
80000404,andi,gp:00000200,,37abf193,,"andi	x3,x23,890","gp,s7,890",
80000408,add,s5:c6530289,,015b8ab3,,"add	x21,x23,x21","s5,s7,s5",
8000040c,xor,s11:6d4d6dc0,,01dfcdb3,,"xor	x27,x31,x29","s11,t6,t4",
80000410,and,s11:00000000,,00c47db3,,"and	x27,x8,x12","s11,s0,a2",
80000414,addi,s6:0000029f,,29eb0b13,,"addi	x22,x22,670","s6,s6,670",
80000418,sra,t6:00000000,,40445fb3,,"sra	x31,x8,x4","t6,s0,tp",
8000041c,sltiu,ra:00000001,,9d11b093,,"sltiu	x1,x3,-1583","ra,gp,-1583",
80000420,sra,s9:00003ff7,,40b85cb3,,"sra	x25,x16,x11","s9,a6,a1",
80000428,sll,s1:fffffdd0,,00ae14b3,,"sll	x9,x28,x10","s1,t3,a0",
8000042c,xori,t4:000005ea,,5ea3ce93,,"xori	x29,x7,1514","t4,t2,1514",
80000430,slli,a3:c0000000,,01e81693,,"slli	x13,x16,0x1e","a3,a6,0x1e",
80000434,slti,s2:00000001,,16372913,,"slti	x18,x14,355","s2,a4,355",
80000438,xor,s7:7ffe7339,,01cf4bb3,,"xor	x23,x30,x28","s7,t5,t3",
8000043c,srl,a1:0000000f,,01a4d5b3,,"srl	x11,x9,x26","a1,s1,s10",
80000440,srl,t1:0000004c,,00ac5333,,"srl	x6,x24,x10","t1,s8,a0",
80000444,ori,a7:000003f9,,3f92e893,,"ori	x17,x5,1017","a7,t0,1017",
80000448,addi,s1:10000450,,474d0493,,"addi	x9,x26,1140","s1,s10,1140",
80000450,sltiu,s4:00000000,,01fa3a13,,"sltiu	x20,x20,31","s4,s4,31",
80000454,auipc,s11:ad23e454,,2d23ed97,,"auipc	x27,0x2d23e","s11,0x2d23e",
80000458,add,s4:10000849,,01148a33,,"add	x20,x9,x17","s4,s1,a7",
8000045c,lui,a3:71d63000,,71d636b7,,"lui	x13,0x71d63","a3,0x71d63",
80000460,addi,a2:ff0002ef,,fd670613,,"addi	x12,x14,-42","a2,a4,-42",
80000464,add,s7:00000636,,01d30bb3,,"add	x23,x6,x29","s7,t1,t4",
80000468,sltu,t3:00000001,,015c3e33,,"sltu	x28,x24,x21","t3,s8,s5",
80000470,srl,s6:00000000,,01945b33,,"srl	x22,x8,x25","s6,s0,s9",
80000474,auipc,s6:5addf474,,daddfb17,,"auipc	x22,0xdaddf","s6,0xdaddf",
80000478,lui,t4:a9c14000,,a9c14eb7,,"lui	x29,0xa9c14","t4,0xa9c14",
8000047c,and,s9:00000000,,01cd7cb3,,"and	x25,x26,x28","s9,s10,t3",
80000480,srai,s9:00000000,,41c15c93,,"srai	x25,x2,0x1c","s9,sp,0x1c",
80000484,srl,a2:00000000,,0171d633,,"srl	x12,x3,x23","a2,gp,s7",
80000488,sra,sp:ffff8001,,41475133,,"sra	x2,x14,x20","sp,a4,s4",
8000048c,xor,s7:00000636,,01764bb3,,"xor	x23,x12,x23","s7,a2,s7",
80000490,xor,s7:00000001,,001fcbb3,,"xor	x23,x31,x1","s7,t6,ra",
80000494,ori,s5:fffffbdc,,bd036a93,,"ori	x21,x6,-1072","s5,t1,-1072",
80000498,slli,a6:00000800,,00b91813,,"slli	x16,x18,0xb","a6,s2,0xb",
8000049c,or,a5:10000849,,014a67b3,,"or	x15,x20,x20","a5,s4,s4",
800004a4,auipc,t4:f2ae64a4,,72ae6e97,,"auipc	x29,0x72ae6","t4,0x72ae6",
800004a8,sll,t6:00000001,,01f91fb3,,"sll	x31,x18,x31","t6,s2,t6",
800004ac,andi,s4:00000000,,a6cbfa13,,"andi	x20,x23,-1428","s4,s7,-1428",
800004b0,sltiu,tp:00000001,,fc44b213,,"sltiu	x4,x9,-60","tp,s1,-60",
800004b4,sub,t3:00fffce8,,40e90e33,,"sub	x28,x18,x14","t3,s2,a4",
800004b8,lui,s1:01e33000,,01e334b7,,"lui	x9,0x1e33","s1,0x1e33",
800004bc,sltu,a5:00000000,,0135b7b3,,"sltu	x15,x11,x19","a5,a1,s3",
800004c0,sltu,s9:00000000,,00c33cb3,,"sltu	x25,x6,x12","s9,t1,a2",
800004c4,sub,s7:51dc1ec5,,41b70bb3,,"sub	x23,x14,x27","s7,a4,s11",
800004c8,sub,s11:71d63000,,40568db3,,"sub	x27,x13,x5","s11,a3,t0",
800004cc,xori,s9:000007b6,,c6aacc93,,"xori	x25,x21,-918","s9,s5,-918",
800004d0,srli,s6:00000003,,01d6db13,,"srli	x22,x13,0x1d","s6,a3,0x1d",
800004d4,slt,t4:00000000,,00192eb3,,"slt	x29,x18,x1","t4,s2,ra",
800004d8,slti,s11:00000001,,0a4a2d93,,"slti	x27,x20,164","s11,s4,164",
800004e0,lui,s4:69559000,,69559a37,,"lui	x20,0x69559","s4,0x69559",
800004e8,and,s8:00000000,,0009fc33,,"and	x24,x19,x0","s8,s3,zero",
800004ec,addi,a1:ffffff37,,f3620593,,"addi	x11,x4,-202","a1,tp,-202",
800004f0,ori,t1:fffff83d,,83d86313,,"ori	x6,x16,-1987","t1,a6,-1987",
800004f4,srai,s1:00000000,,41805493,,"srai	x9,x0,0x18","s1,zero,0x18",
800004f8,slt,s11:00000000,,01fe2db3,,"slt	x27,x28,x31","s11,t3,t6",
800004fc,sltu,t4:00000001,,019dbeb3,,"sltu	x29,x27,x25","t4,s11,s9",
80000500,slli,s11:7a000000,,01931d93,,"slli	x27,x6,0x19","s11,t1,0x19",
80000504,slt,s11:00000000,,017badb3,,"slt	x27,x23,x23","s11,s7,s7",
80000508,srli,gp:000007ff,,01535193,,"srli	x3,x6,0x15","gp,t1,0x15",
8000050c,andi,s1:00000002,,c26b7493,,"andi	x9,x22,-986","s1,s6,-986",
80000510,slt,s10:00000001,,01f5ad33,,"slt	x26,x11,x31","s10,a1,t6",
80000514,slt,t6:00000000,,0002afb3,,"slt	x31,x5,x0","t6,t0,zero",
8000051c,or,a4:00000000,,005de733,,"or	x14,x27,x5","a4,s11,t0",
80000520,sltiu,gp:00000001,,3c9db193,,"sltiu	x3,x27,969","gp,s11,969",
80000524,lui,t2:fda58000,,fda583b7,,"lui	x7,0xfda58","t2,0xfda58",
80000528,and,s7:00000000,,01447bb3,,"and	x23,x8,x20","s7,s0,s4",
8000052c,sltu,t2:00000001,,010eb3b3,,"sltu	x7,x29,x16","t2,t4,a6",
80000530,xori,t1:00fffa18,,6f0e4313,,"xori	x6,x28,1776","t1,t3,1776",
80000534,lui,s1:c1464000,,c14644b7,,"lui	x9,0xc1464","s1,0xc1464",
80000538,addi,a2:80015393,,52f50613,,"addi	x12,x10,1327","a2,a0,1327",
8000053c,sll,s4:00000000,,014c1a33,,"sll	x20,x24,x20","s4,s8,s4",
80000540,srli,s10:0000007f,,019add13,,"srli	x26,x21,0x19","s10,s5,0x19",
80000544,slt,a1:00000001,,010425b3,,"slt	x11,x8,x16","a1,s0,a6",
80000548,lui,s6:547bc000,,547bcb37,,"lui	x22,0x547bc","s6,0x547bc",
8000054c,slti,ra:00000000,,9f242093,,"slti	x1,x8,-1550","ra,s0,-1550",
80000550,andi,a5:00000006,,1369f793,,"andi	x15,x19,310","a5,s3,310",
80000554,sra,t4:00000000,,407edeb3,,"sra	x29,x29,x7","t4,t4,t2",
80000558,auipc,a4:ac5e6558,,2c5e6717,,"auipc	x14,0x2c5e6","a4,0x2c5e6",
8000055c,srai,t6:00000001,,40acdf93,,"srai	x31,x25,0xa","t6,s9,0xa",
80000560,sltu,s1:00000000,,00d734b3,,"sltu	x9,x14,x13","s1,a4,a3",
80000564,sltu,a4:00000001,,0154b733,,"sltu	x14,x9,x21","a4,s1,s5",
80000568,lui,a5:64d58000,,64d587b7,,"lui	x15,0x64d58","a5,0x64d58",
8000056c,auipc,s11:d5fc856c,,55fc8d97,,"auipc	x27,0x55fc8","s11,0x55fc8",
80000570,sra,ra:00fffce8,,400e50b3,,"sra	x1,x28,x0","ra,t3,zero",
80000574,addi,s0:64d57953,,95378413,,"addi	x8,x15,-1709","s0,a5,-1709",
80000578,sra,s9:000001ff,,41335cb3,,"sra	x25,x6,x19","s9,t1,s3",
8000057c,sll,s7:d0000000,,01109bb3,,"sll	x23,x1,x17","s7,ra,a7",
80000580,auipc,s0:debd7580,,5ebd7417,,"auipc	x8,0x5ebd7","s0,0x5ebd7",
80000584,sll,s4:00000002,,00291a33,,"sll	x20,x18,x2","s4,s2,sp",
80000588,srl,t1:00000000,,015ed333,,"srl	x6,x29,x21","t1,t4,s5",
8000058c,sll,s6:00000001,,008f9b33,,"sll	x22,x31,x8","s6,t6,s0",
80000590,lui,s6:63517000,,63517b37,,"lui	x22,0x63517","s6,0x63517",
80000598,slti,a7:00000000,,90502893,,"slti	x17,x0,-1787","a7,zero,-1787",
800005a0,or,s11:80018ce5,,01ff6db3,,"or	x27,x30,x31","s11,t5,t6",
800005a4,srli,ra:0fffffbd,,004ad093,,"srli	x1,x21,0x4","ra,s5,0x4",
800005a8,and,s10:00000001,,00b0fd33,,"and	x26,x1,x11","s10,ra,a1",
800005ac,add,s4:80018ce5,,01be8a33,,"add	x20,x29,x27","s4,t4,s11",
800005b0,and,s6:00000005,,013a7b33,,"and	x22,x20,x19","s6,s4,s3",
800005b4,or,t6:00000000,,011c6fb3,,"or	x31,x24,x17","t6,s8,a7",
800005bc,lui,ra:227a9000,,227a90b7,,"lui	x1,0x227a9","ra,0x227a9",
800005c0,slt,s2:00000000,,018c2933,,"slt	x18,x24,x24","s2,s8,s8",
800005c8,lui,s6:63639000,,63639b37,,"lui	x22,0x63639","s6,0x63639",
800005cc,sll,t2:00000000,,008e93b3,,"sll	x7,x29,x8","t2,t4,s0",
800005d0,sltiu,t6:00000000,,2007bf93,,"sltiu	x31,x15,512","t6,a5,512",
800005d4,or,a5:debd7580,,0088e7b3,,"or	x15,x17,x8","a5,a7,s0",
800005d8,srl,s5:debd7580,,00145ab3,,"srl	x21,x8,x1","s5,s0,ra",
800005dc,and,t1:00000008,,01c9f333,,"and	x6,x19,x28","t1,s3,t3",
800005e0,sltiu,s4:00000001,,e56fba13,,"sltiu	x20,x31,-426","s4,t6,-426",
800005e4,or,s8:d00001ff,,019bec33,,"or	x24,x23,x25","s8,s7,s9",
800005e8,ori,sp:0000071f,,71f36113,,"ori	x2,x6,1823","sp,t1,1823",
800005ec,sra,a1:000000ff,,40ecd5b3,,"sra	x11,x25,x14","a1,s9,a4",
800005f0,sltiu,t6:00000001,,5af9bf93,,"sltiu	x31,x19,1455","t6,s3,1455",
800005f4,srai,a3:ffdebd75,,4087d693,,"srai	x13,x15,0x8","a3,a5,0x8",
800005f8,sll,a4:00000000,,01789733,,"sll	x14,x17,x23","a4,a7,s7",
80000600,or,a6:0000071f,,00416833,,"or	x16,x2,x4","a6,sp,tp",
80000604,and,s0:d0000175,,00dc7433,,"and	x8,x24,x13","s0,s8,a3",
80000608,sub,t3:fffff8e9,,41030e33,,"sub	x28,x6,x16","t3,t1,a6",
8000060c,srl,s4:00000001,,01dfda33,,"srl	x20,x31,x29","s4,t6,t4",
80000610,addi,s9:0000049d,,49d90c93,,"addi	x25,x18,1181","s9,s2,1181",
80000614,sub,s5:00000000,,40e38ab3,,"sub	x21,x7,x14","s5,t2,a4",
80000618,slti,t2:00000001,,60422393,,"slti	x7,x4,1540","t2,tp,1540",
8000061c,addi,s0:0000077f,,77e18413,,"addi	x8,x3,1918","s0,gp,1918",
80000620,srai,s2:ffffffff,,40de5913,,"srai	x18,x28,0xd","s2,t3,0xd",
80000624,sll,gp:00000000,,018491b3,,"sll	x3,x9,x24","gp,s1,s8",
80000628,sra,a2:00000000,,40dad633,,"sra	x12,x21,x13","a2,s5,a3",
8000062c,slli,sp:00000000,,01ce9113,,"slli	x2,x29,0x1c","sp,t4,0x1c",
80000630,srl,a3:00000001,,009fd6b3,,"srl	x13,x31,x9","a3,t6,s1",
80000638,addi,t4:00000359,,358f8e93,,"addi	x29,x31,856","t4,t6,856",
8000063c,slli,a5:00000000,,00aa9793,,"slli	x15,x21,0xa","a5,s5,0xa",
80000640,or,a6:0000077f,,008a6833,,"or	x16,x20,x8","a6,s4,s0",
80000644,sra,s11:00000000,,404a5db3,,"sra	x27,x20,x4","s11,s4,tp",
80000648,sra,a4:ffffffff,,40f95733,,"sra	x14,x18,x15","a4,s2,a5",
8000064c,sltiu,tp:00000001,,3823b213,,"sltiu	x4,x7,898","tp,t2,898",
80000650,addi,a3:ffffffd7,,b3ac8693,,"addi	x13,x25,-1222","a3,s9,-1222",
80000654,sra,t0:00000000,,402152b3,,"sra	x5,x2,x2","t0,sp,sp",
80000658,addi,s5:0000006e,,06e78a93,,"addi	x21,x15,110","s5,a5,110",
8000065c,sltu,s7:00000001,,01cd3bb3,,"sltu	x23,x26,x28","s7,s10,t3",
80000660,sub,a1:00000718,,41cd05b3,,"sub	x11,x26,x28","a1,s10,t3",
80000664,ori,a1:fffffbd3,,bd30e593,,"ori	x11,x1,-1069","a1,ra,-1069",
80000668,xori,tp:0000038c,,38434213,,"xori	x4,x6,900","tp,t1,900",
8000066c,sltiu,a6:00000001,,6573b813,,"sltiu	x16,x7,1623","a6,t2,1623",
80000670,sub,a6:ffffffff,,41728833,,"sub	x16,x5,x23","a6,t0,s7",
80000674,srli,t6:00000000,,01125f93,,"srli	x31,x4,0x11","t6,tp,0x11",
80000678,slli,tp:f7a60000,,01159213,,"slli	x4,x11,0x11","tp,a1,0x11",
8000067c,addi,a7:fffff85e,,85630893,,"addi	x17,x6,-1962","a7,t1,-1962",
80000680,sub,a2:000007aa,,41130633,,"sub	x12,x6,x17","a2,t1,a7",
80000684,xori,t2:2ffffdaf,,c50c4393,,"xori	x7,x24,-944","t2,s8,-944",
80000688,xor,s8:00000008,,006fcc33,,"xor	x24,x31,x6","s8,t6,t1",
8000068c,sltiu,t0:00000001,,9ef03293,,"sltiu	x5,x0,-1553","t0,zero,-1553",
80000690,add,s2:000007a9,,00c80933,,"add	x18,x16,x12","s2,a6,a2",
80000694,sub,s7:fffff8e9,,402e0bb3,,"sub	x23,x28,x2","s7,t3,sp",
80000698,xori,s7:fffffd1e,,d1fa4b93,,"xori	x23,x20,-737","s7,s4,-737",
8000069c,srli,s0:00000000,,01b05413,,"srli	x8,x0,0x1b","s0,zero,0x1b",
800006a0,sltiu,a3:00000001,,bd7a3693,,"sltiu	x13,x20,-1065","a3,s4,-1065",
800006a4,slti,t2:00000001,,75e4a393,,"slti	x7,x9,1886","t2,s1,1886",
800006a8,srl,s4:00000000,,008fda33,,"srl	x20,x31,x8","s4,t6,s0",
800006ac,srli,s5:01fffff1,,007e5a93,,"srli	x21,x28,0x7","s5,t3,0x7",
800006b0,sltiu,a4:00000001,,94fb3713,,"sltiu	x14,x22,-1713","a4,s6,-1713",
800006b8,slli,tp:00000000,,00701213,,"slli	x4,x0,0x7","tp,zero,0x7",
800006c0,srl,t1:01fffff1,,01bad333,,"srl	x6,x21,x27","t1,s5,s11",
800006c4,srl,s11:00000000,,00cdddb3,,"srl	x27,x27,x12","s11,s11,a2",
800006c8,sub,s9:00000000,,40f00cb3,,"sub	x25,x0,x15","s9,zero,a5",
800006cc,auipc,t6:14b156cc,,94b15f97,,"auipc	x31,0x94b15","t6,0x94b15",
800006d4,sra,s5:00000000,,41f65ab3,,"sra	x21,x12,x31","s5,a2,t6",
800006d8,ori,t0:fffffeee,,8ee56293,,"ori	x5,x10,-1810","t0,a0,-1810",
800006dc,srl,t6:00000000,,008a5fb3,,"srl	x31,x20,x8","t6,s4,s0",
800006e0,srai,a2:00000000,,41ba5613,,"srai	x12,x20,0x1b","a2,s4,0x1b",
800006e4,sltiu,s10:00000000,,4c2f3d13,,"sltiu	x26,x30,1218","s10,t5,1218",
800006e8,sra,a5:00000000,,41a657b3,,"sra	x15,x12,x26","a5,a2,s10",
800006ec,sub,t1:00000000,,41af8333,,"sub	x6,x31,x26","t1,t6,s10",
800006f0,sltiu,a2:00000001,,8d1cb613,,"sltiu	x12,x25,-1839","a2,s9,-1839",
800006f4,slti,s11:00000000,,de62ad93,,"slti	x27,x5,-538","s11,t0,-538",
800006f8,slt,a4:00000000,,00ec2733,,"slt	x14,x24,x14","a4,s8,a4",
800006fc,srl,s9:fffffeee,,0192dcb3,,"srl	x25,x5,x25","s9,t0,s9",
80000700,andi,s5:00000000,,4364fa93,,"andi	x21,x9,1078","s5,s1,1078",
80000704,add,ra:00000000,,00f000b3,,"add	x1,x0,x15","ra,zero,a5",
80000708,add,s4:00000000,,015d8a33,,"add	x20,x27,x21","s4,s11,s5",
8000070c,srai,s10:00000000,,41aa5d13,,"srai	x26,x20,0x1a","s10,s4,0x1a",
80000710,addi,a6:fffffc62,,c6248813,,"addi	x16,x9,-926","a6,s1,-926",
80000714,srl,a7:0fffffee,,00acd8b3,,"srl	x17,x25,x10","a7,s9,a0",
80000718,add,s6:fffff8f1,,01758b33,,"add	x22,x11,x23","s6,a1,s7",
8000071c,srl,t4:00000000,,00ed5eb3,,"srl	x29,x26,x14","t4,s10,a4",
80000720,slt,s4:00000001,,004e2a33,,"slt	x20,x28,x4","s4,t3,tp",
80000724,and,s11:00000000,,004bfdb3,,"and	x27,x23,x4","s11,s7,tp",
80000728,slli,s5:dc000000,,019c9a93,,"slli	x21,x25,0x19","s5,s9,0x19",
8000072c,ori,s6:000006ff,,6f7c6b13,,"ori	x22,x24,1783","s6,s8,1783",
80000730,sltu,a2:00000000,,0011b633,,"sltu	x12,x3,x1","a2,gp,ra",
80000734,and,t1:00000000,,00707333,,"and	x6,x0,x7","t1,zero,t2",
80000738,sltu,s5:00000001,,0141bab3,,"sltu	x21,x3,x20","s5,gp,s4",
8000073c,sub,a7:00000000,,40c708b3,,"sub	x17,x14,x12","a7,a4,a2",
80000740,sub,t1:00000bd6,,40b90333,,"sub	x6,x18,x11","t1,s2,a1",
80000744,add,t2:00000001,,009383b3,,"add	x7,x7,x9","t2,t2,s1",
80000748,add,s5:80014e64,,01a50ab3,,"add	x21,x10,x26","s5,a0,s10",
8000074c,sltu,s5:00000001,,00a8bab3,,"sltu	x21,x17,x10","s5,a7,a0",
80000750,slt,a1:00000001,,013ba5b3,,"slt	x11,x23,x19","a1,s7,s3",
8000075c,sub,s4:00000001,,40fa8a33,,"sub	x20,x21,x15","s4,s5,a5",
80000760,sltu,t0:00000001,,0105b2b3,,"sltu	x5,x11,x16","t0,a1,a6",
80000764,sub,s6:ffffffff,,40bd8b33,,"sub	x22,x27,x11","s6,s11,a1",
80000768,add,sp:00000002,,01538133,,"add	x2,x7,x21","sp,t2,s5",
8000076c,lui,t0:9df66000,,9df662b7,,"lui	x5,0x9df66","t0,0x9df66",
80000770,srai,t4:00000000,,41cfde93,,"srai	x29,x31,0x1c","t4,t6,0x1c",
80000774,sltu,s11:00000000,,0007bdb3,,"sltu	x27,x15,x0","s11,a5,zero",
8000077c,sltu,a2:00000001,,01eeb633,,"sltu	x12,x29,x30","a2,t4,t5",
80000780,sub,s2:7ffe732b,,41e98933,,"sub	x18,x19,x30","s2,s3,t5",
80000784,srli,s6:00000000,,01b6db13,,"srli	x22,x13,0x1b","s6,a3,0x1b",
80000788,or,s2:0000000f,,01366933,,"or	x18,x12,x19","s2,a2,s3",
8000078c,srl,s9:80014e64,,00855cb3,,"srl	x25,x10,x8","s9,a0,s0",
80000790,sltiu,t2:00000001,,8c6fb393,,"sltiu	x7,x31,-1850","t2,t6,-1850",
80000794,sltu,ra:00000000,,016fb0b3,,"sltu	x1,x31,x22","ra,t6,s6",
80000798,add,a7:fffffc62,,010d88b3,,"add	x17,x27,x16","a7,s11,a6",
800007a0,xor,t1:80014e64,,01904333,,"xor	x6,x0,x25","t1,zero,s9",
800007a4,or,a7:80018ce4,,00ef68b3,,"or	x17,x30,x14","a7,t5,a4",
800007a8,srl,t4:00000001,,000a5eb3,,"srl	x29,x20,x0","t4,s4,zero",
800007ac,sub,a1:fffffd1e,,404b85b3,,"sub	x11,x23,x4","a1,s7,tp",
800007b0,ori,s4:000002db,,2db6ea13,,"ori	x20,x13,731","s4,a3,731",
800007b4,add,a3:80014e64,,016306b3,,"add	x13,x6,x22","a3,t1,s6",
800007b8,addi,t6:80018569,,885f0f93,,"addi	x31,x30,-1915","t6,t5,-1915",
800007bc,andi,t6:00000510,,7d0bff93,,"andi	x31,x23,2000","t6,s7,2000",
800007c0,and,s7:00000000,,0044fbb3,,"and	x23,x9,x4","s7,s1,tp",
800007c4,sra,a4:00000510,,403fd733,,"sra	x14,x31,x3","a4,t6,gp",
800007c8,sub,a6:80018ce4,,40388833,,"sub	x16,x17,x3","a6,a7,gp",
800007d0,srli,gp:00000000,,01145193,,"srli	x3,x8,0x11","gp,s0,0x11",
800007d4,slt,sp:00000001,,0120a133,,"slt	x2,x1,x18","sp,ra,s2",
800007d8,andi,s10:00000001,,8ef67d13,,"andi	x26,x12,-1809","s10,a2,-1809",
800007dc,andi,t0:00000400,,51287293,,"andi	x5,x16,1298","t0,a6,1298",
800007e0,or,a4:00000400,,0002e733,,"or	x14,x5,x0","a4,t0,zero",
800007e4,xor,t3:80018ce4,,01ebce33,,"xor	x28,x23,x30","t3,s7,t5",
800007e8,srli,tp:00000000,,01505213,,"srli	x4,x0,0x15","tp,zero,0x15",
800007ec,addi,a2:fffff8dd,,8dca8613,,"addi	x12,x21,-1828","a2,s5,-1828",
800007f0,ori,t1:fffffdff,,95ff6313,,"ori	x6,x30,-1697","t1,t5,-1697",
800007f4,auipc,a7:f09c97f4,,709c9897,,"auipc	x17,0x709c9","a7,0x709c9",
800007f8,auipc,t3:476267f8,,c7626e17,,"auipc	x28,0xc7626","t3,0xc7626",
800007fc,sra,t1:00000000,,404dd333,,"sra	x6,x27,x4","t1,s11,tp",
80000800,addi,a3:80015101,,29dc8693,,"addi	x13,x25,669","a3,s9,669",
80000808,and,s10:800084e4,,0108fd33,,"and	x26,x17,x16","s10,a7,a6",
8000080c,srli,a4:00000000,,0004d713,,"srli	x14,x9,0x0","a4,s1,0x0",
80000810,sll,s2:00000000,,00b09933,,"sll	x18,x1,x11","s2,ra,a1",
80000814,sltiu,a6:00000001,,fa9cb813,,"sltiu	x16,x25,-87","a6,s9,-87",
80000818,ori,a7:0000024b,,243c6893,,"ori	x17,x24,579","a7,s8,579",
8000081c,and,s0:00000000,,00c27433,,"and	x8,x4,x12","s0,tp,a2",
80000820,srli,t0:00000000,,01295293,,"srli	x5,x18,0x12","t0,s2,0x12",
80000824,sltu,ra:00000000,,0060b0b3,,"sltu	x1,x1,x6","ra,ra,t1",
80000828,xori,s4:fffffeaa,,eabaca13,,"xori	x20,x21,-341","s4,s5,-341",
8000082c,srli,s9:00000009,,0068dc93,,"srli	x25,x17,0x6","s9,a7,0x6",
80000830,slt,sp:00000001,,01f4a133,,"slt	x2,x9,x31","sp,s1,t6",
80000834,add,s1:80014e64,,00ab84b3,,"add	x9,x23,x10","s1,s7,a0",
80000838,andi,t4:00000001,,fdd3fe93,,"andi	x29,x7,-35","t4,t2,-35",
8000083c,srai,tp:00000000,,41cbd213,,"srai	x4,x23,0x1c","tp,s7,0x1c",
80000840,lui,s9:b816c000,,b816ccb7,,"lui	x25,0xb816c","s9,0xb816c",
80000844,slli,t6:99000000,,01651f93,,"slli	x31,x10,0x16","t6,a0,0x16",
80000848,and,s0:00000000,,004b7433,,"and	x8,x22,x4","s0,s6,tp",
8000084c,and,s9:00000000,,001a7cb3,,"and	x25,x20,x1","s9,s4,ra",
80000854,or,s4:476267f8,,001e6a33,,"or	x20,x28,x1","s4,t3,ra",
80000858,srli,s2:00000000,,01985913,,"srli	x18,x16,0x19","s2,a6,0x19",
8000085c,addi,a4:80014dd5,,cd468713,,"addi	x14,x13,-812","a4,a3,-812",
80000860,srli,a2:00000000,,00905613,,"srli	x12,x0,0x9","a2,zero,0x9",
80000864,slt,a5:00000000,,015e27b3,,"slt	x15,x28,x21","a5,t3,s5",
80000868,xori,gp:fffffd38,,f738c193,,"xori	x3,x17,-141","gp,a7,-141",
80000870,ori,a5:fffffb67,,b67b6793,,"ori	x15,x22,-1177","a5,s6,-1177",
80000874,add,a5:47626807,,014987b3,,"add	x15,x19,x20","a5,s3,s4",
80000878,srl,a2:40004272,,007d5633,,"srl	x12,x26,x7","a2,s10,t2",
8000087c,andi,tp:00000000,,72007213,,"andi	x4,x0,1824","tp,zero,1824",
80000880,sll,s11:00000000,,003d9db3,,"sll	x27,x27,x3","s11,s11,gp",
80000884,srai,s4:00000000,,40635a13,,"srai	x20,x6,0x6","s4,t1,0x6",
80000888,ori,gp:476267f9,,4c1e6193,,"ori	x3,x28,1217","gp,t3,1217",
8000088c,sltiu,s4:00000000,,58163a13,,"sltiu	x20,x12,1409","s4,a2,1409",
80000890,lui,ra:512ae000,,512ae0b7,,"lui	x1,0x512ae","ra,0x512ae",
80000894,slli,sp:ec4cff00,,005e1113,,"slli	x2,x28,0x5","sp,t3,0x5",
80000898,sll,a1:00000000,,019015b3,,"sll	x11,x0,x25","a1,zero,s9",
8000089c,slti,s1:00000001,,225ca493,,"slti	x9,x25,549","s1,s9,549",
800008a0,srl,s6:00476267,,0181db33,,"srl	x22,x3,x24","s6,gp,s8",
800008a4,andi,t0:99000000,,ea5ff293,,"andi	x5,x31,-347","t0,t6,-347",
800008a8,sltiu,a5:00000000,,19d63793,,"sltiu	x15,x12,413","a5,a2,413",
800008ac,auipc,s4:670068ac,,e7006a17,,"auipc	x20,0xe7006","s4,0xe7006",
800008b0,slti,s2:00000001,,1cfda913,,"slti	x18,x27,463","s2,s11,463",
800008b4,ori,s8:80014fd7,,38276c13,,"ori	x24,x14,898","s8,a4,898",
800008b8,slti,t1:00000001,,634da313,,"slti	x6,x27,1588","t1,s11,1588",
800008bc,addi,a7:00000580,,580c8893,,"addi	x17,x25,1408","a7,s9,1408",
800008c0,lui,a2:c41d8000,,c41d8637,,"lui	x12,0xc41d8","a2,0xc41d8",
800008c4,srl,t3:00000000,,015ede33,,"srl	x28,x29,x21","t3,t4,s5",
800008c8,auipc,a6:34f748c8,,b4f74817,,"auipc	x16,0xb4f74","a6,0xb4f74",
800008cc,slt,s5:00000000,,00a1aab3,,"slt	x21,x3,x10","s5,gp,a0",
800008d0,and,ra:00000000,,00d5f0b3,,"and	x1,x11,x13","ra,a1,a3",
800008d8,addi,s9:c41d8680,,68060c93,,"addi	x25,x12,1664","s9,a2,1664",
800008dc,or,s1:b4f74eec,,00a864b3,,"or	x9,x16,x10","s1,a6,a0",
800008e0,srli,t6:00000000,,00005f93,,"srli	x31,x0,0x0","t6,zero,0x0",
800008e4,sltiu,s5:00000001,,45aeba93,,"sltiu	x21,x29,1114","s5,t4,1114",
800008e8,slt,a5:00000000,,00df27b3,,"slt	x15,x30,x13","a5,t5,a3",
800008ec,sltiu,t2:00000001,,f9963393,,"sltiu	x7,x12,-103","t2,a2,-103",
800008f0,xori,a1:0000069b,,69b04593,,"xori	x11,x0,1691","a1,zero,1691",
800008f4,ori,s1:000007bc,,7bc7e493,,"ori	x9,x15,1980","s1,a5,1980",
800008f8,sra,s6:00000000,,413adb33,,"sra	x22,x21,x19","s6,s5,s3",
800008fc,xor,gp:00000000,,012ec1b3,,"xor	x3,x29,x18","gp,t4,s2",
80000904,slti,a7:00000001,,1d852893,,"slti	x17,x10,472","a7,a0,472",
80000908,srli,t0:00000000,,00605293,,"srli	x5,x0,0x6","t0,zero,0x6",
8000090c,xor,s2:000007bd,,009ec933,,"xor	x18,x29,x9","s2,t4,s1",
80000910,andi,t1:00000444,,44c77313,,"andi	x6,x14,1100","t1,a4,1100",
80000914,srai,s5:fffffff1,,41acda93,,"srai	x21,x25,0x1a","s5,s9,0x1a",
80000918,srl,s0:00000000,,0124d433,,"srl	x8,x9,x18","s0,s1,s2",
8000091c,add,s0:800084e4,,01ab0433,,"add	x8,x22,x26","s0,s6,s10",
80000920,srli,t2:00000000,,00fe5393,,"srli	x7,x28,0xf","t2,t3,0xf",
80000924,srai,a3:00000000,,4058d693,,"srai	x13,x17,0x5","a3,a7,0x5",
80000928,sltiu,tp:00000001,,fb92b213,,"sltiu	x4,x5,-71","tp,t0,-71",
8000092c,xor,tp:00000000,,0056c233,,"xor	x4,x13,x5","tp,a3,t0",
80000930,srai,gp:ffffe000,,412c5193,,"srai	x3,x24,0x12","gp,s8,0x12",
80000934,or,s1:00000000,,005e64b3,,"or	x9,x28,x5","s1,t3,t0",
80000938,slli,s6:63390000,,00ef1b13,,"slli	x22,x30,0xe","s6,t5,0xe",
8000093c,andi,t4:00000000,,be5e7e93,,"andi	x29,x28,-1051","t4,t3,-1051",
80000940,sra,s0:ffffe000,,4051d433,,"sra	x8,x3,x5","s0,gp,t0",
80000944,sll,sp:00000000,,01701133,,"sll	x2,x0,x23","sp,zero,s7",
80000948,addi,sp:8001850e,,82af0113,,"addi	x2,x30,-2006","sp,t5,-2006",
8000094c,sltu,s0:00000001,,008fb433,,"sltu	x8,x31,x8","s0,t6,s0",
80000950,auipc,s1:e8e44950,,68e44497,,"auipc	x9,0x68e44","s1,0x68e44",
80000958,slt,ra:00000001,,016f20b3,,"slt	x1,x30,x22","ra,t5,s6",
8000095c,slli,t4:00000000,,00721e93,,"slli	x29,x4,0x7","t4,tp,0x7",
80000960,andi,t1:00000000,,a1cff313,,"andi	x6,x31,-1508","t1,t6,-1508",
80000964,add,a4:00000000,,00fb8733,,"add	x14,x23,x15","a4,s7,a5",
80000968,xori,ra:3be27fad,,92dcc093,,"xori	x1,x25,-1747","ra,s9,-1747",
8000096c,sltu,s4:00000000,,01ef3a33,,"sltu	x20,x30,x30","s4,t5,t5",
80000970,slli,a4:03c00000,,01699713,,"slli	x14,x19,0x16","a4,s3,0x16",
80000974,xori,a4:ffffe6ca,,6ca1c713,,"xori	x14,x3,1738","a4,gp,1738",
8000097c,sltiu,tp:00000001,,2627b213,,"sltiu	x4,x15,610","tp,a5,610",
80000980,lui,gp:02359000,,023591b7,,"lui	x3,0x2359","gp,0x2359",
80000984,slt,t0:00000000,,00e822b3,,"slt	x5,x16,x14","t0,a6,a4",
80000988,srli,s1:00003107,,01265493,,"srli	x9,x12,0x12","s1,a2,0x12",
8000098c,sltu,t3:00000001,,01eebe33,,"sltu	x28,x29,x30","t3,t4,t5",
80000994,lui,ra:36bc0000,,36bc00b7,,"lui	x1,0x36bc0","ra,0x36bc0",
80000998,sra,s11:ffffe6ca,,40175db3,,"sra	x27,x14,x1","s11,a4,ra",
8000099c,auipc,a4:cf28f99c,,4f28f717,,"auipc	x14,0x4f28f","a4,0x4f28f",
800009a0,sub,s8:cf28f99b,,41c70c33,,"sub	x24,x14,x28","s8,a4,t3",
800009a4,or,t4:c41d8ce4,,01e66eb3,,"or	x29,x12,x30","t4,a2,t5",
800009a8,sll,a5:000000f0,,01e997b3,,"sll	x15,x19,x30","a5,s3,t5",
800009ac,srai,t1:00000003,,41c85313,,"srai	x6,x16,0x1c","t1,a6,0x1c",
800009b0,sltu,a1:00000000,,005f35b3,,"sltu	x11,x30,x5","a1,t5,t0",
800009b4,sub,gp:cf28f99c,,414701b3,,"sub	x3,x14,x20","gp,a4,s4",
800009b8,slli,t4:ffffe200,,009a9e93,,"slli	x29,x21,0x9","t4,s5,0x9",
800009bc,addi,s4:fffffc7e,,c7d40a13,,"addi	x20,x8,-899","s4,s0,-899",
800009c4,slt,sp:00000000,,012b2133,,"slt	x2,x22,x18","sp,s6,s2",
800009c8,srai,t4:ffffffff,,417ade93,,"srai	x29,x21,0x17","t4,s5,0x17",
800009cc,srli,s4:00000001,,00d4da13,,"srli	x20,x9,0xd","s4,s1,0xd",
800009d0,sll,a2:00010000,,00f21633,,"sll	x12,x4,x15","a2,tp,a5",
800009d4,and,t6:00000000,,00597fb3,,"and	x31,x18,x5","t6,s2,t0",
800009d8,xor,s5:00000000,,01714ab3,,"xor	x21,x2,x23","s5,sp,s7",
800009dc,xori,s0:8000839a,,77ed4413,,"xori	x8,x26,1918","s0,s10,1918",
800009e0,or,a2:ffffffff,,01d8e633,,"or	x12,x17,x29","a2,a7,t4",
800009e4,sub,s9:94100664,,40eb0cb3,,"sub	x25,x22,x14","s9,s6,a4",
800009e8,auipc,sp:961f19e8,,161f1117,,"auipc	x2,0x161f1","sp,0x161f1",
800009ec,slt,ra:00000001,,0135a0b3,,"slt	x1,x11,x19","ra,a1,s3",
800009f0,addi,a6:00000538,,53838813,,"addi	x16,x7,1336","a6,t2,1336",
800009f4,sub,s10:00000001,,41588d33,,"sub	x26,x17,x21","s10,a7,s5",
800009f8,slti,tp:00000000,,2e5b2213,,"slti	x4,x22,741","tp,s6,741",
80000a00,xori,t0:000004b1,,4b1fc293,,"xori	x5,x31,1201","t0,t6,1201",
80000a04,and,a2:00000000,,016ff633,,"and	x12,x31,x22","a2,t6,s6",
80000a08,xori,s10:000004d0,,36d94d13,,"xori	x26,x18,877","s10,s2,877",
80000a0c,ori,sp:0000064b,,64b66113,,"ori	x2,x12,1611","sp,a2,1611",
80000a10,xori,gp:00000318,,7c8d4193,,"xori	x3,x26,1992","gp,s10,1992",
80000a14,sub,a7:6befffe7,,419108b3,,"sub	x17,x2,x25","a7,sp,s9",
80000a18,slli,a6:00000002,,001a1813,,"slli	x16,x20,0x1","a6,s4,0x1",
80000a1c,auipc,a2:feedba1c,,7eedb617,,"auipc	x12,0x7eedb","a2,0x7eedb",
80000a20,sltu,a6:00000001,,01d03833,,"sltu	x16,x0,x29","a6,zero,t4",
80000a24,sra,a6:319c8000,,410b5833,,"sra	x16,x22,x16","a6,s6,a6",
80000a28,ori,s7:00000592,,592feb93,,"ori	x23,x31,1426","s7,t6,1426",
80000a30,slli,gp:25880000,,01329193,,"slli	x3,x5,0x13","gp,t0,0x13",
80000a34,andi,sp:80014c44,,dcf57113,,"andi	x2,x10,-561","sp,a0,-561",
80000a38,auipc,s9:e4a4ea38,,64a4ec97,,"auipc	x25,0x64a4e","s9,0x64a4e",
80000a3c,auipc,s8:8da11a3c,,0da11c17,,"auipc	x24,0xda11","s8,0xda11",
80000a40,xor,t6:000031f7,,0097cfb3,,"xor	x31,x15,x9","t6,a5,s1",
80000a44,andi,s8:00000444,,5f417c13,,"andi	x24,x2,1524","s8,sp,1524",
80000a48,and,t6:00000000,,00f27fb3,,"and	x31,x4,x15","t6,tp,a5",
80000a4c,sra,tp:ffffffe4,,419cd233,,"sra	x4,x25,x25","tp,s9,s9",
80000a50,sltu,a6:00000001,,0145b833,,"sltu	x16,x11,x20","a6,a1,s4",
80000a54,slt,ra:00000000,,01fb20b3,,"slt	x1,x22,x31","ra,s6,t6",
80000a58,sltu,t0:00000001,,00ee32b3,,"sltu	x5,x28,x14","t0,t3,a4",
80000a5c,or,s11:ffffffef,,01326db3,,"or	x27,x4,x19","s11,tp,s3",
80000a60,sltu,a3:00000001,,011d36b3,,"sltu	x13,x26,x17","a3,s10,a7",
80000a64,addi,gp:ffffffd2,,fee20193,,"addi	x3,x4,-18","gp,tp,-18",
80000a68,addi,s9:fffff86c,,89a18c93,,"addi	x25,x3,-1894","s9,gp,-1894",
80000a6c,auipc,t6:71e38a6c,,f1e38f97,,"auipc	x31,0xf1e38","t6,0xf1e38",
80000a70,ori,a2:0000030a,,30a5e613,,"ori	x12,x11,778","a2,a1,778",
80000a74,add,t2:00000010,,00d983b3,,"add	x7,x19,x13","t2,s3,a3",
80000a78,and,s9:ffffffff,,01defcb3,,"and	x25,x29,x29","s9,t4,t4",
80000a7c,slli,s10:fce00000,,01589d13,,"slli	x26,x17,0x15","s10,a7,0x15",
80000a84,addi,s10:6bf00753,,76c88d13,,"addi	x26,x17,1900","s10,a7,1900",
80000a88,or,t6:0000030b,,00ca6fb3,,"or	x31,x20,x12","t6,s4,a2",
80000a8c,slli,gp:ffffff80,,007c9193,,"slli	x3,x25,0x7","gp,s9,0x7",
80000a90,andi,a7:fffffa60,,a7127893,,"andi	x17,x4,-1423","a7,tp,-1423",
80000a94,srai,s2:00000000,,41bc5913,,"srai	x18,x24,0x1b","s2,s8,0x1b",
80000a98,lui,a7:5c71e000,,5c71e8b7,,"lui	x17,0x5c71e","a7,0x5c71e",
80000a9c,xor,s0:00000592,,0175c433,,"xor	x8,x11,x23","s0,a1,s7",
80000aa0,sltu,ra:00000001,,01fab0b3,,"sltu	x1,x21,x31","ra,s5,t6",
80000aa8,lui,t2:115e1000,,115e13b7,,"lui	x7,0x115e1","t2,0x115e1",
80000ab0,sll,s11:00000b24,,00d41db3,,"sll	x27,x8,x13","s11,s0,a3",
80000ab4,sltiu,sp:00000001,,8a883113,,"sltiu	x2,x16,-1880","sp,a6,-1880",
80000ab8,ori,s6:ffffffdf,,e8cd6b13,,"ori	x22,x26,-372","s6,s10,-372",
80000abc,andi,s5:00000560,,56127a93,,"andi	x21,x4,1377","s5,tp,1377",
80000ac0,sub,t3:30d70663,,40ee8e33,,"sub	x28,x29,x14","t3,t4,a4",
80000ac4,srli,s8:00000000,,0104dc13,,"srli	x24,x9,0x10","s8,s1,0x10",
80000ac8,or,sp:00000593,,00836133,,"or	x2,x6,x8","sp,t1,s0",
80000acc,sltiu,s0:00000001,,3175b413,,"sltiu	x8,x11,791","s0,a1,791",
80000ad4,ori,s5:0000071f,,41f66a93,,"ori	x21,x12,1055","s5,a2,1055",
80000ad8,addi,s0:00000585,,585c0413,,"addi	x8,x24,1413","s0,s8,1413",
80000adc,lui,t0:35945000,,359452b7,,"lui	x5,0x35945","t0,0x35945",
80000ae0,add,s11:000000cf,,01678db3,,"add	x27,x15,x22","s11,a5,s6",
80000ae8,and,t3:00000000,,0182fe33,,"and	x28,x5,x24","t3,t0,s8",
80000aec,xor,s2:35945000,,0055c933,,"xor	x18,x11,x5","s2,a1,t0",
80000af0,ori,a3:fffffe65,,e640e693,,"ori	x13,x1,-412","a3,ra,-412",
80000af4,slti,s7:00000001,,579f2b93,,"slti	x23,x30,1401","s7,t5,1401",
80000af8,auipc,tp:59aa3af8,,d9aa3217,,"auipc	x4,0xd9aa3","tp,0xd9aa3",
80000afc,srli,t1:00003fff,,0126d313,,"srli	x6,x13,0x12","t1,a3,0x12",
80000b00,srai,a6:000000ff,,40635813,,"srai	x16,x6,0x6","a6,t1,0x6",
80000b04,addi,s0:00000721,,002a8413,,"addi	x8,x21,2","s0,s5,2",
80000b08,and,ra:00003000,,0044f0b3,,"and	x1,x9,x4","ra,s1,tp",
80000b0c,sltu,s2:00000000,,00133933,,"sltu	x18,x6,x1","s2,t1,ra",
80000b10,ori,t0:fffffef8,,c9826293,,"ori	x5,x4,-872","t0,tp,-872",
80000b14,ori,a2:fffffbd1,,bd13e613,,"ori	x12,x7,-1071","a2,t2,-1071",
80000b18,add,sp:cf28f99c,,00ee0133,,"add	x2,x28,x14","sp,t3,a4",
80000b1c,srl,s5:00000000,,01d8dab3,,"srl	x21,x17,x29","s5,a7,t4",
80000b20,ori,s5:fffff9a9,,9a9c6a93,,"ori	x21,x24,-1623","s5,s8,-1623",
80000b24,sltu,s7:00000000,,00febbb3,,"sltu	x23,x29,x15","s7,t4,a5",
80000b28,slli,a1:00000000,,00b91593,,"slli	x11,x18,0xb","a1,s2,0xb",
80000b2c,srli,s1:00000000,,00e35493,,"srli	x9,x6,0xe","s1,t1,0xe",
80000b30,slt,t3:00000001,,0136ae33,,"slt	x28,x13,x19","t3,a3,s3",
80000b34,srli,t0:000166a8,,00e25293,,"srli	x5,x4,0xe","t0,tp,0xe",
80000b38,addi,s2:00003f48,,f4930913,,"addi	x18,x6,-183","s2,t1,-183",
80000b3c,add,sp:9e51f338,,00270133,,"add	x2,x14,x2","sp,a4,sp",
80000b40,sltiu,sp:00000001,,51a9b113,,"sltiu	x2,x19,1306","sp,s3,1306",
80000b44,sltu,t3:00000001,,0113be33,,"sltu	x28,x7,x17","t3,t2,a7",
80000b4c,sltiu,tp:00000000,,5d11b213,,"sltiu	x4,x3,1489","tp,gp,1489",
80000b54,sll,s4:00000721,,00341a33,,"sll	x20,x8,x3","s4,s0,gp",
80000b58,xor,a1:cf28c6d4,,00e945b3,,"xor	x11,x18,x14","a1,s2,a4",
80000b5c,or,t4:000000cf,,01bbeeb3,,"or	x29,x23,x27","t4,s7,s11",
80000b60,sub,s11:0000005f,,403b0db3,,"sub	x27,x22,x3","s11,s6,gp",
80000b64,sub,a1:00000022,,416105b3,,"sub	x11,x2,x22","a1,sp,s6",
80000b68,ori,ra:ffffffff,,91636093,,"ori	x1,x6,-1770","ra,t1,-1770",
80000b6c,sub,t0:7ffe731c,,41eb82b3,,"sub	x5,x23,x30","t0,s7,t5",
80000b70,sub,t4:000000ff,,40080eb3,,"sub	x29,x16,x0","t4,a6,zero",
80000b74,sub,t6:fffffad2,,41060fb3,,"sub	x31,x12,x16","t6,a2,a6",
80000b7c,lui,gp:6657c000,,6657c1b7,,"lui	x3,0x6657c","gp,0x6657c",
80000b80,lui,sp:02f2f000,,02f2f137,,"lui	x2,0x2f2f","sp,0x2f2f",
80000b84,sltu,s10:00000000,,0008bd33,,"sltu	x26,x17,x0","s10,a7,zero",
80000b88,sra,ra:fffffff8,,405f50b3,,"sra	x1,x30,x5","ra,t5,t0",
80000b90,auipc,s2:f7abcb90,,77abc917,,"auipc	x18,0x77abc","s2,0x77abc",
80000b94,srai,t1:0000003f,,40285313,,"srai	x6,x16,0x2","t1,a6,0x2",
80000b98,andi,s7:000000b0,,fbf7fb93,,"andi	x23,x15,-65","s7,a5,-65",
80000b9c,slli,ra:00001fe0,,005e9093,,"slli	x1,x29,0x5","ra,t4,0x5",
80000ba4,ori,s8:ffffff35,,e35a6c13,,"ori	x24,x20,-459","s8,s4,-459",
80000ba8,auipc,s4:81514ba8,,01514a17,,"auipc	x20,0x1514","s4,0x1514",
80000bac,xori,a5:7eaeb0cc,,b64a4793,,"xori	x15,x20,-1180","a5,s4,-1180",
80000bb0,xor,s8:6657c022,,0035cc33,,"xor	x24,x11,x3","s8,a1,gp",
80000bb4,add,s0:fffffe65,,00d48433,,"add	x8,x9,x13","s0,s1,a3",
80000bb8,sltu,t2:00000000,,01aeb3b3,,"sltu	x7,x29,x26","t2,t4,s10",
80000bbc,sll,t3:001fe000,,01409e33,,"sll	x28,x1,x20","t3,ra,s4",
80000bc4,sra,s5:ffffffff,,4156dab3,,"sra	x21,x13,x21","s5,a3,s5",
80000bc8,sra,a6:00000000,,40a25833,,"sra	x16,x4,x10","a6,tp,a0",
80000bcc,lui,t2:da641000,,da6413b7,,"lui	x7,0xda641","t2,0xda641",
80000bd0,slli,t0:00000000,,01c89293,,"slli	x5,x17,0x1c","t0,a7,0x1c",
80000bd4,srli,t0:00007fff,,0116d293,,"srli	x5,x13,0x11","t0,a3,0x11",
80000bd8,srai,ra:0b8e3c00,,4038d093,,"srai	x1,x17,0x3","ra,a7,0x3",
80000be0,slli,s8:00000000,,01639c13,,"slli	x24,x7,0x16","s8,t2,0x16",
80000be4,srl,s9:00000000,,0057dcb3,,"srl	x25,x15,x5","s9,a5,t0",
80000be8,xor,a5:00000000,,018cc7b3,,"xor	x15,x25,x24","a5,s9,s8",
80000bec,add,s10:8cdf87a8,,001a0d33,,"add	x26,x20,x1","s10,s4,ra",
80000bf0,slti,t6:00000000,,ed21af93,,"slti	x31,x3,-302","t6,gp,-302",
80000bf4,addi,s11:fffffaa7,,aa7c8d93,,"addi	x27,x25,-1369","s11,s9,-1369",
80000bfc,andi,t3:0b8e3c00,,c570fe13,,"andi	x28,x1,-937","t3,ra,-937",
80000c00,addi,sp:00000634,,61258113,,"addi	x2,x11,1554","sp,a1,1554",
80000c04,sub,s8:424971f4,,41a70c33,,"sub	x24,x14,x26","s8,a4,s10",
80000c08,auipc,a1:9ba1fc08,,1ba1f597,,"auipc	x11,0x1ba1f","a1,0x1ba1f",
80000c0c,sra,s4:ff80014e,,41455a33,,"sra	x20,x10,x20","s4,a0,s4",
80000c10,slt,tp:00000001,,00c92233,,"slt	x4,x18,x12","tp,s2,a2",
80000c14,srl,t6:0000003f,,01035fb3,,"srl	x31,x6,x16","t6,t1,a6",
80000c18,xor,a6:30d7033b,,00edc833,,"xor	x16,x27,x14","a6,s11,a4",
80000c1c,sll,a6:ff80014e,,007a1833,,"sll	x16,x20,x7","a6,s4,t2",
80000c20,sll,a3:00000001,,011216b3,,"sll	x13,x4,x17","a3,tp,a7",
80000c24,sltiu,t2:00000001,,8b853393,,"sltiu	x7,x10,-1864","t2,a0,-1864",
80000c28,xori,t2:fffffab1,,56eb4393,,"xori	x7,x22,1390","t2,s6,1390",
80000c2c,srai,s7:ffffffff,,4123db93,,"srai	x23,x7,0x12","s7,t2,0x12",
80000c30,sll,t0:000007e0,,008312b3,,"sll	x5,x6,x8","t0,t1,s0",
80000c38,xori,t6:9ba1fd68,,1605cf93,,"xori	x31,x11,352","t6,a1,352",
80000c3c,add,t0:0b8e36b1,,007082b3,,"add	x5,x1,x7","t0,ra,t2",
80000c40,add,t0:ff80014e,,009802b3,,"add	x5,x16,x9","t0,a6,s1",
80000c44,auipc,s8:3daf9c44,,bdaf9c17,,"auipc	x24,0xbdaf9","s8,0xbdaf9",
80000c48,and,t2:ff800140,,005673b3,,"and	x7,x12,x5","t2,a2,t0",
80000c50,srli,sp:0000ffff,,010b5113,,"srli	x2,x22,0x10","sp,s6,0x10",
80000c54,srai,sp:fffff000,,40ba5113,,"srai	x2,x20,0xb","sp,s4,0xb",
80000c58,auipc,t1:e6d47c58,,66d47317,,"auipc	x6,0x66d47","t1,0x66d47",
80000c5c,sltiu,a4:00000000,,63bfb713,,"sltiu	x14,x31,1595","a4,t6,1595",
80000c60,lui,a3:af8a6000,,af8a66b7,,"lui	x13,0xaf8a6","a3,0xaf8a6",
80000c64,xor,s1:2f8b2e64,,00d544b3,,"xor	x9,x10,x13","s1,a0,a3",
80000c68,or,ra:fffff14e,,014160b3,,"or	x1,x2,x20","ra,sp,s4",
80000c6c,xor,s5:fffffbd1,,00c04ab3,,"xor	x21,x0,x12","s5,zero,a2",
80000c70,auipc,a5:aa8cbc70,,2a8cb797,,"auipc	x15,0x2a8cb","a5,0x2a8cb",
80000c74,andi,ra:00000001,,ec527093,,"andi	x1,x4,-315","ra,tp,-315",
80000c78,slli,t2:eaf2e400,,00691393,,"slli	x7,x18,0x6","t2,s2,0x6",
80000c7c,sltiu,a3:00000001,,abb2b693,,"sltiu	x13,x5,-1349","a3,t0,-1349",
80000c80,slti,s2:00000000,,d0a22913,,"slti	x18,x4,-758","s2,tp,-758",
80000c84,sub,s1:0000043e,,40c984b3,,"sub	x9,x19,x12","s1,s3,a2",
80000c88,xori,tp:fffff658,,65814213,,"xori	x4,x2,1624","tp,sp,1624",
80000c8c,xor,s8:fffffaa7,,00edcc33,,"xor	x24,x27,x14","s8,s11,a4",
80000c90,sll,a2:72000000,,01339633,,"sll	x12,x7,x19","a2,t2,s3",
80000c94,srl,t0:0001ffff,,013452b3,,"srl	x5,x8,x19","t0,s0,s3",
80000c98,addi,t0:0000006b,,20640293,,"addi	x5,x8,518","t0,s0,518",
80000c9c,slli,s6:05380000,,012a1b13,,"slli	x22,x20,0x12","s6,s4,0x12",
80000ca0,slt,s11:00000000,,01b62db3,,"slt	x27,x12,x27","s11,a2,s11",
80000ca4,andi,sp:fffff000,,f1117113,,"andi	x2,x2,-239","sp,sp,-239",
80000ca8,and,t4:80014640,,00a27eb3,,"and	x29,x4,x10","t4,tp,a0",
80000cac,or,s9:9ba1fd68,,012fecb3,,"or	x25,x31,x18","s9,t6,s2",
80000cb0,slti,a4:00000001,,674aa713,,"slti	x14,x21,1652","a4,s5,1652",
80000cb4,addi,s1:000007fb,,7fb00493,,"addi	x9,x0,2043","s1,zero,2043",
80000cb8,srli,s10:00100029,,00b55d13,,"srli	x26,x10,0xb","s10,a0,0xb",
80000cbc,sltiu,s6:00000001,,b4e63b13,,"sltiu	x22,x12,-1202","s6,a2,-1202",
80000cc0,ori,t2:00000497,,4970e393,,"ori	x7,x1,1175","t2,ra,1175",
80000cc4,and,s6:80018ce4,,01ebfb33,,"and	x22,x23,x30","s6,s7,t5",
80000cc8,andi,a2:00000000,,7942f613,,"andi	x12,x5,1940","a2,t0,1940",
80000ccc,andi,s10:00000001,,3d70fd13,,"andi	x26,x1,983","s10,ra,983",
80000cd0,xori,s1:fffff9fb,,d6c3c493,,"xori	x9,x7,-660","s1,t2,-660",
80000cd8,sra,a3:fffffff9,,41f4d6b3,,"sra	x13,x9,x31","a3,s1,t6",
80000cdc,sll,s5:fffe0000,,00811ab3,,"sll	x21,x2,x8","s5,sp,s0",
80000ce0,or,a4:fffffe6f,,0089e733,,"or	x14,x19,x8","a4,s3,s0",
80000ce4,or,ra:fffffff9,,00d5e0b3,,"or	x1,x11,x13","ra,a1,a3",
80000cf0,ori,s7:fffffe60,,e60e6b93,,"ori	x23,x28,-416","s7,t3,-416",
80000cf4,ori,s5:fffffe6e,,e2eeea93,,"ori	x21,x29,-466","s5,t4,-466",
80000cfc,srli,t4:00000000,,01d65e93,,"srli	x29,x12,0x1d","t4,a2,0x1d",
80000d00,or,s7:ff818dee,,014b6bb3,,"or	x23,x22,x20","s7,s6,s4",
80000d04,sra,a5:00000000,,402057b3,,"sra	x15,x0,x2","a5,zero,sp",
80000d08,and,a5:ff800000,,010177b3,,"and	x15,x2,x16","a5,sp,a6",
80000d0c,xor,t0:66d5f0bc,,016342b3,,"xor	x5,x6,x22","t0,t1,s6",
80000d10,sltu,t6:00000000,,000d3fb3,,"sltu	x31,x26,x0","t6,s10,zero",
80000d14,slt,a5:00000000,,006227b3,,"slt	x15,x4,x6","a5,tp,t1",
80000d18,sll,gp:ff818dee,,00fb91b3,,"sll	x3,x23,x15","gp,s7,a5",
80000d1c,xor,t4:0b8e3c00,,01c64eb3,,"xor	x29,x12,x28","t4,a2,t3",
80000d20,slli,a4:80000000,,01e81713,,"slli	x14,x16,0x1e","a4,a6,0x1e",
80000d24,sltiu,t0:00000000,,2d72b293,,"sltiu	x5,x5,727","t0,t0,727",
80000d28,auipc,a1:7e293d28,,fe293597,,"auipc	x11,0xfe293","a1,0xfe293",
80000d2c,slt,s5:00000000,,01902ab3,,"slt	x21,x0,x25","s5,zero,s9",
80000d30,xori,s0:80018d14,,1f0b4413,,"xori	x8,x22,496","s0,s6,496",
80000d34,lui,t4:08743000,,08743eb7,,"lui	x29,0x8743","t4,0x8743",
80000d38,lui,s2:84e90000,,84e90937,,"lui	x18,0x84e90","s2,0x84e90",
80000d3c,srli,a6:00000003,,01ea5813,,"srli	x16,x20,0x1e","a6,s4,0x1e",
80000d40,addi,a5:fffffcf5,,69d20793,,"addi	x15,x4,1693","a5,tp,1693",
80000d44,srai,s8:ff000319,,407b5c13,,"srai	x24,x22,0x7","s8,s6,0x7",
80000d48,sub,a1:645dff8d,,419785b3,,"sub	x11,x15,x25","a1,a5,s9",
80000d4c,sll,s8:00000000,,013a9c33,,"sll	x24,x21,x19","s8,s5,s3",
80000d50,sll,sp:ffffcf50,,00a79133,,"sll	x2,x15,x10","sp,a5,a0",
80000d54,srai,a1:ffffffff,,4050d593,,"srai	x11,x1,0x5","a1,ra,0x5",
80000d58,srli,a4:0000000f,,01c6d713,,"srli	x14,x13,0x1c","a4,a3,0x1c",
80000d5c,slt,t4:00000001,,01192eb3,,"slt	x29,x18,x17","t4,s2,a7",
80000d60,srli,s4:00000000,,01dd5a13,,"srli	x20,x26,0x1d","s4,s10,0x1d",
80000d64,srl,s1:00000001,,014d54b3,,"srl	x9,x26,x20","s1,s10,s4",
80000d68,andi,s1:000004c0,,5c1f7493,,"andi	x9,x30,1473","s1,t5,1473",
80000d6c,slli,a6:00000000,,01e21813,,"slli	x16,x4,0x1e","a6,tp,0x1e",
80000d70,addi,a2:0000037d,,37d28613,,"addi	x12,x5,893","a2,t0,893",
80000d74,srai,s5:00000000,,40c85a93,,"srai	x21,x16,0xc","s5,a6,0xc",
80000d78,lui,s5:bb97f000,,bb97fab7,,"lui	x21,0xbb97f","s5,0xbb97f",
80000d7c,xori,t3:fffffa2b,,a2aece13,,"xori	x28,x29,-1494","t3,t4,-1494",
80000d80,sll,t1:ffffc000,,01759333,,"sll	x6,x11,x23","t1,a1,s7",
80000d84,add,a5:ffffc000,,01b307b3,,"add	x15,x6,x27","a5,t1,s11",
80000d88,lui,s6:889c8000,,889c8b37,,"lui	x22,0x889c8","s6,0x889c8",
80000d8c,auipc,t3:b801ed8c,,3801ee17,,"auipc	x28,0x3801e","t3,0x3801e",
80000d90,sra,t1:ffffffff,,4130d333,,"sra	x6,x1,x19","t1,ra,s3",
80000d94,addi,s5:5c71ddb1,,db188a93,,"addi	x21,x17,-591","s5,a7,-591",
80000d98,xor,s8:5c71e00f,,00e8cc33,,"xor	x24,x17,x14","s8,a7,a4",
80000d9c,add,s5:fffffffa,,01d68ab3,,"add	x21,x13,x29","s5,a3,t4",
80000da0,slti,t2:00000001,,bdbba393,,"slti	x7,x23,-1061","t2,s7,-1061",
80000da4,sub,t4:a38e1ff1,,418f8eb3,,"sub	x29,x31,x24","t4,t6,s8",
80000da8,addi,gp:ffffcb25,,bd510193,,"addi	x3,x2,-1067","gp,sp,-1067",
80000dac,sra,gp:00000000,,40ba51b3,,"sra	x3,x20,x11","gp,s4,a1",
80000db0,lui,t6:deba6000,,deba6fb7,,"lui	x31,0xdeba6","t6,0xdeba6",
80000db4,sltiu,t6:00000001,,bf4cbf93,,"sltiu	x31,x25,-1036","t6,s9,-1036",
80000db8,srai,s6:ffffffff,,41225b13,,"srai	x22,x4,0x12","s6,tp,0x12",
80000dbc,or,ra:ffffce64,,00a7e0b3,,"or	x1,x15,x10","ra,a5,a0",
80000dc0,and,t0:00000000,,01a2f2b3,,"and	x5,x5,x26","t0,t0,s10",
80000dc4,ori,t1:fffffced,,86d4e313,,"ori	x6,x9,-1939","t1,s1,-1939",
80000dc8,sll,a7:8ce40000,,002f18b3,,"sll	x17,x30,x2","a7,t5,sp",
80000dcc,xor,a2:0000319d,,0016c633,,"xor	x12,x13,x1","a2,a3,ra",
80000dd0,ori,a6:00000678,,67806813,,"ori	x16,x0,1656","a6,zero,1656",
80000dd4,slli,t0:e8000000,,01aa9293,,"slli	x5,x21,0x1a","t0,s5,0x1a",
80000dd8,andi,s4:00000001,,4513fa13,,"andi	x20,x7,1105","s4,t2,1105",
80000ddc,andi,t6:00000368,,36c6ff93,,"andi	x31,x13,876","t6,a3,876",
80000de0,slt,s5:00000001,,00b8aab3,,"slt	x21,x17,x11","s5,a7,a1",
80000de4,srli,s10:0a38e1ff,,004edd13,,"srli	x26,x29,0x4","s10,t4,0x4",
80000de8,sltiu,s5:00000001,,92c43a93,,"sltiu	x21,x8,-1748","s5,s0,-1748",
80000df0,andi,s9:000005ce,,5debfc93,,"andi	x25,x23,1502","s9,s7,1502",
80000df4,srai,s10:fffffe7a,,40515d13,,"srai	x26,x2,0x5","s10,sp,0x5",
80000df8,srli,a4:00000002,,01e45713,,"srli	x14,x8,0x1e","a4,s0,0x1e",
80000dfc,ori,s5:fffff9a1,,9a1a6a93,,"ori	x21,x20,-1631","s5,s4,-1631",
80000e00,andi,s2:00000000,,5a57f913,,"andi	x18,x15,1445","s2,a5,1445",
80000e08,sra,a2:00000678,,40585633,,"sra	x12,x16,x5","a2,a6,t0",
80000e0c,sll,t4:02000000,,00da1eb3,,"sll	x29,x20,x13","t4,s4,a3",
80000e10,sub,t6:0000000f,,40398fb3,,"sub	x31,x19,x3","t6,s3,gp",
80000e14,auipc,tp:8ab59e14,,0ab59217,,"auipc	x4,0xab59","tp,0xab59",
80000e18,slli,t4:fffffe7a,,000d1e93,,"slli	x29,x26,0x0","t4,s10,0x0",
80000e1c,xor,a1:00000000,,0094c5b3,,"xor	x11,x9,x9","a1,s1,s1",
80000e20,sltu,s5:00000001,,01a13ab3,,"sltu	x21,x2,x26","s5,sp,s10",
80000e24,sltu,s6:00000000,,003f3b33,,"sltu	x22,x30,x3","s6,t5,gp",
80000e28,slti,s2:00000001,,5fe5a913,,"slti	x18,x11,1534","s2,a1,1534",
80000e2c,sltu,t4:00000001,,00d3beb3,,"sltu	x29,x7,x13","t4,t2,a3",
80000e30,sll,a6:00000001,,01b39833,,"sll	x16,x7,x27","a6,t2,s11",
80000e34,andi,s7:00000000,,64ddfb93,,"andi	x23,x27,1613","s7,s11,1613",
80000e38,srai,tp:00000004,,4084d213,,"srai	x4,x9,0x8","tp,s1,0x8",
80000e3c,xori,s7:0000070a,,70ba4b93,,"xori	x23,x20,1803","s7,s4,1803",
80000e40,lui,a2:37a55000,,37a55637,,"lui	x12,0x37a55","a2,0x37a55",
80000e48,slti,t0:00000001,,bbdf2293,,"slti	x5,x30,-1091","t0,t5,-1091",
80000e4c,and,gp:00000000,,010d71b3,,"and	x3,x26,x16","gp,s10,a6",
80000e50,andi,s9:00000000,,7b667c93,,"andi	x25,x12,1974","s9,a2,1974",
80000e54,ori,t6:ffffff74,,b2416f93,,"ori	x31,x2,-1244","t6,sp,-1244",
80000e58,sltu,s5:00000000,,012bbab3,,"sltu	x21,x23,x18","s5,s7,s2",
80000e5c,sra,s9:fffffb80,,408e5cb3,,"sra	x25,x28,x8","s9,t3,s0",
80000e60,addi,t3:00000807,,7f898e13,,"addi	x28,x19,2040","t3,s3,2040",
80000e64,slt,t2:00000000,,011b23b3,,"slt	x7,x22,x17","t2,s6,a7",
80000e68,sra,s4:00000000,,40695a33,,"sra	x20,x18,x6","s4,s2,t1",
80000e6c,lui,a5:1f9a5000,,1f9a57b7,,"lui	x15,0x1f9a5","a5,0x1f9a5",
80000e70,ori,s7:00000451,,45186b93,,"ori	x23,x16,1105","s7,a6,1105",
80000e74,ori,s1:00000715,,71496493,,"ori	x9,x18,1812","s1,s2,1812",
80000e78,slt,t2:00000000,,014ea3b3,,"slt	x7,x29,x20","t2,t4,s4",
80000e7c,slt,gp:00000000,,006321b3,,"slt	x3,x6,x6","gp,t1,t1",
80000e80,add,t0:8ce40807,,01c882b3,,"add	x5,x17,x28","t0,a7,t3",
80000e84,sltiu,s0:00000001,,f24db413,,"sltiu	x8,x27,-220","s0,s11,-220",
80000e88,auipc,a1:ff403e88,,7f403597,,"auipc	x11,0x7f403","a1,0x7f403",
80000e8c,slti,sp:00000001,,95952113,,"slti	x2,x10,-1703","sp,a0,-1703",
80000e90,srai,s8:fffc000a,,40d55c13,,"srai	x24,x10,0xd","s8,a0,0xd",
80000e94,xor,t4:00000001,,0101ceb3,,"xor	x29,x3,x16","t4,gp,a6",
80000e98,and,s4:00000000,,00b87a33,,"and	x20,x16,x11","s4,a6,a1",
80000e9c,sub,t6:0000000f,,40398fb3,,"sub	x31,x19,x3","t6,s3,gp",
80000ea0,slt,s9:00000001,,01952cb3,,"slt	x25,x10,x25","s9,a0,s9",
80000ea4,sub,t0:0000000e,,412982b3,,"sub	x5,x19,x18","t0,s3,s2",
80000ea8,and,sp:00000001,,019e7133,,"and	x2,x28,x25","sp,t3,s9",
80000eac,srai,s7:00000000,,41f15b93,,"srai	x23,x2,0x1f","s7,sp,0x1f",
80000eb0,and,s2:00000000,,019bf933,,"and	x18,x23,x25","s2,s7,s9",
80000eb4,ori,tp:fffffb83,,b8386213,,"ori	x4,x16,-1149","tp,a6,-1149",
80000eb8,srli,s9:00000007,,01dc5c93,,"srli	x25,x24,0x1d","s9,s8,0x1d",
80000ebc,srai,s7:00000000,,4042db93,,"srai	x23,x5,0x4","s7,t0,0x4",
80000ec0,andi,ra:00000003,,5b3cf093,,"andi	x1,x25,1459","ra,s9,1459",
80000ec4,srli,s0:00000000,,005bd413,,"srli	x8,x23,0x5","s0,s7,0x5",
80000ec8,xori,a5:fffff8ca,,8ca94793,,"xori	x15,x18,-1846","a5,s2,-1846",
80000ecc,xor,a1:00000807,,01c045b3,,"xor	x11,x0,x28","a1,zero,t3",
80000ed0,srai,s8:00000000,,41975c13,,"srai	x24,x14,0x19","s8,a4,0x19",
80000ed4,sltiu,a2:00000001,,de953613,,"sltiu	x12,x10,-535","a2,a0,-535",
80000ed8,xori,sp:000006e2,,6e2c4113,,"xori	x2,x24,1762","sp,s8,1762",
80000edc,xori,tp:fffffe54,,e5494213,,"xori	x4,x18,-428","tp,s2,-428",
80000ee0,srli,t0:000001ff,,0176d293,,"srli	x5,x13,0x17","t0,a3,0x17",
80000ee4,andi,s9:00000007,,b57ffc93,,"andi	x25,x31,-1193","s9,t6,-1193",
80000ee8,sra,a4:00000000,,409e5733,,"sra	x14,x28,x9","a4,t3,s1",
80000eec,andi,s0:00000000,,36aaf413,,"andi	x8,x21,874","s0,s5,874",
80000ef0,slt,ra:00000001,,010c20b3,,"slt	x1,x24,x16","ra,s8,a6",
80000ef4,slti,t6:00000001,,7011af93,,"slti	x31,x3,1793","t6,gp,1793",
80000ef8,sltiu,s2:00000001,,b7ecb913,,"sltiu	x18,x25,-1154","s2,s9,-1154",
80000efc,sll,s9:fffffff9,,01869cb3,,"sll	x25,x13,x24","s9,a3,s8",
80000f00,auipc,t4:d8c33f00,,58c33e97,,"auipc	x29,0x58c33","t4,0x58c33",
80000f08,addi,s8:000004bd,,2be28c13,,"addi	x24,x5,702","s8,t0,702",
80000f0c,auipc,a1:38ddaf0c,,b8dda597,,"auipc	x11,0xb8dda","a1,0xb8dda",
80000f10,andi,a3:00000000,,97807693,,"andi	x13,x0,-1672","a3,zero,-1672",
80000f18,slti,ra:00000001,,0c58a093,,"slti	x1,x17,197","ra,a7,197",
80000f1c,and,t3:00000000,,0089fe33,,"and	x28,x19,x8","t3,s3,s0",
80000f20,auipc,sp:b89e2f20,,389e2117,,"auipc	x2,0x389e2","sp,0x389e2",
80000f28,slti,s6:00000001,,4080ab13,,"slti	x22,x1,1032","s6,ra,1032",
80000f2c,sll,a5:00000002,,012097b3,,"sll	x15,x1,x18","a5,ra,s2",
80000f30,sll,s4:fffffff9,,00ec9a33,,"sll	x20,x25,x14","s4,s9,a4",
80000f34,sltu,s9:00000000,,00e6bcb3,,"sltu	x25,x13,x14","s9,a3,a4",
80000f38,ori,s6:000006c0,,6c01eb13,,"ori	x22,x3,1728","s6,gp,1728",
80000f3c,andi,t6:00000000,,ebc47f93,,"andi	x31,x8,-324","t6,s0,-324",
80000f40,and,gp:00000000,,007cf1b3,,"and	x3,x25,x7","gp,s9,t2",
80000f44,xor,ra:38ddaf0c,,00bdc0b3,,"xor	x1,x27,x11","ra,s11,a1",
80000f48,slli,a7:ffffe768,,00331893,,"slli	x17,x6,0x3","a7,t1,0x3",
80000f4c,sltiu,s0:00000001,,a10eb413,,"sltiu	x8,x29,-1520","s0,t4,-1520",
80000f50,xor,t2:000001fe,,005643b3,,"xor	x7,x12,x5","t2,a2,t0",
80000f54,sra,s5:00000000,,418adab3,,"sra	x21,x21,x24","s5,s5,s8",
80000f58,lui,a7:1342d000,,1342d8b7,,"lui	x17,0x1342d","a7,0x1342d",
80000f5c,sra,ra:00000000,,408450b3,,"sra	x1,x8,x8","ra,s0,s0",
80000f60,slti,t3:00000000,,0fe5ae13,,"slti	x28,x11,254","t3,a1,254",
80000f64,sll,s2:00000000,,003b9933,,"sll	x18,x23,x3","s2,s7,gp",
80000f68,addi,s5:00000360,,360b8a93,,"addi	x21,x23,864","s5,s7,864",
80000f6c,srli,a1:00fffffe,,00825593,,"srli	x11,x4,0x8","a1,tp,0x8",
80000f70,lui,a4:8616c000,,8616c737,,"lui	x14,0x8616c","a4,0x8616c",
80000f74,andi,tp:80014c60,,c7357213,,"andi	x4,x10,-909","tp,a0,-909",
80000f78,xor,a2:5ed5ff00,,01d74633,,"xor	x12,x14,x29","a2,a4,t4",
80000f7c,srl,a4:00000001,,00d85733,,"srl	x14,x16,x13","a4,a6,a3",
80000f80,slli,t0:0c672000,,00bf1293,,"slli	x5,x30,0xb","t0,t5,0xb",
80000f84,sltu,t0:00000001,,013432b3,,"sltu	x5,x8,x19","t0,s0,s3",
80000f88,sub,t3:273cc5bd,,41dc0e33,,"sub	x28,x24,x29","t3,s8,t4",
80000f8c,auipc,a5:b5f17f8c,,35f17797,,"auipc	x15,0x35f17","a5,0x35f17",
80000f90,srli,a5:00000000,,00785793,,"srli	x15,x16,0x7","a5,a6,0x7",
80000f94,slt,s2:00000001,,0097a933,,"slt	x18,x15,x9","s2,a5,s1",
80000f98,lui,a1:3d6b0000,,3d6b05b7,,"lui	x11,0x3d6b0","a1,0x3d6b0",
80000f9c,xori,s6:fffffa8d,,9edacb13,,"xori	x22,x21,-1555","s6,s5,-1555",
80000fa0,slli,a7:00000000,,01c61893,,"slli	x17,x12,0x1c","a7,a2,0x1c",
80000fa4,sub,t1:fffff8eb,,40918333,,"sub	x6,x3,x9","t1,gp,s1",
80000fa8,srl,s1:00000000,,013c54b3,,"srl	x9,x24,x19","s1,s8,s3",
80000fac,addi,gp:fffffe32,,e3208193,,"addi	x3,x1,-462","gp,ra,-462",
80000fb0,srai,ra:fffffb18,,413ed093,,"srai	x1,x29,0x13","ra,t4,0x13",
80000fb4,srl,s0:000000ff,,0010d433,,"srl	x8,x1,x1","s0,ra,ra",
80000fb8,slli,sp:00000000,,00ef9113,,"slli	x2,x31,0xe","sp,t6,0xe",
80000fc4,srl,s9:00000000,,01dbdcb3,,"srl	x25,x23,x29","s9,s7,t4",
80000fc8,slli,a4:00000000,,01f49713,,"slli	x14,x9,0x1f","a4,s1,0x1f",
80000fcc,auipc,s1:1175bfcc,,9175b497,,"auipc	x9,0x9175b","s1,0x9175b",
80000fd0,or,tp:80018ce4,,01ebe233,,"or	x4,x23,x30","tp,s7,t5",
80000fd4,and,t3:10413f00,,01d4fe33,,"and	x28,x9,x29","t3,s1,t4",
80000fd8,addi,ra:fffffcb3,,bb440093,,"addi	x1,x8,-1100","ra,s0,-1100",
80000fe0,ori,t1:fffffb0f,,b079e313,,"ori	x6,x19,-1273","t1,s3,-1273",
80000fe4,addi,ra:10413d90,,e90e0093,,"addi	x1,x28,-368","ra,t3,-368",
80000fe8,lui,t6:33997000,,33997fb7,,"lui	x31,0x33997","t6,0x33997",
80000fec,xor,ra:00000000,,0118c0b3,,"xor	x1,x17,x17","ra,a7,a7",
80000ff4,srli,s9:00000008,,019e5c93,,"srli	x25,x28,0x19","s9,t3,0x19",
80000ff8,and,gp:00000000,,000671b3,,"and	x3,x12,x0","gp,a2,zero",
80000ffc,sll,s11:00000000,,01dd9db3,,"sll	x27,x27,x29","s11,s11,t4",
80001000,slti,t2:00000000,,f7b2a393,,"slti	x7,x5,-133","t2,t0,-133",
80001004,lui,a3:410b1000,,410b16b7,,"lui	x13,0x410b1","a3,0x410b1",
80001008,xor,s2:1175bfcc,,0014c933,,"xor	x18,x9,x1","s2,s1,ra",
8000100c,sub,t6:fffffff1,,41388fb3,,"sub	x31,x17,x19","t6,a7,s3",
80001014,and,t6:00000000,,00eeffb3,,"and	x31,x29,x14","t6,t4,a4",
80001018,add,ra:fffffb10,,006800b3,,"add	x1,x16,x6","ra,a6,t1",
8000101c,slt,s6:00000001,,01a22b33,,"slt	x22,x4,x26","s6,tp,s10",
80001020,ori,tp:ffffffff,,997a6213,,"ori	x4,x20,-1641","tp,s4,-1641",
80001024,sltiu,t6:00000000,,602d3f93,,"sltiu	x31,x26,1538","t6,s10,1538",
80001028,ori,gp:000004fd,,4d4c6193,,"ori	x3,x24,1236","gp,s8,1236",
8000102c,srai,t3:ffffffff,,41425e13,,"srai	x28,x4,0x14","t3,tp,0x14",
80001030,srai,t6:00000000,,41d15f93,,"srai	x31,x2,0x1d","t6,sp,0x1d",
80001034,slt,t1:00000000,,014fa333,,"slt	x6,x31,x20","t1,t6,s4",
80001038,auipc,t3:5b2db038,,db2dae17,,"auipc	x28,0xdb2da","t3,0xdb2da",
8000103c,srli,a5:0002d96d,,00de5793,,"srli	x15,x28,0xd","a5,t3,0xd",
80001040,sltiu,gp:00000000,,2876b193,,"sltiu	x3,x13,647","gp,a3,647",
80001044,srli,sp:00007fff,,01125113,,"srli	x2,x4,0x11","sp,tp,0x11",
80001048,or,s9:d9cb3f00,,00deecb3,,"or	x25,x29,x13","s9,t4,a3",
8000104c,slti,a7:00000000,,db112893,,"slti	x17,x2,-591","a7,sp,-591",
80001050,andi,a5:00000000,,485e7793,,"andi	x15,x28,1157","a5,t3,1157",
80001054,addi,a5:00000372,,36398793,,"addi	x15,x19,867","a5,s3,867",
80001058,lui,s10:af392000,,af392d37,,"lui	x26,0xaf392","s10,0xaf392",
8000105c,sra,s6:00000000,,41c85b33,,"sra	x22,x16,x28","s6,a6,t3",
80001060,or,tp:d9cb3f00,,006ce233,,"or	x4,x25,x6","tp,s9,t1",
80001064,srai,s9:0007ad60,,40b5dc93,,"srai	x25,x11,0xb","s9,a1,0xb",
80001068,sll,a2:00000000,,01c01633,,"sll	x12,x0,x28","a2,zero,t3",
80001070,ori,tp:00000397,,397fe213,,"ori	x4,x31,919","tp,t6,919",
80001074,addi,t4:ffffff4a,,f4ad8e93,,"addi	x29,x27,-182","t4,s11,-182",
80001078,sub,s2:fffffff1,,41360933,,"sub	x18,x12,x19","s2,a2,s3",
8000107c,auipc,s10:4544107c,,c5440d17,,"auipc	x26,0xc5440","s10,0xc5440",
80001080,or,ra:ffffffff,,002960b3,,"or	x1,x18,x2","ra,s2,sp",
80001084,slli,s6:00000000,,004b1b13,,"slli	x22,x22,0x4","s6,s6,0x4",
80001088,lui,s4:b4ae4000,,b4ae4a37,,"lui	x20,0xb4ae4","s4,0xb4ae4",
8000108c,add,s10:00000001,,01628d33,,"add	x26,x5,x22","s10,t0,s6",
80001090,lui,sp:45dea000,,45dea137,,"lui	x2,0x45dea","sp,0x45dea",
80001094,ori,s5:fffffec9,,ec936a93,,"ori	x21,x6,-311","s5,t1,-311",
80001098,auipc,s5:dece7098,,5ece6a97,,"auipc	x21,0x5ece6","s5,0x5ece6",
8000109c,xori,t0:00000243,,1317c293,,"xori	x5,x15,305","t0,a5,305",
800010a4,andi,a3:410b1000,,9d46f693,,"andi	x13,x13,-1580","a3,a3,-1580",
800010a8,sra,sp:00000000,,41c3d133,,"sra	x2,x7,x28","sp,t2,t3",
800010ac,addi,s0:000004a5,,49698413,,"addi	x8,x19,1174","s0,s3,1174",
800010b0,xori,t6:0007ad93,,0f3ccf93,,"xori	x31,x25,243","t6,s9,243",
800010b4,sll,s10:00000243,,01729d33,,"sll	x26,x5,x23","s10,t0,s7",
800010b8,add,s2:00000000,,01b88933,,"add	x18,x17,x27","s2,a7,s11",
800010bc,srl,s0:00000000,,01d8d433,,"srl	x8,x17,x29","s0,a7,t4",
800010c0,or,s8:00000397,,00c26c33,,"or	x24,x4,x12","s8,tp,a2",
800010c4,srli,t0:00000000,,01015293,,"srli	x5,x2,0x10","t0,sp,0x10",
800010c8,add,ra:5b2db038,,01cd80b3,,"add	x1,x27,x28","ra,s11,t3",
800010cc,srli,s7:00000000,,01135b93,,"srli	x23,x6,0x11","s7,t1,0x11",
800010d0,sltiu,t1:00000001,,f7b0b313,,"sltiu	x6,x1,-133","t1,ra,-133",
800010d4,sra,t0:ffffff80,,401552b3,,"sra	x5,x10,x1","t0,a0,ra",
800010d8,sltu,a3:00000001,,005436b3,,"sltu	x13,x8,x5","a3,s0,t0",
800010dc,slli,s8:00000000,,00811c13,,"slli	x24,x2,0x8","s8,sp,0x8",
800010e0,ori,a7:0000033d,,33dbe893,,"ori	x17,x23,829","a7,s7,829",
800010e4,andi,a3:00000001,,4b387693,,"andi	x13,x16,1203","a3,a6,1203",
800010e8,srai,gp:ffffffff,,41fed193,,"srai	x3,x29,0x1f","gp,t4,0x1f",
800010ec,sltu,a6:00000000,,01663833,,"sltu	x16,x12,x22","a6,a2,s6",
800010f0,sra,a6:00000000,,41065833,,"sra	x16,x12,x16","a6,a2,a6",
800010f4,or,a2:0007ad60,,017ce633,,"or	x12,x25,x23","a2,s9,s7",
800010f8,xori,a5:80018fb7,,353f4793,,"xori	x15,x30,851","a5,t5,851",
800010fc,auipc,s0:45ab20fc,,c5ab1417,,"auipc	x8,0xc5ab1","s0,0xc5ab1",
80001104,srl,a5:80018fb7,,0027d7b3,,"srl	x15,x15,x2","a5,a5,sp",
80001108,lui,a6:dda06000,,dda06837,,"lui	x16,0xdda06","a6,0xdda06",
8000110c,andi,a1:dda06000,,f5a87593,,"andi	x11,x16,-166","a1,a6,-166",
80001110,sll,t2:dda06000,,010813b3,,"sll	x7,x16,x16","t2,a6,a6",
80001114,andi,a5:00000560,,7eccf793,,"andi	x15,x25,2028","a5,s9,2028",
80001118,lui,a5:68b0f000,,68b0f7b7,,"lui	x15,0x68b0f","a5,0x68b0f",
8000111c,ori,s1:ffffffbb,,4bb2e493,,"ori	x9,x5,1211","s1,t0,1211",
80001120,xor,a2:0000033c,,0068c633,,"xor	x12,x17,x6","a2,a7,t1",
80001124,and,t1:00000000,,014bf333,,"and	x6,x23,x20","t1,s7,s4",
80001128,sub,s1:dda06001,,403804b3,,"sub	x9,x16,x3","s1,a6,gp",
8000112c,sltiu,a7:00000000,,6d7e3893,,"sltiu	x17,x28,1751","a7,t3,1751",
80001130,slti,t6:00000000,,e00daf93,,"slti	x31,x27,-512","t6,s11,-512",
80001134,sra,s5:00000000,,40fc5ab3,,"sra	x21,x24,x15","s5,s8,a5",
80001138,andi,s9:ffffff80,,f942fc93,,"andi	x25,x5,-108","s9,t0,-108",
8000113c,srl,t2:00000000,,015153b3,,"srl	x7,x2,x21","t2,sp,s5",
80001140,sltiu,a5:00000001,,4109b793,,"sltiu	x15,x19,1040","a5,s3,1040",
80001144,srai,a1:00000000,,4107d593,,"srai	x11,x15,0x10","a1,a5,0x10",
80001148,andi,s4:00000000,,83397a13,,"andi	x20,x18,-1997","s4,s2,-1997",
8000114c,slli,s11:a7320000,,00f51d93,,"slli	x27,x10,0xf","s11,a0,0xf",
80001150,xor,s11:45ab20fc,,008b4db3,,"xor	x27,x22,x8","s11,s6,s0",
80001154,and,t1:00000000,,0141f333,,"and	x6,x3,x20","t1,gp,s4",
80001158,sltu,a4:00000001,,00c9b733,,"sltu	x14,x19,x12","a4,s3,a2",
8000115c,srli,sp:0000000f,,01c2d113,,"srli	x2,x5,0x1c","sp,t0,0x1c",
80001160,or,s9:ffffffff,,00306cb3,,"or	x25,x0,x3","s9,zero,gp",
80001164,srai,a1:ffeed030,,4094d593,,"srai	x11,x9,0x9","a1,s1,0x9",
80001168,xori,a5:00000256,,256a4793,,"xori	x15,x20,598","a5,s4,598",
8000116c,ori,a2:00000343,,3438e613,,"ori	x12,x17,835","a2,a7,835",
80001170,sub,s2:ffffff4a,,406e8933,,"sub	x18,x29,x6","s2,t4,t1",
80001174,slli,tp:00000000,,008b9213,,"slli	x4,x23,0x8","tp,s7,0x8",
80001178,slti,s9:00000001,,0d3b2c93,,"slti	x25,x22,211","s9,s6,211",
8000117c,or,s11:00000001,,00d8edb3,,"or	x27,x17,x13","s11,a7,a3",
80001180,xori,gp:000003e0,,c602c193,,"xori	x3,x5,-928","gp,t0,-928",
80001184,andi,a4:00000200,,2017f713,,"andi	x14,x15,513","a4,a5,513",
80001188,addi,t0:00000986,,5a618293,,"addi	x5,x3,1446","t0,gp,1446",
8000118c,sub,a4:ffffff13,,40c78733,,"sub	x14,x15,x12","a4,a5,a2",
80001190,sll,s7:0f000000,,01c11bb3,,"sll	x23,x2,x28","s7,sp,t3",
80001194,srli,a3:00000000,,0148d693,,"srli	x13,x17,0x14","a3,a7,0x14",
80001198,sll,s6:bb40c002,,00949b33,,"sll	x22,x9,x9","s6,s1,s1",
8000119c,sltiu,t2:00000001,,f6dfb393,,"sltiu	x7,x31,-147","t2,t6,-147",
800011a0,auipc,t4:5e1dc1a0,,de1dbe97,,"auipc	x29,0xde1db","t4,0xde1db",
800011a4,sll,s0:00000000,,00069433,,"sll	x8,x13,x0","s0,a3,zero",
800011a8,addi,ra:fffffc6d,,d5a70093,,"addi	x1,x14,-678","ra,a4,-678",
800011ac,lui,s2:115fa000,,115fa937,,"lui	x18,0x115fa","s2,0x115fa",
800011b0,lui,s9:a2025000,,a2025cb7,,"lui	x25,0xa2025","s9,0xa2025",
800011b8,xori,a2:bb40c2e8,,2eab4613,,"xori	x12,x22,746","a2,s6,746",
800011bc,srl,s8:fffffc6d,,0000dc33,,"srl	x24,x1,x0","s8,ra,zero",
800011c4,sltiu,t4:00000000,,3ab83e93,,"sltiu	x29,x16,939","t4,a6,939",
800011c8,andi,a5:00000000,,0c6a7793,,"andi	x15,x20,198","a5,s4,198",
800011cc,and,gp:00000000,,00d171b3,,"and	x3,x2,x13","gp,sp,a3",
800011d0,sub,a3:5b2db038,,40de06b3,,"sub	x13,x28,x13","a3,t3,a3",
800011d4,sltu,a6:00000001,,01023833,,"sltu	x16,x4,x16","a6,tp,a6",
800011d8,and,s0:00000000,,01947433,,"and	x8,x8,x25","s0,s0,s9",
800011dc,slt,a1:00000000,,0038a5b3,,"slt	x11,x17,x3","a1,a7,gp",
800011e0,slti,t6:00000001,,ea6f2f93,,"slti	x31,x30,-346","t6,t5,-346",
800011e4,auipc,t4:3b36a1e4,,bb369e97,,"auipc	x29,0xbb369","t4,0xbb369",
800011e8,lui,a4:a9e67000,,a9e67737,,"lui	x14,0xa9e67","a4,0xa9e67",
800011ec,lui,s1:20906000,,209064b7,,"lui	x9,0x20906","s1,0x20906",
800011f0,slti,t0:00000001,,796c2293,,"slti	x5,x24,1942","t0,s8,1942",
800011f4,auipc,t6:708221f4,,f0821f97,,"auipc	x31,0xf0821","t6,0xf0821",
800011f8,sltu,t1:00000000,,00b6b333,,"sltu	x6,x13,x11","t1,a3,a1",
800011fc,slti,ra:00000000,,8955a093,,"slti	x1,x11,-1899","ra,a1,-1899",
80001200,sra,a1:80018ce4,,411f55b3,,"sra	x11,x30,x17","a1,t5,a7",
80001204,add,tp:29e7be64,,00a70233,,"add	x4,x14,x10","tp,a4,a0",
80001208,auipc,s5:f641c208,,7641ba97,,"auipc	x21,0x7641b","s5,0x7641b",
8000120c,srai,a3:00000000,,4048d693,,"srai	x13,x17,0x4","a3,a7,0x4",
80001210,andi,a3:0000000d,,32d9f693,,"andi	x13,x19,813","a3,s3,813",
80001214,sra,s1:00000000,,416854b3,,"sra	x9,x16,x22","s1,a6,s6",
80001218,slti,a3:00000000,,f6742693,,"slti	x13,x8,-153","a3,s0,-153",
8000121c,sll,s6:00000000,,00c79b33,,"sll	x22,x15,x12","s6,a5,a2",
80001220,srl,s11:1000319c,,01af5db3,,"srl	x27,x30,x26","s11,t5,s10",
80001224,ori,s1:80014eed,,4ad56493,,"ori	x9,x10,1197","s1,a0,1197",
8000122c,srli,s2:00010002,,00f55913,,"srli	x18,x10,0xf","s2,a0,0xf",
80001230,sll,t2:00000000,,002693b3,,"sll	x7,x13,x2","t2,a3,sp",
80001238,xori,s8:fffffb70,,b712cc13,,"xori	x24,x5,-1167","s8,t0,-1167",
8000123c,srl,s0:80018ce4,,0015d433,,"srl	x8,x11,x1","s0,a1,ra",
80001240,ori,t6:80014eed,,6ed56f93,,"ori	x31,x10,1773","t6,a0,1773",
80001244,add,s10:00000243,,01a00d33,,"add	x26,x0,x26","s10,zero,s10",
80001248,or,s5:00000000,,00636ab3,,"or	x21,x6,x6","s5,t1,t1",
8000124c,srli,a6:00000001,,01f4d813,,"srli	x16,x9,0x1f","a6,s1,0x1f",
80001250,srai,s5:fa9e6700,,40475a93,,"srai	x21,x14,0x4","s5,a4,0x4",
80001254,xor,t0:a6e67000,,017742b3,,"xor	x5,x14,x23","t0,a4,s7",
8000125c,srl,a6:00000000,,0003d833,,"srl	x16,x7,x0","a6,t2,zero",
80001260,xori,a7:fffffc2c,,e6fd4893,,"xori	x17,x26,-401","a7,s10,-401",
80001264,and,s1:80000000,,00ef74b3,,"and	x9,x30,x14","s1,t5,a4",
80001268,slt,a6:00000001,,007f2833,,"slt	x16,x30,x7","a6,t5,t2",
8000126c,sub,s9:a9e67000,,41670cb3,,"sub	x25,x14,x22","s9,a4,s6",
80001270,addi,t4:80018603,,91f40e93,,"addi	x29,x8,-1761","t4,s0,-1761",
80001274,xor,s5:56198c2c,,0198cab3,,"xor	x21,x17,x25","s5,a7,s9",
80001278,sub,t0:a6e67000,,400282b3,,"sub	x5,x5,x0","t0,t0,zero",
8000127c,ori,s5:80018dfc,,1fc5ea93,,"ori	x21,x11,508","s5,a1,508",
80001280,sltu,s11:00000001,,01d3bdb3,,"sltu	x27,x7,x29","s11,t2,t4",
80001284,sub,t2:0000379f,,40ae83b3,,"sub	x7,x29,x10","t2,t4,a0",
80001288,srl,a6:00000000,,0136d833,,"srl	x16,x13,x19","a6,a3,s3",
8000128c,auipc,s10:1e1d628c,,9e1d5d17,,"auipc	x26,0x9e1d5","s10,0x9e1d5",
80001290,andi,t1:00000000,,49c6f313,,"andi	x6,x13,1180","t1,a3,1180",
80001294,xori,a3:ffffce20,,9bf3c693,,"xori	x13,x7,-1601","a3,t2,-1601",
80001298,andi,a6:0000308d,,8ad3f813,,"andi	x16,x7,-1875","a6,t2,-1875",
8000129c,sub,t6:5b2d7fab,,410e0fb3,,"sub	x31,x28,x16","t6,t3,a6",
800012a0,addi,sp:80018bde,,efa40113,,"addi	x2,x8,-262","sp,s0,-262",
800012a4,srli,s1:00000000,,00bdd493,,"srli	x9,x27,0xb","s1,s11,0xb",
800012ac,addi,s0:80018d1f,,71ce8413,,"addi	x8,x29,1820","s0,t4,1820",
800012b0,add,a5:bb40c2e8,,00c307b3,,"add	x15,x6,x12","a5,t1,a2",
800012b4,ori,sp:fffffeeb,,ccb7e113,,"ori	x2,x15,-821","sp,a5,-821",
800012b8,add,s10:a9e67001,,00ed8d33,,"add	x26,x27,x14","s10,s11,a4",
800012c0,or,a7:5b2d7fab,,014fe8b3,,"or	x17,x31,x20","a7,t6,s4",
800012c4,sltu,t4:00000000,,012e3eb3,,"sltu	x29,x28,x18","t4,t3,s2",
800012c8,sltiu,a2:00000001,,c871b613,,"sltiu	x12,x3,-889","a2,gp,-889",
800012cc,or,a6:0001308f,,01096833,,"or	x16,x18,x16","a6,s2,a6",
800012d4,and,s2:00000000,,00667933,,"and	x18,x12,x6","s2,a2,t1",
800012d8,xor,s11:29e73e64,,01954db3,,"xor	x27,x10,x25","s11,a0,s9",
800012dc,addi,a3:a9e66fef,,fefc8693,,"addi	x13,x25,-17","a3,s9,-17",
800012e4,sra,a5:5b2db038,,406e57b3,,"sra	x15,x28,x6","a5,t3,t1",
800012e8,sra,s1:a6e67000,,40e2d4b3,,"sra	x9,x5,x14","s1,t0,a4",
800012ec,slti,s8:00000001,,04642c13,,"slti	x24,x8,70","s8,s0,70",
800012f0,srl,a3:0a9e6700,,01bd56b3,,"srl	x13,x26,x27","a3,s10,s11",
800012f4,srai,s4:00000000,,4071da13,,"srai	x20,x3,0x7","s4,gp,0x7",
800012f8,addi,a2:5b2d86a7,,6fcf8613,,"addi	x12,x31,1788","a2,t6,1788",
800012fc,or,s8:29e7be64,,00426c33,,"or	x24,x4,x4","s8,tp,tp",
80001300,srl,s9:00000000,,00c0dcb3,,"srl	x25,x1,x12","s9,ra,a2",
80001304,slli,t2:1c000000,,017e1393,,"slli	x7,x28,0x17","t2,t3,0x17",
80001308,sltiu,t3:00000001,,baef3e13,,"sltiu	x28,x30,-1106","t3,t5,-1106",
8000130c,and,gp:00003000,,0104f1b3,,"and	x3,x9,x16","gp,s1,a6",
80001310,sltu,s10:00000000,,016b3d33,,"sltu	x26,x22,x22","s10,s6,s6",
80001314,or,s2:5b2d7fab,,01cfe933,,"or	x18,x31,x28","s2,t6,t3",
80001318,ori,s5:ffffff77,,f77dea93,,"ori	x21,x27,-137","s5,s11,-137",
8000131c,auipc,gp:931a131c,,131a0197,,"auipc	x3,0x131a0","gp,0x131a0",
80001320,and,t1:00000000,,01d07333,,"and	x6,x0,x29","t1,zero,t4",
80001324,srai,a3:00a79ef9,,40625693,,"srai	x13,x4,0x6","a3,tp,0x6",
80001328,or,gp:0000000f,,01d9e1b3,,"or	x3,x19,x29","gp,s3,t4",
8000132c,xori,a6:ffffff2b,,f2b34813,,"xori	x16,x6,-213","a6,t1,-213",
80001330,slli,t2:000c6720,,00359393,,"slli	x7,x11,0x3","t2,a1,0x3",
80001334,slli,gp:ce000000,,00d71193,,"slli	x3,x14,0xd","gp,a4,0xd",
80001338,ori,s6:fffffe89,,e891eb13,,"ori	x22,x3,-375","s6,gp,-375",
8000133c,srai,t3:ffffffff,,41cb5e13,,"srai	x28,x22,0x1c","t3,s6,0x1c",
80001340,slt,s10:00000001,,0179ad33,,"slt	x26,x19,x23","s10,s3,s7",
80001344,ori,s2:0000064b,,64b36913,,"ori	x18,x6,1611","s2,t1,1611",
80001348,slli,a6:018ce400,,00539813,,"slli	x16,x7,0x5","a6,t2,0x5",
8000134c,sltu,s7:00000001,,008dbbb3,,"sltu	x23,x27,x8","s7,s11,s0",
80001350,srai,t6:0005b2d8,,40c65f93,,"srai	x31,x12,0xc","t6,a2,0xc",
80001354,sltiu,s7:00000000,,0b35bb93,,"sltiu	x23,x11,179","s7,a1,179",
80001358,xor,t6:fffffeeb,,002ecfb3,,"xor	x31,x29,x2","t6,t4,sp",
8000135c,xori,tp:fffffea0,,ea004213,,"xori	x4,x0,-352","tp,zero,-352",
80001364,sltu,a6:00000000,,01a13833,,"sltu	x16,x2,x26","a6,sp,s10",
80001368,or,s11:00a79ef9,,00dcedb3,,"or	x27,x25,x13","s11,s9,a3",
8000136c,add,tp:80014ced,,00ab0233,,"add	x4,x22,x10","tp,s6,a0",
80001370,xor,s4:56198e89,,01674a33,,"xor	x20,x14,x22","s4,a4,s6",
80001374,addi,a7:80018ebf,,1dbf0893,,"addi	x17,x30,475","a7,t5,475",
80001378,auipc,t2:b3b8a378,,33b89397,,"auipc	x7,0x33b89","t2,0x33b89",
8000137c,andi,s8:00000000,,cc3bfc13,,"andi	x24,x23,-829","s8,s7,-829",
80001380,sltu,sp:00000000,,01973133,,"sltu	x2,x14,x25","sp,a4,s9",
80001384,add,ra:80014ddb,,00aa80b3,,"add	x1,x21,x10","ra,s5,a0",
80001388,lui,s0:47d19000,,47d19437,,"lui	x8,0x47d19","s0,0x47d19",
8000138c,sll,s7:00000001,,008d1bb3,,"sll	x23,x26,x8","s7,s10,s0",
80001390,add,s5:00000000,,01d10ab3,,"add	x21,x2,x29","s5,sp,t4",
80001394,lui,a1:be730000,,be7305b7,,"lui	x11,0xbe730","a1,0xbe730",
80001398,addi,s10:ffffffb7,,fb6d0d13,,"addi	x26,x26,-74","s10,s10,-74",
8000139c,ori,ra:be7306fe,,6fe5e093,,"ori	x1,x11,1790","ra,a1,1790",
800013a0,addi,s2:fffff895,,89500913,,"addi	x18,x0,-1899","s2,zero,-1899",
800013a4,sltu,s5:00000000,,019cbab3,,"sltu	x21,x25,x25","s5,s9,s9",
800013a8,ori,s8:ffffffff,,1e4e6c13,,"ori	x24,x28,484","s8,t3,484",
800013ac,auipc,t1:14a313ac,,94a30317,,"auipc	x6,0x94a30","t1,0x94a30",
800013b4,srli,t1:00010003,,00f8d313,,"srli	x6,x17,0xf","t1,a7,0xf",
800013b8,slti,tp:00000000,,c9aca213,,"slti	x4,x25,-870","tp,s9,-870",
800013bc,or,s1:bef77000,,00b4e4b3,,"or	x9,x9,x11","s1,s1,a1",
800013c0,and,s11:80000000,,01177db3,,"and	x27,x14,x17","s11,a4,a7",
800013c4,slti,t1:00000000,,4a632313,,"slti	x6,x6,1190","t1,t1,1190",
800013c8,sra,a2:00000000,,41185633,,"sra	x12,x16,x17","a2,a6,a7",
800013cc,sltiu,a5:00000000,,3c23b793,,"sltiu	x15,x7,962","a5,t2,962",
800013d0,srl,a2:ffffffff,,00ec5633,,"srl	x12,x24,x14","a2,s8,a4",
800013d4,add,ra:0000000f,,013780b3,,"add	x1,x15,x19","ra,a5,s3",
800013d8,add,s2:00000000,,01010933,,"add	x18,x2,x16","s2,sp,a6",
800013dc,sra,s7:ffe70000,,4141dbb3,,"sra	x23,x3,x20","s7,gp,s4",
800013e0,or,gp:00000000,,015161b3,,"or	x3,x2,x21","gp,sp,s5",
800013e4,lui,a7:6def7000,,6def78b7,,"lui	x17,0x6def7","a7,0x6def7",
800013e8,andi,s1:00000000,,d011f493,,"andi	x9,x3,-767","s1,gp,-767",
800013ec,lui,t2:a8a6b000,,a8a6b3b7,,"lui	x7,0xa8a6b","t2,0xa8a6b",
800013f0,auipc,s5:916e33f0,,116e2a97,,"auipc	x21,0x116e2","s5,0x116e2",
800013f4,xori,s8:fffffc94,,c941cc13,,"xori	x24,x3,-876","s8,gp,-876",
800013fc,andi,t3:00000000,,9861fe13,,"andi	x28,x3,-1658","t3,gp,-1658",
80001400,slti,t2:00000001,,5b2ca393,,"slti	x7,x25,1458","t2,s9,1458",
80001404,srli,gp:00000000,,00685193,,"srli	x3,x16,0x6","gp,a6,0x6",
80001408,and,t4:00000000,,01c8feb3,,"and	x29,x17,x28","t4,a7,t3",
8000140c,addi,ra:00000521,,698b0093,,"addi	x1,x22,1688","ra,s6,1688",
80001410,sra,t4:916e33f0,,40fadeb3,,"sra	x29,x21,x15","t4,s5,a5",
80001414,slli,a7:00000000,,00601893,,"slli	x17,x0,0x6","a7,zero,0x6",
80001418,srl,tp:00000001,,0063d233,,"srl	x4,x7,x6","tp,t2,t1",
8000141c,xori,a5:fffffec0,,049b4793,,"xori	x15,x22,73","a5,s6,73",
80001420,sll,a1:44800000,,01aa15b3,,"sll	x11,x20,x26","a1,s4,s10",
80001424,ori,t6:fffffc55,,c5596f93,,"ori	x31,x18,-939","t6,s2,-939",
80001428,andi,t0:00000000,,b7b4f293,,"andi	x5,x9,-1157","t0,s1,-1157",
8000142c,sltu,gp:00000001,,01a9b1b3,,"sltu	x3,x19,x26","gp,s3,s10",
80001438,ori,gp:fffffbdd,,bdd06193,,"ori	x3,x0,-1059","gp,zero,-1059",
8000143c,sra,s2:000a79ef,,40a6d933,,"sra	x18,x13,x10","s2,a3,a0",
80001440,slt,s0:00000000,,01e3a433,,"slt	x8,x7,x30","s0,t2,t5",
80001444,xor,s6:5613f766,,012a4b33,,"xor	x22,x20,x18","s6,s4,s2",
80001448,sltiu,gp:00000001,,86683193,,"sltiu	x3,x16,-1946","gp,a6,-1946",
8000144c,sra,t4:916e33f0,,40fadeb3,,"sra	x29,x21,x15","t4,s5,a5",
80001450,add,a5:56198e89,,002a07b3,,"add	x15,x20,x2","a5,s4,sp",
80001454,sltiu,s0:00000000,,6d0fb413,,"sltiu	x8,x31,1744","s0,t6,1744",
80001458,andi,a3:00000000,,69247693,,"andi	x13,x8,1682","a3,s0,1682",
8000145c,ori,a3:000006ef,,6ef86693,,"ori	x13,x16,1775","a3,a6,1775",
80001460,ori,s9:a9e676e1,,6e176c93,,"ori	x25,x14,1761","s9,a4,1761",
80001464,slti,a1:00000000,,bb7c2593,,"slti	x11,x24,-1097","a1,s8,-1097",
80001468,or,s0:a9e676ef,,00e6e433,,"or	x8,x13,x14","s0,a3,a4",
8000146c,xor,gp:80018ce4,,01e141b3,,"xor	x3,x2,x30","gp,sp,t5",
80001470,lui,s8:15c43000,,15c43c37,,"lui	x24,0x15c43","s8,0x15c43",
80001474,slti,s7:00000001,,6784ab93,,"slti	x23,x9,1656","s7,s1,1656",
80001478,add,s5:00000000,,00b00ab3,,"add	x21,x0,x11","s5,zero,a1",
8000147c,sra,s10:ffffffff,,41065d33,,"sra	x26,x12,x16","s10,a2,a6",
80001480,add,s9:80015553,,00d50cb3,,"add	x25,x10,x13","s9,a0,a3",
80001484,sltu,t0:00000000,,0118b2b3,,"sltu	x5,x17,x17","t0,a7,a7",
80001488,sltiu,t4:00000001,,d957be93,,"sltiu	x29,x15,-619","t4,a5,-619",
8000148c,xor,s9:800b378b,,01254cb3,,"xor	x25,x10,x18","s9,a0,s2",
80001490,slt,ra:00000000,,00a7a0b3,,"slt	x1,x15,x10","ra,a5,a0",
80001494,srli,t2:00000000,,0084d393,,"srli	x7,x9,0x8","t2,s1,0x8",
80001498,or,t3:00000001,,011eee33,,"or	x28,x29,x17","t3,t4,a7",
8000149c,slli,ra:00000000,,01629093,,"slli	x1,x5,0x16","ra,t0,0x16",
800014a0,addi,a3:a9e66e77,,e7770693,,"addi	x13,x14,-393","a3,a4,-393",
800014a4,auipc,a1:c2a5e4a4,,42a5d597,,"auipc	x11,0x42a5d","a1,0x42a5d",
800014a8,or,t0:56198e89,,0097e2b3,,"or	x5,x15,x9","t0,a5,s1",
800014ac,slli,sp:00040000,,012b9113,,"slli	x2,x23,0x12","sp,s7,0x12",
800014b0,srai,s7:fffffc2a,,4145db93,,"srai	x23,x11,0x14","s7,a1,0x14",
800014b4,auipc,t3:068274b4,,86826e17,,"auipc	x28,0x86826","t3,0x86826",
800014b8,slt,s5:00000000,,0078aab3,,"slt	x21,x17,x7","s5,a7,t2",
800014bc,and,s0:00000000,,00917433,,"and	x8,x2,x9","s0,sp,s1",
800014c0,addi,s1:56198d74,,eeb78493,,"addi	x9,x15,-277","s1,a5,-277",
800014c4,srai,s9:00000000,,41b8dc93,,"srai	x25,x17,0x1b","s9,a7,0x1b",
800014c8,addi,a3:56198770,,9fc48693,,"addi	x13,x9,-1540","a3,s1,-1540",
800014cc,srl,t4:00000001,,011edeb3,,"srl	x29,x29,x17","t4,t4,a7",
800014d0,slli,s1:1e000000,,01999493,,"slli	x9,x19,0x19","s1,s3,0x19",
800014d4,lui,s5:8e3e4000,,8e3e4ab7,,"lui	x21,0x8e3e4","s5,0x8e3e4",
800014d8,sra,t6:1e000000,,4024dfb3,,"sra	x31,x9,x2","t6,s1,sp",
800014dc,slli,s8:00000000,,01411c13,,"slli	x24,x2,0x14","s8,sp,0x14",
800014e4,add,s11:00000000,,01900db3,,"add	x27,x0,x25","s11,zero,s9",
800014e8,auipc,s8:f332a4e8,,73329c17,,"auipc	x24,0x73329","s8,0x73329",
800014ec,addi,s1:000007d1,,7d180493,,"addi	x9,x16,2001","s1,a6,2001",
800014f0,andi,s7:00000751,,7754fb93,,"andi	x23,x9,1909","s7,s1,1909",
800014f4,sub,a7:56198e89,,407788b3,,"sub	x17,x15,x7","a7,a5,t2",
800014f8,lui,t1:de085000,,de085337,,"lui	x6,0xde085","t1,0xde085",
800014fc,slt,s0:00000000,,0094a433,,"slt	x8,x9,x9","s0,s1,s1",
80001500,xori,s4:a9e67ad7,,da76ca13,,"xori	x20,x13,-601","s4,a3,-601",
80001504,lui,s5:7540a000,,7540aab7,,"lui	x21,0x7540a","s5,0x7540a",
80001508,sra,a1:00000000,,4043d5b3,,"sra	x11,x7,x4","a1,t2,tp",
8000150c,sltu,t3:00000000,,010c3e33,,"sltu	x28,x24,x16","t3,s8,a6",
80001510,xor,t1:00040000,,002cc333,,"xor	x6,x25,x2","t1,s9,sp",
80001514,sub,a4:80014e64,,41050733,,"sub	x14,x10,x16","a4,a0,a6",
80001518,slli,a5:3a880000,,013b9793,,"slli	x15,x23,0x13","a5,s7,0x13",
8000151c,xor,t0:80014e65,,01d742b3,,"xor	x5,x14,x29","t0,a4,t4",
80001520,ori,a2:f332a7f8,,310c6613,,"ori	x12,x24,784","a2,s8,784",
80001524,andi,a2:000000c4,,4eca7613,,"andi	x12,x20,1260","a2,s4,1260",
80001528,sll,s9:a7320000,,01251cb3,,"sll	x25,x10,x18","s9,a0,s2",
8000152c,andi,t6:80014804,,89c57f93,,"andi	x31,x10,-1892","t6,a0,-1892",
80001530,sltiu,s7:00000000,,7437bb93,,"sltiu	x23,x15,1859","s7,a5,1859",
80001534,sll,t2:000000c4,,01c613b3,,"sll	x7,x12,x28","t2,a2,t3",
80001538,addi,s4:a9e674a6,,9cfa0a13,,"addi	x20,x20,-1585","s4,s4,-1585",
8000153c,sltiu,s0:00000001,,23b43413,,"sltiu	x8,x8,571","s0,s0,571",
80001540,lui,t6:739df000,,739dffb7,,"lui	x31,0x739df","t6,0x739df",
80001544,srli,tp:00000002,,01ea5213,,"srli	x4,x20,0x1e","tp,s4,0x1e",
80001548,sltiu,s8:00000000,,4ac33c13,,"sltiu	x24,x6,1196","s8,t1,1196",
8000154c,sltiu,s10:00000001,,338bbd13,,"sltiu	x26,x23,824","s10,s7,824",
80001550,srl,a4:00000000,,01cdd733,,"srl	x14,x27,x28","a4,s11,t3",
80001554,srli,a7:00000000,,005ed893,,"srli	x17,x29,0x5","a7,t4,0x5",
80001558,addi,a4:000002df,,21b38713,,"addi	x14,x7,539","a4,t2,539",
8000155c,slti,s7:00000000,,adcc2b93,,"slti	x23,x24,-1316","s7,s8,-1316",
80001560,sub,a7:a9f0089a,,416308b3,,"sub	x17,x6,x22","a7,t1,s6",
80001568,xori,ra:fffbf8a1,,8a114093,,"xori	x1,x2,-1887","ra,sp,-1887",
8000156c,xor,t1:00040000,,0025c333,,"xor	x6,x11,x2","t1,a1,sp",
80001574,slli,s1:00800000,,01621493,,"slli	x9,x4,0x16","s1,tp,0x16",
80001578,and,s11:00000000,,01967db3,,"and	x27,x12,x25","s11,a2,s9",
8000157c,slli,t2:13400000,,01589393,,"slli	x7,x17,0x15","t2,a7,0x15",
80001580,addi,s9:fffffac0,,ac000c93,,"addi	x25,x0,-1344","s9,zero,-1344",
80001584,sra,a5:00000001,,41fd57b3,,"sra	x15,x26,x31","a5,s10,t6",
80001588,srai,ra:ffff8001,,4101d093,,"srai	x1,x3,0x10","ra,gp,0x10",
80001590,slti,t1:00000001,,b7dca313,,"slti	x6,x25,-1155","t1,s9,-1155",
80001594,sub,t1:ffffffff,,41ad8333,,"sub	x6,x27,x26","t1,s11,s10",
8000159c,sltiu,s9:00000000,,564cbc93,,"sltiu	x25,x25,1380","s9,s9,1380",
800015a0,srai,s2:00000000,,41ffd913,,"srai	x18,x31,0x1f","s2,t6,0x1f",
800015a4,srli,t4:00000000,,00c95e93,,"srli	x29,x18,0xc","t4,s2,0xc",
800015a8,lui,s9:6a367000,,6a367cb7,,"lui	x25,0x6a367","s9,0x6a367",
800015ac,sll,t6:56198770,,01869fb3,,"sll	x31,x13,x24","t6,a3,s8",
800015b0,xori,a5:fffffb20,,b20ec793,,"xori	x15,x29,-1248","a5,t4,-1248",
800015b4,sll,gp:00000000,,009e91b3,,"sll	x3,x29,x9","gp,t4,s1",
800015b8,xor,s10:a9f0089a,,01194d33,,"xor	x26,x18,x17","s10,s2,a7",
800015bc,sltu,s4:00000001,,01eeba33,,"sltu	x20,x29,x30","s4,t4,t5",
800015c0,slli,t0:00000000,,01001293,,"slli	x5,x0,0x10","t0,zero,0x10",
800015c4,sub,t3:ea34e31c,,41ec8e33,,"sub	x28,x25,x30","t3,s9,t5",
800015c8,add,s8:5613f768,,004b0c33,,"add	x24,x22,x4","s8,s6,tp",
800015cc,srai,ra:00000001,,4039d093,,"srai	x1,x19,0x3","ra,s3,0x3",
800015d0,sra,a4:00000000,,40d45733,,"sra	x14,x8,x13","a4,s0,a3",
800015d4,lui,s8:7e0f8000,,7e0f8c37,,"lui	x24,0x7e0f8","s8,0x7e0f8",
800015e0,auipc,t4:a6e405e0,,26e3fe97,,"auipc	x29,0x26e3f","t4,0x26e3f",
800015e4,srli,tp:000003f0,,015c5213,,"srli	x4,x24,0x15","tp,s8,0x15",
800015e8,srl,s2:5613f766,,012b5933,,"srl	x18,x22,x18","s2,s6,s2",
800015ec,add,a4:29f156fe,,01a50733,,"add	x14,x10,x26","a4,a0,s10",
800015f0,srl,a5:00000000,,00d5d7b3,,"srl	x15,x11,x13","a5,a1,a3",
800015f4,add,a3:00800000,,009006b3,,"add	x13,x0,x9","a3,zero,s1",
800015f8,sltiu,s4:00000001,,db273a13,,"sltiu	x20,x14,-590","s4,a4,-590",
80001600,sltiu,tp:00000001,,f87fb213,,"sltiu	x4,x31,-121","tp,t6,-121",
80001604,srl,s9:00040000,,00915cb3,,"srl	x25,x2,x9","s9,sp,s1",
80001608,lui,a2:97633000,,97633637,,"lui	x12,0x97633","a2,0x97633",
8000160c,add,s7:6844631c,,018e0bb3,,"add	x23,x28,x24","s7,t3,s8",
80001610,slt,s11:00000000,,01cbadb3,,"slt	x27,x23,x28","s11,s7,t3",
80001614,or,t4:a6e405e0,,01dceeb3,,"or	x29,x25,x29","t4,s9,t4",
80001618,xori,ra:ffffffe8,,fe90c093,,"xori	x1,x1,-23","ra,ra,-23",
8000161c,slt,t3:00000000,,01db2e33,,"slt	x28,x22,x29","t3,s6,t4",
80001624,lui,tp:f11a1000,,f11a1237,,"lui	x4,0xf11a1","tp,0xf11a1",
80001628,xor,tp:a970089a,,0114c233,,"xor	x4,x9,x17","tp,s1,a7",
8000162c,andi,s5:00000420,,723f7a93,,"andi	x21,x30,1827","s5,t5,1827",
80001630,or,t3:7e57f77e,,016bee33,,"or	x28,x23,x22","t3,s7,s6",
80001638,sub,s2:00000001,,40540933,,"sub	x18,x8,x5","s2,s0,t0",
8000163c,xor,a2:ecbfffe8,,0013c633,,"xor	x12,x7,x1","a2,t2,ra",
80001640,slti,a5:00000001,,ba48a793,,"slti	x15,x17,-1116","a5,a7,-1116",
80001644,sltu,t0:00000001,,01f932b3,,"sltu	x5,x18,x31","t0,s2,t6",
80001648,sll,a6:a970089a,,01d21833,,"sll	x16,x4,x29","a6,tp,t4",
8000164c,sltiu,sp:00000000,,18c3b113,,"sltiu	x2,x7,396","sp,t2,396",
80001650,srai,t4:00000000,,41e95e93,,"srai	x29,x18,0x1e","t4,s2,0x1e",
80001654,sra,a5:07e0f800,,41ec57b3,,"sra	x15,x24,x30","a5,s8,t5",
80001658,ori,s4:ffffffff,,f8136a13,,"ori	x20,x6,-127","s4,t1,-127",
8000165c,srl,a1:ffffffe8,,01b0d5b3,,"srl	x11,x1,x27","a1,ra,s11",
80001660,sltu,s8:00000001,,014d3c33,,"sltu	x24,x26,x20","s8,s10,s4",
80001664,sltiu,t3:00000001,,f50cbe13,,"sltiu	x28,x25,-176","t3,s9,-176",
80001668,addi,t6:a9700dde,,54420f93,,"addi	x31,x4,1348","t6,tp,1348",
8000166c,slli,s10:00000000,,01739d13,,"slli	x26,x7,0x17","s10,t2,0x17",
80001670,add,gp:ffffffe8,,001e81b3,,"add	x3,x29,x1","gp,t4,ra",
80001674,srli,sp:0003ffff,,00ea5113,,"srli	x2,x20,0xe","sp,s4,0xe",
80001678,auipc,s2:6b2a6678,,eb2a5917,,"auipc	x18,0xeb2a5","s2,0xeb2a5",
8000167c,auipc,s6:30f6c67c,,b0f6bb17,,"auipc	x22,0xb0f6b","s6,0xb0f6b",
80001680,xor,t6:a970089b,,0042cfb3,,"xor	x31,x5,x4","t6,t0,tp",
80001684,sub,a5:00000000,,41a007b3,,"sub	x15,x0,x26","a5,zero,s10",
80001688,xori,s8:a9f00cab,,4318cc13,,"xori	x24,x17,1073","s8,a7,1073",
8000168c,slli,a1:ffe80000,,01009593,,"slli	x11,x1,0x10","a1,ra,0x10",
80001690,sll,a2:80000000,,00631633,,"sll	x12,x6,x6","a2,t1,t1",
80001694,xori,a2:fffffc30,,810ac613,,"xori	x12,x21,-2032","a2,s5,-2032",
80001698,add,s5:133fffe8,,00708ab3,,"add	x21,x1,x7","s5,ra,t2",
800016a0,sltiu,t1:00000001,,244db313,,"sltiu	x6,x27,580","t1,s11,580",
800016a4,srli,s6:00000001,,01f25b13,,"srli	x22,x4,0x1f","s6,tp,0x1f",
800016a8,slli,a5:00000000,,00379793,,"slli	x15,x15,0x3","a5,a5,0x3",
800016b0,xori,s11:0003fd0a,,2f514d93,,"xori	x27,x2,757","s11,sp,757",
800016b4,andi,t6:0000000c,,8cc9ff93,,"andi	x31,x19,-1844","t6,s3,-1844",
800016b8,sltu,s9:00000001,,01e33cb3,,"sltu	x25,x6,x30","s9,t1,t5",
800016bc,sub,s2:568ff396,,40460933,,"sub	x18,x12,x4","s2,a2,tp",
800016c0,addi,s0:a9f00e38,,18dc0413,,"addi	x8,x24,397","s0,s8,397",
800016c4,xor,s0:a970089b,,004b4433,,"xor	x8,x22,x4","s0,s6,tp",
800016cc,srai,s1:ffffffff,,4161d493,,"srai	x9,x3,0x16","s1,gp,0x16",
800016d0,sra,s6:00000000,,40b7db33,,"sra	x22,x15,x11","s6,a5,a1",
800016d4,auipc,t0:e6c036d4,,66c02297,,"auipc	x5,0x66c02","t0,0x66c02",
800016dc,srai,a2:00000007,,40fdd613,,"srai	x12,x27,0xf","a2,s11,0xf",
800016e4,slti,s1:00000001,,c23f2493,,"slti	x9,x30,-989","s1,t5,-989",
800016e8,sub,t6:0000000b,,406f8fb3,,"sub	x31,x31,x6","t6,t6,t1",
800016ec,auipc,s9:b188e6ec,,3188dc97,,"auipc	x25,0x3188d","s9,0x3188d",
800016f0,slti,a7:00000001,,479c2893,,"slti	x17,x24,1145","a7,s8,1145",
800016f4,sll,a5:22318e00,,00cb97b3,,"sll	x15,x23,x12","a5,s7,a2",
800016f8,sub,sp:5613f354,,41810133,,"sub	x2,x2,x24","sp,sp,s8",
800016fc,srl,s2:5613f354,,00b15933,,"srl	x18,x2,x11","s2,sp,a1",
80001704,sltiu,s2:00000001,,c674b913,,"sltiu	x18,x9,-921","s2,s1,-921",
80001708,xori,a3:fffffa3c,,5c3a4693,,"xori	x13,x20,1475","a3,s4,1475",
8000170c,auipc,t3:78ee170c,,f8ee0e17,,"auipc	x28,0xf8ee0","t3,0xf8ee0",
80001710,slt,s5:00000000,,0149aab3,,"slt	x21,x19,x20","s5,s3,s4",
80001714,lui,s4:02b8e000,,02b8ea37,,"lui	x20,0x2b8e","s4,0x2b8e",
80001718,add,t0:78ee171b,,013e02b3,,"add	x5,x28,x19","t0,t3,s3",
8000171c,auipc,s5:b0b6d71c,,30b6ca97,,"auipc	x21,0x30b6c","s5,0x30b6c",
80001724,addi,a3:a9700429,,b8f20693,,"addi	x13,x4,-1137","a3,tp,-1137",
80001728,xori,t1:ffffff54,,f5404313,,"xori	x6,x0,-172","t1,zero,-172",
8000172c,auipc,a2:741db72c,,f41da617,,"auipc	x12,0xf41da","a2,0xf41da",
80001730,addi,t4:fffffbd6,,bd6e8e93,,"addi	x29,x29,-1066","t4,t4,-1066",
80001734,sll,t4:0089a000,,01c81eb3,,"sll	x29,x16,x28","t4,a6,t3",
80001738,srli,s2:00000000,,0078d913,,"srli	x18,x17,0x7","s2,a7,0x7",
80001740,sltiu,s5:00000000,,2e3eba93,,"sltiu	x21,x29,739","s5,t4,739",
80001744,slli,s8:00000000,,01779c13,,"slli	x24,x15,0x17","s8,a5,0x17",
80001748,andi,s10:00000000,,c4ad7d13,,"andi	x26,x26,-950","s10,s10,-950",
8000174c,addi,t1:29f1595a,,25c70313,,"addi	x6,x14,604","t1,a4,604",
80001750,lui,t1:c204d000,,c204d337,,"lui	x6,0xc204d","t1,0xc204d",
80001754,sll,t0:00000000,,00e192b3,,"sll	x5,x3,x14","t0,gp,a4",
80001758,slli,s2:8ab7f000,,00b71913,,"slli	x18,x14,0xb","s2,a4,0xb",
8000175c,sub,s5:00000000,,415d0ab3,,"sub	x21,x26,x21","s5,s10,s5",
80001760,sll,s0:00000000,,010d1433,,"sll	x8,x26,x16","s0,s10,a6",
80001764,or,t2:8ab7f000,,015963b3,,"or	x7,x18,x21","t2,s2,s5",
8000176c,xor,ra:6844631c,,018bc0b3,,"xor	x1,x23,x24","ra,s7,s8",
80001770,srai,t6:fffff800,,41455f93,,"srai	x31,x10,0x14","t6,a0,0x14",
80001774,andi,a2:00000000,,00fc7613,,"andi	x12,x24,15","a2,s8,15",
80001778,srl,a1:00000000,,017455b3,,"srl	x11,x8,x23","a1,s0,s7",
80001780,or,s9:b188e6ec,,00bcecb3,,"or	x25,x25,x11","s9,s9,a1",
80001784,sltiu,a1:00000001,,f320b593,,"sltiu	x11,x1,-206","a1,ra,-206",
80001788,slti,t0:00000001,,7d822293,,"slti	x5,x4,2008","t0,tp,2008",
8000178c,add,a1:0000000f,,013605b3,,"add	x11,x12,x19","a1,a2,s3",
80001790,slt,a1:00000001,,001125b3,,"slt	x11,x2,x1","a1,sp,ra",
80001794,srai,s8:00000000,,41445c13,,"srai	x24,x8,0x14","s8,s0,0x14",
80001798,xori,gp:fd471a9d,,a9da4193,,"xori	x3,x20,-1379","gp,s4,-1379",
8000179c,slti,s10:00000000,,e68aad13,,"slti	x26,x21,-408","s10,s5,-408",
800017a0,sra,s7:00000000,,417c5bb3,,"sra	x23,x24,x23","s7,s8,s7",
800017a4,slli,s0:70089a00,,00881413,,"slli	x8,x16,0x8","s0,a6,0x8",
800017a8,andi,t2:00000000,,d308f393,,"andi	x7,x17,-720","t2,a7,-720",
800017ac,addi,a7:fffff825,,825d0893,,"addi	x17,x26,-2011","a7,s10,-2011",
800017b0,ori,a4:02b8e015,,015a6713,,"ori	x14,x20,21","a4,s4,21",
800017b4,addi,s4:000005e8,,5e748a13,,"addi	x20,x9,1511","s4,s1,1511",
800017b8,sra,t4:8ab7f000,,40795eb3,,"sra	x29,x18,x7","t4,s2,t2",
800017bc,ori,s4:fffffb16,,b1646a13,,"ori	x20,x8,-1258","s4,s0,-1258",
800017c0,sltiu,s5:00000001,,2c2aba93,,"sltiu	x21,x21,706","s5,s5,706",
800017c4,ori,a1:6844637f,,2770e593,,"ori	x11,x1,631","a1,ra,631",
800017c8,auipc,gp:5b9687c8,,db967197,,"auipc	x3,0xdb967","gp,0xdb967",
800017cc,xor,s0:5b9687c8,,003bc433,,"xor	x8,x23,x3","s0,s7,gp",
800017d0,xor,t3:00000000,,00c04e33,,"xor	x28,x0,x12","t3,zero,a2",
800017d4,addi,a7:223191e9,,3e978893,,"addi	x17,x15,1001","a7,a5,1001",
800017d8,and,ra:fffff800,,01fa70b3,,"and	x1,x20,x31","ra,s4,t6",
800017dc,addi,a7:fffff466,,c66f8893,,"addi	x17,x31,-922","a7,t6,-922",
800017e0,xor,a6:0003fd0b,,01b2c833,,"xor	x16,x5,x27","a6,t0,s11",
800017e4,xori,s1:c204d237,,23734493,,"xori	x9,x6,567","s1,t1,567",
800017ec,xor,a6:00000c66,,0110c833,,"xor	x16,x1,x17","a6,ra,a7",
800017f0,lui,a1:0146a000,,0146a5b7,,"lui	x11,0x146a","a1,0x146a",
800017f4,ori,s7:80014e65,,46156b93,,"ori	x23,x10,1121","s7,a0,1121",
800017f8,sltu,s9:00000001,,0046bcb3,,"sltu	x25,x13,x4","s9,a3,tp",
800017fc,slli,a1:00000000,,000c1593,,"slli	x11,x24,0x0","a1,s8,0x0",
80001800,auipc,a3:bd288800,,3d287697,,"auipc	x13,0x3d287","a3,0x3d287",
80001804,and,t1:00000640,,0171f333,,"and	x6,x3,x23","t1,gp,s7",
80001808,srli,t2:00000000,,01f45393,,"srli	x7,x8,0x1f","t2,s0,0x1f",
80001810,sra,s4:00000000,,404ada33,,"sra	x20,x21,x4","s4,s5,tp",
80001814,sra,t6:00000000,,416c5fb3,,"sra	x31,x24,x22","t6,s8,s6",
80001818,addi,s11:000006dc,,6db28d93,,"addi	x27,x5,1755","s11,t0,1755",
8000181c,auipc,a5:15d0f81c,,95d0e797,,"auipc	x15,0x95d0e","a5,0x95d0e",
80001820,sltiu,a6:00000001,,224c3813,,"sltiu	x16,x24,548","a6,s8,548",
80001824,or,s10:15d0fe5c,,00f36d33,,"or	x26,x6,x15","s10,t1,a5",
80001828,slt,t4:00000000,,012faeb3,,"slt	x29,x31,x18","t4,t6,s2",
8000182c,sll,s6:fa330000,,01389b33,,"sll	x22,x17,x19","s6,a7,s3",
80001830,xori,a3:ea2f00e6,,8fa7c693,,"xori	x13,x15,-1798","a3,a5,-1798",
80001834,and,s8:00000000,,014cfc33,,"and	x24,x25,x20","s8,s9,s4",
80001838,slt,a4:00000001,,0134a733,,"slt	x14,x9,x19","a4,s1,s3",
8000183c,xor,t6:15d0f480,,0116cfb3,,"xor	x31,x13,x17","t6,a3,a7",
80001840,slli,s10:20000000,,01d81d13,,"slli	x26,x16,0x1d","s10,a6,0x1d",
80001844,sll,sp:33000000,,008b1133,,"sll	x2,x22,x8","sp,s6,s0",
80001848,srli,a4:005b9687,,0081d713,,"srli	x14,x3,0x8","a4,gp,0x8",
8000184c,srai,a1:00000000,,40705593,,"srai	x11,x0,0x7","a1,zero,0x7",
80001850,srli,s0:00000000,,004e5413,,"srli	x8,x28,0x4","s0,t3,0x4",
80001854,srl,t1:20000000,,012d5333,,"srl	x6,x26,x18","t1,s10,s2",
80001858,xori,s0:fffff813,,81304413,,"xori	x8,x0,-2029","s0,zero,-2029",
8000185c,sll,s2:15d0f81c,,01679933,,"sll	x18,x15,x22","s2,a5,s6",
80001860,sltu,s1:00000000,,013934b3,,"sltu	x9,x18,x19","s1,s2,s3",
80001864,srai,s7:00000000,,40d3db93,,"srai	x23,x7,0xd","s7,t2,0xd",
80001868,sub,ra:05cd06dc,,416d80b3,,"sub	x1,x27,x22","ra,s11,s6",
8000186c,sra,a6:00000000,,411e5833,,"sra	x16,x28,x17","a6,t3,a7",
80001870,xor,s11:20000000,,014d4db3,,"xor	x27,x26,x20","s11,s10,s4",
80001874,srli,s0:00000000,,012bd413,,"srli	x8,x23,0x12","s0,s7,0x12",
80001878,srli,s7:00000000,,00d65b93,,"srli	x23,x12,0xd","s7,a2,0xd",
8000187c,and,t1:00000000,,0154f333,,"and	x6,x9,x21","t1,s1,s5",
80001880,slt,s8:00000000,,01912c33,,"slt	x24,x2,x25","s8,sp,s9",
80001884,add,t6:00000000,,01840fb3,,"add	x31,x8,x24","t6,s0,s8",
80001888,or,s0:0000000f,,00b9e433,,"or	x8,x19,x11","s0,s3,a1",
8000188c,auipc,s7:b222088c,,3221fb97,,"auipc	x23,0x3221f","s7,0x3221f",
80001890,slt,t2:00000000,,01f323b3,,"slt	x7,x6,x31","t2,t1,t6",
80001894,and,a2:00000000,,005ef633,,"and	x12,x29,x5","a2,t4,t0",
80001898,and,s7:00000000,,007dfbb3,,"and	x23,x27,x7","s7,s11,t2",
8000189c,slti,a1:00000000,,bf6d2593,,"slti	x11,x26,-1034","a1,s10,-1034",
800018a0,srl,a1:00000000,,01f355b3,,"srl	x11,x6,x31","a1,t1,t6",
800018a4,sra,s9:00000000,,40e9dcb3,,"sra	x25,x19,x14","s9,s3,a4",
800018a8,xor,s4:00000000,,006bca33,,"xor	x20,x23,x6","s4,s7,t1",
800018ac,auipc,s1:6c3f18ac,,ec3f0497,,"auipc	x9,0xec3f0","s1,0xec3f0",
800018b0,slli,ra:a8bc0398,,00269093,,"slli	x1,x13,0x2","ra,a3,0x2",
800018b4,sra,a5:00000000,,414357b3,,"sra	x15,x6,x20","a5,t1,s4",
800018b8,xori,t1:ccfff9ba,,9ba14313,,"xori	x6,x2,-1606","t1,sp,-1606",
800018bc,add,s1:5b9687c8,,01f184b3,,"add	x9,x3,x31","s1,gp,t6",
800018c4,slli,a1:00000000,,00d79593,,"slli	x11,x15,0xd","a1,a5,0xd",
800018cc,and,t6:00000000,,006e7fb3,,"and	x31,x28,x6","t6,t3,t1",
800018d0,or,t6:005b9687,,01776fb3,,"or	x31,x14,x23","t6,a4,s7",
800018d4,srli,s8:00000000,,01dc5c13,,"srli	x24,x24,0x1d","s8,s8,0x1d",
800018d8,slli,s0:00080000,,013a9413,,"slli	x8,x21,0x13","s0,s5,0x13",
800018dc,or,t0:ea2f00e6,,0186e2b3,,"or	x5,x13,x24","t0,a3,s8",
800018e0,sll,a7:15d0f81c,,010918b3,,"sll	x17,x18,x16","a7,s2,a6",
800018e4,or,s1:a970089b,,015264b3,,"or	x9,x4,x21","s1,tp,s5",
800018e8,andi,a2:00000000,,8b3c7613,,"andi	x12,x24,-1869","a2,s8,-1869",
800018ec,add,s1:205b9687,,01fd84b3,,"add	x9,x27,x31","s1,s11,t6",
800018f0,sltu,ra:00000000,,0021b0b3,,"sltu	x1,x3,x2","ra,gp,sp",
800018f4,sub,a2:ffa46979,,41f58633,,"sub	x12,x11,x31","a2,a1,t6",
800018fc,srai,s9:ffffff33,,41635c93,,"srai	x25,x6,0x16","s9,t1,0x16",
80001904,sltiu,t6:00000000,,3c033f93,,"sltiu	x31,x6,960","t6,t1,960",
80001908,xor,t2:ccfff9b5,,013343b3,,"xor	x7,x6,x19","t2,t1,s3",
8000190c,srl,a7:00000000,,003e58b3,,"srl	x17,x28,x3","a7,t3,gp",
80001910,xori,s4:3300047e,,dc434a13,,"xori	x20,x6,-572","s4,t1,-572",
80001914,sltiu,s4:00000001,,85ce3a13,,"sltiu	x20,x28,-1956","s4,t3,-1956",
80001918,sltu,s10:00000001,,00583d33,,"sltu	x26,x16,x5","s10,a6,t0",
8000191c,add,a6:00000000,,010e0833,,"add	x16,x28,x16","a6,t3,a6",
80001920,srl,s7:0199fff3,,00e35bb3,,"srl	x23,x6,x14","s7,t1,a4",
80001928,addi,s9:0008048b,,48b40c93,,"addi	x25,x8,1163","s9,s0,1163",
8000192c,sub,s4:15c8f391,,41990a33,,"sub	x20,x18,x25","s4,s2,s9",
80001934,sra,s6:ea2f00e6,,40f6db33,,"sra	x22,x13,x15","s6,a3,a5",
80001938,or,a5:80018ce4,,01ff67b3,,"or	x15,x30,x31","a5,t5,t6",
8000193c,lui,a5:dafd5000,,dafd57b7,,"lui	x15,0xdafd5","a5,0xdafd5",
80001940,or,t2:15d0f81c,,018963b3,,"or	x7,x18,x24","t2,s2,s8",
80001944,sll,a2:79c88000,,013a1633,,"sll	x12,x20,x19","a2,s4,s3",
80001948,sub,s1:a4717cc3,,403c84b3,,"sub	x9,x25,x3","s1,s9,gp",
8000194c,srl,s8:00000008,,01255c33,,"srl	x24,x10,x18","s8,a0,s2",
80001950,sll,s0:00000000,,00c01433,,"sll	x8,x0,x12","s0,zero,a2",
80001954,auipc,a3:e41ad954,,641ac697,,"auipc	x13,0x641ac","a3,0x641ac",
80001958,and,t1:00000000,,003ef333,,"and	x6,x29,x3","t1,t4,gp",
8000195c,srl,s0:00000000,,01e35433,,"srl	x8,x6,x30","s0,t1,t5",
80001960,or,t0:335b9687,,002762b3,,"or	x5,x14,x2","t0,a4,sp",
80001964,srl,a7:00000003,,0122d8b3,,"srl	x17,x5,x18","a7,t0,s2",
80001968,sub,s1:7ffeb19c,,40ae84b3,,"sub	x9,x29,x10","s1,t4,a0",
8000196c,or,t1:fffff19c,,00f4e333,,"or	x6,x9,x15","t1,s1,a5",
80001970,srai,t1:00000000,,415d5313,,"srai	x6,x26,0x15","t1,s10,0x15",
80001974,sltu,a3:00000000,,01d5b6b3,,"sltu	x13,x11,x29","a3,a1,t4",
80001978,xori,s6:a9700a34,,2ae24b13,,"xori	x22,x4,686","s6,tp,686",
8000197c,addi,t2:000003b8,,3b880393,,"addi	x7,x16,952","t2,a6,952",
80001980,and,t3:00000003,,011bfe33,,"and	x28,x23,x17","t3,s7,a7",
80001984,addi,a3:00000a11,,65938693,,"addi	x13,x7,1625","a3,t2,1625",
80001988,auipc,s4:03654988,,83653a17,,"auipc	x20,0x83653","s4,0x83653",
8000198c,sltu,t6:00000001,,002dbfb3,,"sltu	x31,x27,x2","t6,s11,sp",
80001990,ori,a6:fffffff7,,f16be813,,"ori	x16,x23,-234","a6,s7,-234",
80001994,slti,s0:00000000,,0201a413,,"slti	x8,x3,32","s0,gp,32",
80001998,add,t4:00000003,,000e0eb3,,"add	x29,x28,x0","t4,t3,zero",
8000199c,lui,a2:a80ad000,,a80ad637,,"lui	x12,0xa80ad","a2,0xa80ad",
800019a0,slt,s0:00000000,,0166a433,,"slt	x8,x13,x22","s0,a3,s6",
800019a4,sll,gp:00000000,,00ad91b3,,"sll	x3,x27,x10","gp,s11,a0",
800019a8,sltiu,tp:00000001,,fd7cb213,,"sltiu	x4,x25,-41","tp,s9,-41",
800019ac,sll,s1:7c0e0000,,013914b3,,"sll	x9,x18,x19","s1,s2,s3",
800019b0,add,sp:005b9a3f,,00e38133,,"add	x2,x7,x14","sp,t2,a4",
800019b8,add,a2:00000006,,01188633,,"add	x12,x17,x17","a2,a7,a7",
800019bc,srli,s6:00000000,,01ea5b13,,"srli	x22,x20,0x1e","s6,s4,0x1e",
800019c0,xor,tp:4f559687,,0092c233,,"xor	x4,x5,x9","tp,t0,s1",
800019c4,srl,s4:00000000,,00dc5a33,,"srl	x20,x24,x13","s4,s8,a3",
800019cc,slt,s6:00000001,,0111ab33,,"slt	x22,x3,x17","s6,gp,a7",
800019d0,auipc,ra:83bd49d0,,03bd3097,,"auipc	x1,0x3bd3","ra,0x3bd3",
800019d4,slli,s8:f81c0000,,01091c13,,"slli	x24,x18,0x10","s8,s2,0x10",
800019d8,srli,a6:00000000,,01e35813,,"srli	x16,x6,0x1e","a6,t1,0x1e",
800019dc,xor,t2:000003b8,,0003c3b3,,"xor	x7,x7,x0","t2,t2,zero",
800019e0,srli,s5:00000000,,01065a93,,"srli	x21,x12,0x10","s5,a2,0x10",
800019e8,srai,ra:00000000,,4133d093,,"srai	x1,x7,0x13","ra,t2,0x13",
800019ec,xor,t1:f81c0000,,01804333,,"xor	x6,x0,x24","t1,zero,s8",
800019f0,sltu,gp:00000000,,01d331b3,,"sltu	x3,x6,x29","gp,t1,t4",
800019f4,sra,a5:00010091,,41ccd7b3,,"sra	x15,x25,x28","a5,s9,t3",
800019f8,or,s10:00000003,,01c0ed33,,"or	x26,x1,x28","s10,ra,t3",
80001a04,xor,a2:00080488,,0198c633,,"xor	x12,x17,x25","a2,a7,s9",
80001a08,and,s8:00000018,,0123fc33,,"and	x24,x7,x18","s8,t2,s2",
80001a10,srai,s2:00000000,,40305913,,"srai	x18,x0,0x3","s2,zero,0x3",
80001a14,ori,a4:0000049b,,49ae6713,,"ori	x14,x28,1178","a4,t3,1178",
80001a18,ori,t6:ffffffee,,b4af6f93,,"ori	x31,x30,-1206","t6,t5,-1206",
80001a1c,xor,t3:00000003,,015ece33,,"xor	x28,x29,x21","t3,t4,s5",
80001a20,lui,a6:534fe000,,534fe837,,"lui	x16,0x534fe","a6,0x534fe",
80001a24,slti,t3:00000000,,de1fae13,,"slti	x28,x31,-543","t3,t6,-543",
80001a28,srai,s10:013d565a,,40625d13,,"srai	x26,x4,0x6","s10,tp,0x6",
80001a30,sra,a1:00000000,,4065d5b3,,"sra	x11,x11,x6","a1,a1,t1",
80001a34,slli,s11:b0000000,,01cc9d93,,"slli	x27,x25,0x1c","s11,s9,0x1c",
80001a38,slt,t2:00000001,,00d5a3b3,,"slt	x7,x11,x13","t2,a1,a3",
80001a3c,srai,s2:00013d56,,40e25913,,"srai	x18,x4,0xe","s2,tp,0xe",
80001a40,ori,a2:000005f1,,5f10e613,,"ori	x12,x1,1521","a2,ra,1521",
80001a44,ori,s1:f81c07cf,,7cf36493,,"ori	x9,x6,1999","s1,t1,1999",
80001a48,or,a2:f81c07cf,,0134e633,,"or	x12,x9,x19","a2,s1,s3",
80001a4c,lui,a4:35c14000,,35c14737,,"lui	x14,0x35c14","a4,0x35c14",
80001a50,auipc,t6:47716a50,,c7715f97,,"auipc	x31,0xc7715","t6,0xc7715",
80001a54,addi,a2:335b93ee,,d6728613,,"addi	x12,x5,-665","a2,t0,-665",
80001a58,auipc,t6:ce846a58,,4e845f97,,"auipc	x31,0x4e845","t6,0x4e845",
80001a5c,srai,t0:00000000,,41da5293,,"srai	x5,x20,0x1d","t0,s4,0x1d",
80001a64,andi,s10:00000456,,4f697d13,,"andi	x26,x18,1270","s10,s2,1270",
80001a68,add,t6:b0000000,,01b08fb3,,"add	x31,x1,x27","t6,ra,s11",
80001a6c,add,t3:00013d57,,012b0e33,,"add	x28,x22,x18","t3,s6,s2",
80001a70,slt,s2:00000000,,00372933,,"slt	x18,x14,x3","s2,a4,gp",
80001a74,add,s0:005b9a3f,,00510433,,"add	x8,x2,x5","s0,sp,t0",
80001a78,sll,gp:81c07cf0,,01e491b3,,"sll	x3,x9,x30","gp,s1,t5",
80001a7c,slt,a5:00000000,,009927b3,,"slt	x15,x18,x9","a5,s2,s1",
80001a80,xori,t2:b0000595,,595fc393,,"xori	x7,x31,1429","t2,t6,1429",
80001a84,sra,a3:00000003,,40e8d6b3,,"sra	x13,x17,x14","a3,a7,a4",
80001a88,sra,a2:00000000,,4147d633,,"sra	x12,x15,x20","a2,a5,s4",
80001a90,slt,t6:00000000,,00522fb3,,"slt	x31,x4,x5","t6,tp,t0",
80001a94,xor,a5:00000000,,015a47b3,,"xor	x15,x20,x21","a5,s4,s5",
80001a98,xor,t2:4f0e0cb8,,002243b3,,"xor	x7,x4,x2","t2,tp,sp",
80001aa0,slli,a5:00000c00,,00a89793,,"slli	x15,x17,0xa","a5,a7,0xa",
80001aa4,xori,s6:0000012b,,12bacb13,,"xori	x22,x21,299","s6,s5,299",
80001aa8,or,a5:80014e7c,,018567b3,,"or	x15,x10,x24","a5,a0,s8",
80001ab0,and,s2:00000000,,00107933,,"and	x18,x0,x1","s2,zero,ra",
80001ab4,sra,s9:00000000,,41f5dcb3,,"sra	x25,x11,x31","s9,a1,t6",
80001ab8,sra,t0:00000003,,41f6d2b3,,"sra	x5,x13,x31","t0,a3,t6",
80001abc,addi,s9:000005ff,,5fc28c93,,"addi	x25,x5,1532","s9,t0,1532",
80001ac0,ori,a5:0199ffff,,7ffbe793,,"ori	x15,x23,2047","a5,s7,2047",
80001ac4,sltu,s5:00000001,,00a9bab3,,"sltu	x21,x19,x10","s5,s3,a0",
80001ac8,srl,s1:035c1400,,00a754b3,,"srl	x9,x14,x10","s1,a4,a0",
80001acc,auipc,s4:1aff1acc,,9aff0a17,,"auipc	x20,0x9aff0","s4,0x9aff0",
80001ad0,xor,a6:0199ffff,,0007c833,,"xor	x16,x15,x0","a6,a5,zero",
80001ad8,srl,s6:00000001,,0191db33,,"srl	x22,x3,x25","s6,gp,s9",
80001adc,slti,s1:00000000,,94412493,,"slti	x9,x2,-1724","s1,sp,-1724",
80001ae0,slli,s6:00000000,,01a31b13,,"slli	x22,x6,0x1a","s6,t1,0x1a",
80001ae4,sltu,s11:00000001,,0048bdb3,,"sltu	x27,x17,x4","s11,a7,tp",
80001ae8,add,gp:00000003,,016681b3,,"add	x3,x13,x22","gp,a3,s6",
80001aec,sltu,a1:00000001,,0075b5b3,,"sltu	x11,x11,x7","a1,a1,t2",
80001af0,slli,sp:00000000,,00761113,,"slli	x2,x12,0x7","sp,a2,0x7",
80001af4,ori,s5:fffff907,,907b6a93,,"ori	x21,x22,-1785","s5,s6,-1785",
80001af8,slli,s0:00078000,,00f99413,,"slli	x8,x19,0xf","s0,s3,0xf",
80001afc,srl,a5:00000000,,01a0d7b3,,"srl	x15,x1,x26","a5,ra,s10",
80001b00,sltiu,gp:00000000,,2123b193,,"sltiu	x3,x7,530","gp,t2,530",
80001b04,sltiu,t4:00000000,,652f3e93,,"sltiu	x29,x30,1618","t4,t5,1618",
80001b08,sra,s10:00000000,,41c45d33,,"sra	x26,x8,x28","s10,s0,t3",
80001b0c,xor,t1:1aff1ac3,,0149c333,,"xor	x6,x19,x20","t1,s3,s4",
80001b10,srl,s4:000000bf,,00dcda33,,"srl	x20,x25,x13","s4,s9,a3",
80001b14,addi,s4:000004b9,,4b948a13,,"addi	x20,x9,1209","s4,s1,1209",
80001b18,ori,s4:fffffa4b,,a4b66a13,,"ori	x20,x12,-1461","s4,a2,-1461",
80001b1c,add,t0:1aff1ac3,,006b02b3,,"add	x5,x22,x6","t0,s6,t1",
80001b20,or,a7:00000000,,002968b3,,"or	x17,x18,x2","a7,s2,sp",
80001b24,srai,a5:00000000,,40d8d793,,"srai	x15,x17,0xd","a5,a7,0xd",
80001b28,sra,s1:00000000,,4004d4b3,,"sra	x9,x9,x0","s1,s1,zero",
80001b2c,sltu,a7:00000001,,007738b3,,"sltu	x17,x14,x7","a7,a4,t2",
80001b30,andi,t3:00000001,,01bdfe13,,"andi	x28,x27,27","t3,s11,27",
80001b34,sltiu,t4:00000000,,08d73e93,,"sltiu	x29,x14,141","t4,a4,141",
80001b38,and,ra:4f559203,,014270b3,,"and	x1,x4,x20","ra,tp,s4",
80001b3c,srli,sp:00000000,,00a1d113,,"srli	x2,x3,0xa","sp,gp,0xa",
80001b40,sra,t4:00000000,,41195eb3,,"sra	x29,x18,x17","t4,s2,a7",
80001b44,slli,t6:33900000,,012f1f93,,"slli	x31,x30,0x12","t6,t5,0x12",
80001b48,sra,s2:00000000,,4146d933,,"sra	x18,x13,x20","s2,a3,s4",
80001b4c,add,a1:00000000,,000785b3,,"add	x11,x15,x0","a1,a5,zero",
80001b50,sltiu,t0:00000001,,a1c6b293,,"sltiu	x5,x13,-1508","t0,a3,-1508",
80001b54,slti,sp:00000000,,b4fda113,,"slti	x2,x27,-1201","sp,s11,-1201",
80001b58,slt,t3:00000000,,01b9ae33,,"slt	x28,x19,x27","t3,s3,s11",
80001b5c,srli,t6:00000100,,01755f93,,"srli	x31,x10,0x17","t6,a0,0x17",
80001b60,sll,t6:80014e64,,00851fb3,,"sll	x31,x10,x8","t6,a0,s0",
80001b64,sltu,s1:00000001,,0154b4b3,,"sltu	x9,x9,x21","s1,s1,s5",
80001b68,srli,s0:00000000,,0134d413,,"srli	x8,x9,0x13","s0,s1,0x13",
80001b6c,and,a3:00000001,,0048f6b3,,"and	x13,x17,x4","a3,a7,tp",
80001b70,and,s5:00000001,,0119fab3,,"and	x21,x19,x17","s5,s3,a7",
80001b74,and,tp:00000000,,01f7f233,,"and	x4,x15,x31","tp,a5,t6",
80001b78,add,a1:00000001,,009b05b3,,"add	x11,x22,x9","a1,s6,s1",
80001b7c,and,a1:00000000,,016775b3,,"and	x11,x14,x22","a1,a4,s6",
80001b80,lui,a1:e9ce9000,,e9ce95b7,,"lui	x11,0xe9ce9","a1,0xe9ce9",
80001b84,sub,s9:80014e64,,40cf8cb3,,"sub	x25,x31,x12","s9,t6,a2",
80001b88,srl,tp:00000000,,014ed233,,"srl	x4,x29,x20","tp,t4,s4",
80001b94,lui,s6:9c22c000,,9c22cb37,,"lui	x22,0x9c22c","s6,0x9c22c",
80001b98,and,s0:1aff1a43,,01437433,,"and	x8,x6,x20","s0,t1,s4",
80001b9c,slt,s5:00000000,,01d4aab3,,"slt	x21,x9,x29","s5,s1,t4",
80001ba0,and,a2:00000000,,01c6f633,,"and	x12,x13,x28","a2,a3,t3",
80001ba4,sltiu,gp:00000000,,52d3b193,,"sltiu	x3,x7,1325","gp,t2,1325",
80001ba8,lui,a7:b3165000,,b31658b7,,"lui	x17,0xb3165","a7,0xb3165",
80001bac,sub,t0:000005b6,,414682b3,,"sub	x5,x13,x20","t0,a3,s4",
80001bb0,lui,t1:69c80000,,69c80337,,"lui	x6,0x69c80","t1,0x69c80",
80001bb8,slt,s0:00000000,,00fda433,,"slt	x8,x27,x15","s0,s11,a5",
80001bc0,srli,t4:00000000,,00dd5e93,,"srli	x29,x26,0xd","t4,s10,0xd",
80001bc4,xor,s1:00000017,,0189c4b3,,"xor	x9,x19,x24","s1,s3,s8",
80001bc8,or,t2:000005b7,,0056e3b3,,"or	x7,x13,x5","t2,a3,t0",
80001bd4,andi,t4:00000000,,91befe93,,"andi	x29,x29,-1765","t4,t4,-1765",
80001bd8,or,s11:80014e65,,01bfedb3,,"or	x27,x31,x27","s11,t6,s11",
80001bdc,andi,s9:00000000,,3a297c93,,"andi	x25,x18,930","s9,s2,930",
80001be0,sltu,t6:00000001,,005e3fb3,,"sltu	x31,x28,x5","t6,t3,t0",
80001be4,srl,t0:00000000,,009ed2b3,,"srl	x5,x29,x9","t0,t4,s1",
80001be8,sub,s11:00000001,,402f8db3,,"sub	x27,x31,x2","s11,t6,sp",
80001bec,addi,s9:00000118,,11860c93,,"addi	x25,x12,280","s9,a2,280",
80001bf0,andi,s10:00000000,,73337d13,,"andi	x26,x6,1843","s10,t1,1843",
80001bf4,sltiu,tp:00000001,,40fe3213,,"sltiu	x4,x28,1039","tp,t3,1039",
80001bf8,slti,t0:00000000,,da4aa293,,"slti	x5,x21,-604","t0,s5,-604",
80001bfc,slti,s0:00000001,,791b2413,,"slti	x8,x22,1937","s0,s6,1937",
80001c00,or,a2:000005bf,,0079e633,,"or	x12,x19,x7","a2,s3,t2",
80001c08,and,s11:00000000,,00e1fdb3,,"and	x27,x3,x14","s11,gp,a4",
80001c0c,sub,t0:9c22bfe9,,409b02b3,,"sub	x5,x22,x9","t0,s6,s1",
80001c10,ori,t2:00000210,,210de393,,"ori	x7,x27,528","t2,s11,528",
80001c14,sub,t2:00000001,,41c403b3,,"sub	x7,x8,x28","t2,s0,t3",
80001c18,xor,a6:000005a8,,00964833,,"xor	x16,x12,x9","a6,a2,s1",
80001c1c,xori,gp:fffffe8d,,e8d04193,,"xori	x3,x0,-371","gp,zero,-371",
80001c20,and,s5:00000000,,01717ab3,,"and	x21,x2,x23","s5,sp,s7",
80001c24,lui,a3:381d2000,,381d26b7,,"lui	x13,0x381d2","a3,0x381d2",
80001c28,sltu,a7:00000001,,019138b3,,"sltu	x17,x2,x25","a7,sp,s9",
80001c2c,andi,s4:000004e2,,4eabfa13,,"andi	x20,x23,1258","s4,s7,1258",
80001c30,srai,s2:fffffff8,,41c55913,,"srai	x18,x10,0x1c","s2,a0,0x1c",
80001c38,and,s2:80004000,,01657933,,"and	x18,x10,x22","s2,a0,s6",
80001c3c,xori,a7:9c22c131,,131b4893,,"xori	x17,x22,305","a7,s6,305",
80001c40,lui,s4:24d95000,,24d95a37,,"lui	x20,0x24d95","s4,0x24d95",
80001c44,srli,t3:00000333,,00fbde13,,"srli	x28,x23,0xf","t3,s7,0xf",
80001c48,addi,a1:0199fa7e,,a8bb8593,,"addi	x11,x23,-1397","a1,s7,-1397",
80001c4c,slli,gp:ca800000,,00ba1193,,"slli	x3,x20,0xb","gp,s4,0xb",
80001c50,sltiu,t6:00000001,,23a9bf93,,"sltiu	x31,x19,570","t6,s3,570",
80001c54,sll,tp:9c22c131,,00f89233,,"sll	x4,x17,x15","tp,a7,a5",
80001c58,add,a6:9dbcba67,,00b28833,,"add	x16,x5,x11","a6,t0,a1",
80001c5c,sltiu,s4:00000000,,290f3a13,,"sltiu	x20,x30,656","s4,t5,656",
80001c60,xori,s9:00000323,,323dcc93,,"xori	x25,x27,803","s9,s11,803",
80001c64,xori,a4:9dbcb83f,,25884713,,"xori	x14,x16,600","a4,a6,600",
80001c68,auipc,sp:611acc68,,e11ab117,,"auipc	x2,0xe11ab","sp,0xe11ab",
80001c6c,sltu,s8:00000001,,004ebc33,,"sltu	x24,x29,x4","s8,t4,tp",
80001c70,and,s10:00000000,,015c7d33,,"and	x26,x24,x21","s10,s8,s5",
80001c74,sll,s6:611acc68,,00311b33,,"sll	x22,x2,x3","s6,sp,gp",
80001c7c,sll,s1:ede5c1f8,,019714b3,,"sll	x9,x14,x25","s1,a4,s9",
80001c80,andi,s11:00000148,,34a4fd93,,"andi	x27,x9,842","s11,s1,842",
80001c84,auipc,s11:e408fc84,,6408ed97,,"auipc	x27,0x6408e","s11,0x6408e",
80001c88,ori,s5:611ace6a,,62ab6a93,,"ori	x21,x22,1578","s5,s6,1578",
80001c8c,sltu,s5:00000000,,0022bab3,,"sltu	x21,x5,x2","s5,t0,sp",
80001c94,ori,t0:fffff8f1,,8f1ae293,,"ori	x5,x21,-1807","t0,s5,-1807",
80001c98,andi,t6:00000000,,7f8eff93,,"andi	x31,x29,2040","t6,t4,2040",
80001c9c,xor,s11:9dbcbb0c,,00ee4db3,,"xor	x27,x28,x14","s11,t3,a4",
80001ca0,lui,ra:fc218000,,fc2180b7,,"lui	x1,0xfc218","ra,0xfc218",
80001ca4,xor,ra:08d2cc68,,006b40b3,,"xor	x1,x22,x6","ra,s6,t1",
80001ca8,slt,t0:00000000,,00e7a2b3,,"slt	x5,x15,x14","t0,a5,a4",
80001cac,srl,a6:611acc68,,012b5833,,"srl	x16,x22,x18","a6,s6,s2",
80001cb0,auipc,gp:acfe7cb0,,2cfe6197,,"auipc	x3,0x2cfe6","gp,0x2cfe6",
80001cb4,slt,t1:00000001,,00222333,,"slt	x6,x4,x2","t1,tp,sp",
80001cb8,add,s6:381d2000,,01468b33,,"add	x22,x13,x20","s6,a3,s4",
80001cbc,addi,t0:0199ff68,,4ea58293,,"addi	x5,x11,1258","t0,a1,1258",
80001cc0,sra,s6:00000000,,41ec5b33,,"sra	x22,x24,x30","s6,s8,t5",
80001cc4,slti,gp:00000001,,e6992193,,"slti	x3,x18,-407","gp,s2,-407",
80001cc8,xor,a3:611acc69,,007146b3,,"xor	x13,x2,x7","a3,sp,t2",
80001ccc,xor,s5:e11b408c,,002f4ab3,,"xor	x21,x30,x2","s5,t5,sp",
80001cd4,sltiu,t2:00000001,,b2f5b393,,"sltiu	x7,x11,-1233","t2,a1,-1233",
80001cd8,srli,s9:00000000,,00405c93,,"srli	x25,x0,0x4","s9,zero,0x4",
80001cdc,auipc,s9:f1d0ecdc,,71d0dc97,,"auipc	x25,0x71d0d","s9,0x71d0d",
80001ce0,add,ra:ede5c1f8,,009d00b3,,"add	x1,x26,x9","ra,s10,s1",
80001ce4,srl,s11:0000009c,,0018ddb3,,"srl	x27,x17,x1","s11,a7,ra",
80001ce8,srai,a3:00000000,,4191d693,,"srai	x13,x3,0x19","a3,gp,0x19",
80001cf4,sll,a4:0199ff68,,01629733,,"sll	x14,x5,x22","a4,t0,s6",
80001cf8,slli,s11:e4000000,,018f1d93,,"slli	x27,x30,0x18","s11,t5,0x18",
80001cfc,addi,t1:ffffff70,,f6f38313,,"addi	x6,x7,-145","t1,t2,-145",
80001d04,sltiu,s7:00000001,,88013b93,,"sltiu	x23,x2,-1920","s7,sp,-1920",
80001d08,or,ra:00000001,,00fc60b3,,"or	x1,x24,x15","ra,s8,a5",
80001d0c,slli,t6:1acc6800,,00881f93,,"slli	x31,x16,0x8","t6,a6,0x8",
80001d10,xori,s8:000002d5,,2d5ecc13,,"xori	x24,x29,725","s8,t4,725",
80001d14,or,a5:1acc6801,,007fe7b3,,"or	x15,x31,x7","a5,t6,t2",
80001d18,sltiu,s2:00000000,,0e72b913,,"sltiu	x18,x5,231","s2,t0,231",
80001d1c,or,a3:00000001,,0010e6b3,,"or	x13,x1,x1","a3,ra,ra",
80001d20,slti,t0:00000000,,8b8d2293,,"slti	x5,x26,-1864","t0,s10,-1864",
80001d24,or,s4:9c22c131,,0041ea33,,"or	x20,x3,x4","s4,gp,tp",
80001d28,lui,s5:f6903000,,f6903ab7,,"lui	x21,0xf6903","s5,0xf6903",
80001d2c,slti,ra:00000000,,ce982093,,"slti	x1,x16,-791","ra,a6,-791",
80001d30,srl,gp:0080018c,,002f51b3,,"srl	x3,x30,x2","gp,t5,sp",
80001d34,xori,s1:0000073b,,28464493,,"xori	x9,x12,644","s1,a2,644",
80001d38,sll,t2:98d00000,,004113b3,,"sll	x7,x2,x4","t2,sp,tp",
80001d3c,sra,s6:00000000,,40295b33,,"sra	x22,x18,x2","s6,s2,sp",
80001d40,addi,s4:00000729,,7b930a13,,"addi	x20,x6,1977","s4,t1,1977",
80001d44,srli,a6:00000800,,00c1d813,,"srli	x16,x3,0xc","a6,gp,0xc",
80001d48,sltu,s8:00000001,,01193c33,,"sltu	x24,x18,x17","s8,s2,a7",
80001d4c,and,s8:00000000,,006efc33,,"and	x24,x29,x6","s8,t4,t1",
80001d50,slt,s8:00000000,,0164ac33,,"slt	x24,x9,x22","s8,s1,s6",
80001d54,slti,sp:00000001,,7530a113,,"slti	x2,x1,1875","sp,ra,1875",
80001d58,andi,t6:00000000,,79d3ff93,,"andi	x31,x7,1949","t6,t2,1949",
80001d5c,and,t3:98000000,,0043fe33,,"and	x28,x7,x4","t3,t2,tp",
80001d60,xori,t1:000001d1,,1d10c313,,"xori	x6,x1,465","t1,ra,465",
80001d64,sub,t3:680005bf,,41c60e33,,"sub	x28,x12,x28","t3,a2,t3",
80001d68,and,ra:00000001,,013bf0b3,,"and	x1,x23,x19","ra,s7,s3",
80001d6c,srl,s4:4000a732,,00855a33,,"srl	x20,x10,x8","s4,a0,s0",
80001d70,xori,t4:98d005f2,,5f23ce93,,"xori	x29,x7,1522","t4,t2,1522",
80001d74,sll,s11:40000000,,00b69db3,,"sll	x27,x13,x11","s11,a3,a1",
80001d78,add,t3:d8d0a732,,01438e33,,"add	x28,x7,x20","t3,t2,s4",
80001d7c,lui,s2:ce8af000,,ce8af937,,"lui	x18,0xce8af","s2,0xce8af",
80001d80,srl,s1:00000001,,0100d4b3,,"srl	x9,x1,x16","s1,ra,a6",
80001d84,lui,s5:cd6a6000,,cd6a6ab7,,"lui	x21,0xcd6a6","s5,0xcd6a6",
80001d88,sll,s4:00001000,,00d81a33,,"sll	x20,x16,x13","s4,a6,a3",
80001d8c,addi,t2:000002a5,,2a5f8393,,"addi	x7,x31,677","t2,t6,677",
80001d90,ori,s0:fffffa8f,,a8e46413,,"ori	x8,x8,-1394","s0,s0,-1394",
80001d94,sll,s10:10003180,,00719d33,,"sll	x26,x3,x7","s10,gp,t2",
80001d9c,srl,tp:00000007,,0019d233,,"srl	x4,x19,x1","tp,s3,ra",
80001da0,lui,s5:c4b17000,,c4b17ab7,,"lui	x21,0xc4b17","s5,0xc4b17",
80001da4,slt,a2:00000000,,00bda633,,"slt	x12,x27,x11","a2,s11,a1",
80001dac,add,a2:ce8af800,,01280633,,"add	x12,x16,x18","a2,a6,s2",
80001db0,slli,a6:8af00000,,00891813,,"slli	x16,x18,0x8","a6,s2,0x8",
80001db4,srli,s7:00000008,,01bddb93,,"srli	x23,x27,0x1b","s7,s11,0x1b",
80001dbc,addi,t6:0000011e,,11720f93,,"addi	x31,x4,279","t6,tp,279",
80001dc0,xor,s2:ce0af98c,,00c1c933,,"xor	x18,x3,x12","s2,gp,a2",
80001dc8,or,s11:9c22c131,,0118edb3,,"or	x27,x17,x17","s11,a7,a7",
80001dcc,srai,s8:ffffffff,,40f45c13,,"srai	x24,x8,0xf","s8,s0,0xf",
80001dd0,srai,s8:ffffb1a1,,40fe5c13,,"srai	x24,x28,0xf","s8,t3,0xf",
80001dd4,sltu,t3:00000001,,0084be33,,"sltu	x28,x9,x8","t3,s1,s0",
80001dd8,and,s4:00000000,,014cfa33,,"and	x20,x25,x20","s4,s9,s4",
80001ddc,andi,a2:0000010e,,18eff613,,"andi	x12,x31,398","a2,t6,398",
80001de0,srli,a1:00000667,,00e5d593,,"srli	x11,x11,0xe","a1,a1,0xe",
80001de4,and,a6:00000110,,006ff833,,"and	x16,x31,x6","a6,t6,t1",
80001de8,lui,t0:0b9ed000,,0b9ed2b7,,"lui	x5,0xb9ed","t0,0xb9ed",
80001dec,add,s9:80015109,,00a38cb3,,"add	x25,x7,x10","s9,t2,a0",
80001df0,ori,a4:9c22c5f5,,5e4de713,,"ori	x14,x27,1508","a4,s11,1508",
80001df4,ori,s9:fffffab9,,ab97ec93,,"ori	x25,x15,-1351","s9,a5,-1351",
80001df8,slli,a4:04000000,,01a79713,,"slli	x14,x15,0x1a","a4,a5,0x1a",
80001dfc,srai,t4:00000000,,410b5e93,,"srai	x29,x22,0x10","t4,s6,0x10",
80001e00,xor,s10:80018dea,,00cf4d33,,"xor	x26,x30,x12","s10,t5,a2",
80001e04,ori,ra:fffffb3f,,a3766093,,"ori	x1,x12,-1481","ra,a2,-1481",
80001e08,slt,s6:00000001,,001aab33,,"slt	x22,x21,x1","s6,s5,ra",
80001e0c,or,tp:00000000,,00006233,,"or	x4,x0,x0","tp,zero,zero",
80001e10,srai,s10:00000100,,41275d13,,"srai	x26,x14,0x12","s10,a4,0x12",
80001e14,srli,a5:006b31a0,,0067d793,,"srli	x15,x15,0x6","a5,a5,0x6",
80001e1c,sltiu,a1:00000001,,4a563593,,"sltiu	x11,x12,1189","a1,a2,1189",
80001e24,ori,s1:80014f6f,,72f56493,,"ori	x9,x10,1839","s1,a0,1839",
80001e2c,sltiu,ra:00000001,,b752b093,,"sltiu	x1,x5,-1163","ra,t0,-1163",
80001e30,srl,s9:00000000,,00335cb3,,"srl	x25,x6,x3","s9,t1,gp",
80001e34,sltu,s5:00000001,,0117bab3,,"sltu	x21,x15,x17","s5,a5,a7",
80001e38,add,s7:00000001,,015e8bb3,,"add	x23,x29,x21","s7,t4,s5",
80001e3c,slli,s6:00000000,,000a1b13,,"slli	x22,x20,0x0","s6,s4,0x0",
80001e40,ori,a6:000005f3,,4e386813,,"ori	x16,x16,1251","a6,a6,1251",
80001e44,add,s10:0002db48,,01e50d33,,"add	x26,x10,x30","s10,a0,t5",
80001e48,srl,s11:fffffa8f,,01945db3,,"srl	x27,x8,x25","s11,s0,s9",
80001e4c,ori,s2:0000079e,,696fe913,,"ori	x18,x31,1686","s2,t6,1686",
80001e54,slli,a1:00000000,,01221593,,"slli	x11,x4,0x12","a1,tp,0x12",
80001e58,sub,s5:0000079e,,41690ab3,,"sub	x21,x18,x22","s5,s2,s6",
80001e5c,sltiu,a6:00000001,,b1663813,,"sltiu	x16,x12,-1258","a6,a2,-1258",
80001e60,auipc,t6:52356e60,,d2355f97,,"auipc	x31,0xd2355","t6,0xd2355",
80001e64,auipc,s10:c1a2de64,,41a2cd17,,"auipc	x26,0x41a2c","s10,0x41a2c",
80001e68,slli,s2:000003c0,,00699913,,"slli	x18,x19,0x6","s2,s3,0x6",
80001e6c,auipc,t1:7b024e6c,,fb023317,,"auipc	x6,0xfb023","t1,0xfb023",
80001e70,auipc,s10:539f7e70,,d39f6d17,,"auipc	x26,0xd39f6","s10,0xd39f6",
80001e74,sub,s9:fbfffa8f,,40e40cb3,,"sub	x25,x8,x14","s9,s0,a4",
80001e78,slli,t1:c6000000,,01719313,,"slli	x6,x3,0x17","t1,gp,0x17",
80001e7c,sub,s2:c5ffffff,,40d30933,,"sub	x18,x6,x13","s2,t1,a3",
80001e80,srai,s9:000000a7,,417d5c93,,"srai	x25,x26,0x17","s9,s10,0x17",
80001e84,slli,t1:00800000,,01709313,,"slli	x6,x1,0x17","t1,ra,0x17",
80001e88,slti,gp:00000000,,edd7a193,,"slti	x3,x15,-291","gp,a5,-291",
80001e8c,sll,a6:80018ce4,,00ff1833,,"sll	x16,x30,x15","a6,t5,a5",
80001e90,xor,a5:84014e64,,00e547b3,,"xor	x15,x10,x14","a5,a0,a4",
80001e94,slli,s4:00000020,,005e1a13,,"slli	x20,x28,0x5","s4,t3,0x5",
80001e98,auipc,s5:d44cbe98,,544caa97,,"auipc	x21,0x544ca","s5,0x544ca",
80001e9c,srli,a7:0004e116,,00d8d893,,"srli	x17,x17,0xd","a7,a7,0xd",
80001ea4,sra,a1:00000001,,400155b3,,"sra	x11,x2,x0","a1,sp,zero",
80001ea8,addi,a2:00000593,,592b8613,,"addi	x12,x23,1426","a2,s7,1426",
80001eac,lui,s11:5c1b0000,,5c1b0db7,,"lui	x27,0x5c1b0","s11,0x5c1b0",
80001eb0,sltiu,a1:00000000,,41843593,,"sltiu	x11,x8,1048","a1,s0,1048",
80001eb8,sltiu,sp:00000000,,4ddab113,,"sltiu	x2,x21,1245","sp,s5,1245",
80001ebc,srai,s8:00000000,,40cbdc13,,"srai	x24,x23,0xc","s8,s7,0xc",
80001ec4,or,a3:539f7e70,,002d66b3,,"or	x13,x26,x2","a3,s10,sp",
80001ec8,or,tp:579f7e70,,00d76233,,"or	x4,x14,x13","tp,a4,a3",
80001ecc,slti,a6:00000000,,67cfa813,,"slti	x16,x31,1660","a6,t6,1660",
80001ed4,srai,s7:00000000,,41465b93,,"srai	x23,x12,0x14","s7,a2,0x14",
80001ed8,lui,a2:7d1fd000,,7d1fd637,,"lui	x12,0x7d1fd","a2,0x7d1fd",
80001ee0,slt,t6:00000000,,01202fb3,,"slt	x31,x0,x18","t6,zero,s2",
80001ee4,srli,s11:00080018,,00cf5d93,,"srli	x27,x30,0xc","s11,t5,0xc",
80001ee8,slt,s7:00000001,,0147abb3,,"slt	x23,x15,x20","s7,a5,s4",
80001ef0,sltu,a2:00000000,,018cb633,,"sltu	x12,x25,x24","a2,s9,s8",
80001ef4,slt,s1:00000001,,01b624b3,,"slt	x9,x12,x27","s1,a2,s11",
80001ef8,sub,sp:2bbb4180,,415d8133,,"sub	x2,x27,x21","sp,s11,s5",
80001efc,lui,t2:4f848000,,4f8483b7,,"lui	x7,0x4f848","t2,0x4f848",
80001f00,sub,t2:80014e64,,40e783b3,,"sub	x7,x15,x14","t2,a5,a4",
80001f04,srai,a2:ffffffff,,41ff5613,,"srai	x12,x30,0x1f","a2,t5,0x1f",
80001f08,lui,sp:21d0f000,,21d0f137,,"lui	x2,0x21d0f","sp,0x21d0f",
80001f0c,add,ra:04000001,,01c700b3,,"add	x1,x14,x28","ra,a4,t3",
80001f10,slli,s11:00000000,,00931d93,,"slli	x27,x6,0x9","s11,t1,0x9",
80001f14,slt,t2:00000001,,01aba3b3,,"slt	x7,x23,x26","t2,s7,s10",
80001f18,slli,s2:80000000,,01fb9913,,"slli	x18,x23,0x1f","s2,s7,0x1f",
80001f1c,xori,t3:7ffff95d,,95d94e13,,"xori	x28,x18,-1699","t3,s2,-1699",
80001f20,ori,sp:fffffabf,,ab89e113,,"ori	x2,x19,-1352","sp,s3,-1352",
80001f24,or,a5:fffffabf,,00e167b3,,"or	x15,x2,x14","a5,sp,a4",
80001f28,slti,tp:00000000,,875ba213,,"slti	x4,x23,-1931","tp,s7,-1931",
80001f2c,auipc,t3:df428f2c,,5f427e17,,"auipc	x28,0x5f427","t3,0x5f427",
80001f30,srai,s0:ffc000c6,,409f5413,,"srai	x8,x30,0x9","s0,t5,0x9",
80001f34,andi,t6:00000000,,7b987f93,,"andi	x31,x16,1977","t6,a6,1977",
80001f38,auipc,a2:c7b9ef38,,47b9d617,,"auipc	x12,0x47b9d","a2,0x47b9d",
80001f3c,ori,a3:00000266,,2661e693,,"ori	x13,x3,614","a3,gp,614",
80001f40,slt,s9:00000001,,017facb3,,"slt	x25,x31,x23","s9,t6,s7",
80001f44,addi,s8:0000029a,,03468c13,,"addi	x24,x13,52","s8,a3,52",
80001f48,ori,t0:fffffabf,,a397e293,,"ori	x5,x15,-1479","t0,a5,-1479",
80001f4c,srl,t4:00000000,,01b5deb3,,"srl	x29,x11,x27","t4,a1,s11",
80001f50,or,t6:04000001,,0070efb3,,"or	x31,x1,x7","t6,ra,t2",
80001f54,srl,a3:0000000a,,008c56b3,,"srl	x13,x24,x8","a3,s8,s0",
80001f58,sltu,s5:00000000,,01bd3ab3,,"sltu	x21,x26,x27","s5,s10,s11",
80001f5c,sra,tp:00000002,,41ea5233,,"sra	x4,x20,x30","tp,s4,t5",
80001f60,and,t4:00000000,,0040feb3,,"and	x29,x1,x4","t4,ra,tp",
80001f64,lui,s5:f1453000,,f1453ab7,,"lui	x21,0xf1453","s5,0xf1453",
80001f68,add,t0:04000000,,00e802b3,,"add	x5,x16,x14","t0,a6,a4",
80001f6c,andi,s9:00000001,,62dbfc93,,"andi	x25,x23,1581","s9,s7,1581",
80001f70,slli,a5:70000000,,018d1793,,"slli	x15,x26,0x18","a5,s10,0x18",
80001f74,slli,s9:0c672000,,00bf1c93,,"slli	x25,x30,0xb","s9,t5,0xb",
80001f78,srl,t3:00000000,,012ede33,,"srl	x28,x29,x18","t3,t4,s2",
80001f7c,sll,t6:a73efce0,,017d1fb3,,"sll	x31,x26,x23","t6,s10,s7",
80001f84,auipc,s4:26a68f84,,a6a67a17,,"auipc	x20,0xa6a67","s4,0xa6a67",
80001f88,slt,s10:00000001,,00782d33,,"slt	x26,x16,x7","s10,a6,t2",
80001f8c,or,t2:ffc000c6,,008963b3,,"or	x7,x18,x8","t2,s2,s0",
80001f90,or,t4:0000000b,,00dd6eb3,,"or	x29,x26,x13","t4,s10,a3",
80001f94,or,s7:00800001,,01a36bb3,,"or	x23,x6,x26","s7,t1,s10",
80001f98,slli,s1:00000000,,01659493,,"slli	x9,x11,0x16","s1,a1,0x16",
80001f9c,sub,a7:00000000,,416d88b3,,"sub	x17,x27,x22","a7,s11,s6",
80001fa0,ori,a4:ffffff7e,,95666713,,"ori	x14,x12,-1706","a4,a2,-1706",
80001fa4,addi,t3:fffff886,,87798e13,,"addi	x28,x19,-1929","t3,s3,-1929",
80001fa8,sll,t0:00000000,,01ed92b3,,"sll	x5,x27,x30","t0,s11,t5",
80001fac,lui,tp:1fde8000,,1fde8237,,"lui	x4,0x1fde8","tp,0x1fde8",
80001fb0,add,t4:fffff895,,01c98eb3,,"add	x29,x19,x28","t4,s3,t3",
80001fb4,sltu,s4:00000001,,01583a33,,"sltu	x20,x16,x21","s4,a6,s5",
80001fb8,sra,a7:ffc000c6,,412458b3,,"sra	x17,x8,x18","a7,s0,s2",
80001fbc,srl,a5:00000000,,01c4d7b3,,"srl	x15,x9,x28","a5,s1,t3",
80001fc4,andi,a2:fffff880,,8a0e7613,,"andi	x12,x28,-1888","a2,t3,-1888",
80001fc8,auipc,a2:b919cfc8,,3919b617,,"auipc	x12,0x3919b","a2,0x3919b",
80001fcc,slti,gp:00000001,,8ef3a193,,"slti	x3,x7,-1809","gp,t2,-1809",
80001fd0,sltu,t6:00000001,,00103fb3,,"sltu	x31,x0,x1","t6,zero,ra",
80001fd4,ori,s11:000007af,,7ad6ed93,,"ori	x27,x13,1965","s11,a3,1965",
80001fd8,and,a7:00000000,,01ea78b3,,"and	x17,x20,x30","a7,s4,t5",
80001fdc,slt,tp:00000001,,01b42233,,"slt	x4,x8,x27","tp,s0,s11",
80001fe0,ori,s8:fffff9cf,,9cd9ec13,,"ori	x24,x19,-1587","s8,s3,-1587",
80001fe4,srl,s5:78a29800,,017adab3,,"srl	x21,x21,x23","s5,s5,s7",
80001fe8,sra,sp:00000001,,40bd5133,,"sra	x2,x26,x11","sp,s10,a1",
80001fec,slt,a2:00000001,,0022a633,,"slt	x12,x5,x2","a2,t0,sp",
80001ff0,sub,a6:fbffffff,,40100833,,"sub	x16,x0,x1","a6,zero,ra",
80001ff4,sra,t3:c000a732,,40c55e33,,"sra	x28,x10,x12","t3,a0,a2",
80001ff8,ori,s8:000007ef,,4c1dec13,,"ori	x24,x27,1217","s8,s11,1217",
80001ffc,sub,s8:0c671ff6,,40dc8c33,,"sub	x24,x25,x13","s8,s9,a3",
80002000,ori,s1:fffffff7,,ff7c6493,,"ori	x9,x24,-9","s1,s8,-9",
80002004,xori,s1:00000793,,7996c493,,"xori	x9,x13,1945","s1,a3,1945",
80002008,sltiu,gp:00000001,,b1e53193,,"sltiu	x3,x10,-1250","gp,a0,-1250",
8000200c,auipc,tp:612fe00c,,e12fc217,,"auipc	x4,0xe12fc","tp,0xe12fc",
80002010,ori,tp:ffffffef,,fcb56213,,"ori	x4,x10,-53","tp,a0,-53",
80002014,srli,s4:001fffff,,00beda13,,"srli	x20,x29,0xb","s4,t4,0xb",
80002018,or,t3:ffffffef,,0048ee33,,"or	x28,x17,x4","t3,a7,tp",
8000201c,addi,s6:000001ca,,1ca28b13,,"addi	x22,x5,458","s6,t0,458",
80002020,xori,gp:80014d72,,31654193,,"xori	x3,x10,790","gp,a0,790",
80002024,sltiu,t0:00000001,,d8a6b293,,"sltiu	x5,x13,-630","t0,a3,-630",
80002028,srl,t3:00000000,,01a2de33,,"srl	x28,x5,x26","t3,t0,s10",
8000202c,srli,a4:00000000,,00c05713,,"srli	x14,x0,0xc","a4,zero,0xc",
80002030,add,t4:0c6727a5,,018d8eb3,,"add	x29,x27,x24","t4,s11,s8",
80002034,slt,a7:00000001,,013628b3,,"slt	x17,x12,x19","a7,a2,s3",
80002038,slli,a1:00000000,,00359593,,"slli	x11,x11,0x3","a1,a1,0x3",
8000203c,srl,t4:00000000,,01de5eb3,,"srl	x29,x28,x29","t4,t3,t4",
80002040,ori,s1:000003df,,357b6493,,"ori	x9,x22,855","s1,s6,855",
80002044,ori,t1:fffffd3c,,d3cae313,,"ori	x6,x21,-708","t1,s5,-708",
80002048,sltu,a5:00000001,,01edb7b3,,"sltu	x15,x27,x30","a5,s11,t5",
8000204c,sll,s0:10000000,,006f9433,,"sll	x8,x31,x6","s0,t6,t1",
80002050,auipc,t6:6880f050,,e880df97,,"auipc	x31,0xe880d","t6,0xe880d",
8000205c,ori,t3:fffffac7,,ac78ee13,,"ori	x28,x17,-1337","t3,a7,-1337",
80002060,or,t1:80014d72,,0001e333,,"or	x6,x3,x0","t1,gp,zero",
80002064,sltu,a7:00000000,,014838b3,,"sltu	x17,x16,x20","a7,a6,s4",
80002068,ori,a7:ffffffdf,,d4f4e893,,"ori	x17,x9,-689","a7,s1,-689",
8000206c,slli,s2:00000000,,008e9913,,"slli	x18,x29,0x8","s2,t4,0x8",
80002070,srli,t3:00000000,,01675e13,,"srli	x28,x14,0x16","t3,a4,0x16",
80002074,sltu,t1:00000000,,014c3333,,"sltu	x6,x24,x20","t1,s8,s4",
80002078,sll,a2:00000000,,00f71633,,"sll	x12,x14,x15","a2,a4,a5",
8000207c,sub,s6:ffffffdf,,40b88b33,,"sub	x22,x17,x11","s6,a7,a1",
80002080,add,t4:00000001,,00e78eb3,,"add	x29,x15,x14","t4,a5,a4",
80002084,srai,t4:ffc000a7,,40955e93,,"srai	x29,x10,0x9","t4,a0,0x9",
8000208c,sra,a5:00000000,,405657b3,,"sra	x15,x12,x5","a5,a2,t0",
80002090,slti,a3:00000001,,36e2a693,,"slti	x13,x5,878","a3,t0,878",
80002094,and,s6:78a29800,,0158fb33,,"and	x22,x17,x21","s6,a7,s5",
80002098,auipc,a6:23a5a098,,a3a58817,,"auipc	x16,0xa3a58","a6,0xa3a58",
8000209c,add,s7:0c672000,,01900bb3,,"add	x23,x0,x25","s7,zero,s9",
800020a0,srli,t3:00000004,,01d55e13,,"srli	x28,x10,0x1d","t3,a0,0x1d",
800020a8,ori,t4:00000291,,29106e93,,"ori	x29,x0,657","t4,zero,657",
800020ac,sltu,s9:00000000,,0053bcb3,,"sltu	x25,x7,x5","s9,t2,t0",
800020b0,slt,t6:00000001,,01f6afb3,,"slt	x31,x13,x31","t6,a3,t6",
800020b4,slt,t3:00000001,,008fae33,,"slt	x28,x31,x8","t3,t6,s0",
800020b8,addi,a4:fffffa70,,a7090713,,"addi	x14,x18,-1424","a4,s2,-1424",
800020bc,slli,s7:ce400000,,014f1b93,,"slli	x23,x30,0x14","s7,t5,0x14",
800020c0,sltu,s9:00000001,,01c33cb3,,"sltu	x25,x6,x28","s9,t1,t3",
800020c4,xor,t2:ffffffde,,0112c3b3,,"xor	x7,x5,x17","t2,t0,a7",
800020c8,xori,a1:effff8a6,,8a644593,,"xori	x11,x8,-1882","a1,s0,-1882",
800020cc,xori,a7:78a299a0,,1a0ac893,,"xori	x17,x21,416","a7,s5,416",
800020d0,sra,a7:23a5a098,,412858b3,,"sra	x17,x16,x18","a7,a6,s2",
800020d4,srai,s11:00000000,,414cdd93,,"srai	x27,x25,0x14","s11,s9,0x14",
800020d8,sltu,a3:00000000,,0128b6b3,,"sltu	x13,x17,x18","a3,a7,s2",
800020dc,or,a2:7ca29801,,0160e633,,"or	x12,x1,x22","a2,ra,s6",
800020e0,sltu,s0:00000001,,016e3433,,"sltu	x8,x28,x22","s0,t3,s6",
800020e4,sub,t1:80014d72,,40618333,,"sub	x6,x3,x6","t1,gp,t1",
800020e8,sltiu,s11:00000001,,e267bd93,,"sltiu	x27,x15,-474","s11,a5,-474",
800020ec,srl,s10:00000000,,01a05d33,,"srl	x26,x0,x26","s10,zero,s10",
800020f0,slt,sp:00000001,,00c32133,,"slt	x2,x6,x12","sp,t1,a2",
800020f4,andi,a1:00000000,,f70cf593,,"andi	x11,x25,-144","a1,s9,-144",
800020f8,ori,s6:fffffaf2,,af27eb13,,"ori	x22,x15,-1294","s6,a5,-1294",
80002100,and,a5:00000000,,015e77b3,,"and	x15,x28,x21","a5,t3,s5",
80002104,and,a5:00000291,,014ef7b3,,"and	x15,x29,x20","a5,t4,s4",
80002108,sltu,a7:00000001,,0067b8b3,,"sltu	x17,x15,x6","a7,a5,t1",
8000210c,srli,a5:000fffff,,00c25793,,"srli	x15,x4,0xc","a5,tp,0xc",
80002110,lui,s5:09872000,,09872ab7,,"lui	x21,0x9872","s5,0x9872",
80002114,or,s6:ce400001,,017feb33,,"or	x22,x31,x23","s6,t6,s7",
80002118,sub,t2:23a5a098,,40d803b3,,"sub	x7,x16,x13","t2,a6,a3",
8000211c,sltiu,a7:00000001,,a6f4b893,,"sltiu	x17,x9,-1425","a7,s1,-1425",
80002120,sltiu,ra:00000000,,6a83b093,,"sltiu	x1,x7,1704","ra,t2,1704",
80002124,sra,s7:ffffffce,,410b5bb3,,"sra	x23,x22,x16","s7,s6,a6",
80002128,ori,a3:0000068b,,68ace693,,"ori	x13,x25,1674","a3,s9,1674",
8000212c,sltu,tp:00000000,,00813233,,"sltu	x4,x2,x8","tp,sp,s0",
80002130,and,a1:00000000,,017475b3,,"and	x11,x8,x23","a1,s0,s7",
80002134,srai,gp:004c3900,,405ad193,,"srai	x3,x21,0x5","gp,s5,0x5",
80002138,or,a7:80018ce5,,01cf68b3,,"or	x17,x30,x28","a7,t5,t3",
8000213c,slli,gp:00000000,,00091193,,"slli	x3,x18,0x0","gp,s2,0x0",
80002140,addi,a4:0000078c,,4fbe8713,,"addi	x14,x29,1275","a4,t4,1275",
80002144,sll,tp:00020000,,01de1233,,"sll	x4,x28,x29","tp,t3,t4",
80002148,sltu,a6:00000001,,014eb833,,"sltu	x16,x29,x20","a6,t4,s4",
8000214c,lui,t2:c1cbc000,,c1cbc3b7,,"lui	x7,0xc1cbc","t2,0xc1cbc",
80002154,ori,sp:80014e6d,,60d56113,,"ori	x2,x10,1549","sp,a0,1549",
80002158,auipc,s5:aab9a158,,2ab98a97,,"auipc	x21,0x2ab98","s5,0x2ab98",
8000215c,and,s4:00000001,,01c4fa33,,"and	x20,x9,x28","s4,s1,t3",
80002160,ori,t6:fffffd45,,d44e6f93,,"ori	x31,x28,-700","t6,t3,-700",
80002164,sltu,a5:00000000,,0052b7b3,,"sltu	x15,x5,x5","a5,t0,t0",
80002168,slti,gp:00000001,,34b12193,,"slti	x3,x2,843","gp,sp,843",
8000216c,and,t1:00000001,,003df333,,"and	x6,x27,x3","t1,s11,gp",
80002170,srai,s4:fffffff0,,41b8da13,,"srai	x20,x17,0x1b","s4,a7,0x1b",
80002174,sll,a5:00004000,,017c97b3,,"sll	x15,x25,x23","a5,s9,s7",
80002178,slti,a2:00000000,,bb32a613,,"slti	x12,x5,-1101","a2,t0,-1101",
8000217c,andi,s9:00000001,,8351fc93,,"andi	x25,x3,-1995","s9,gp,-1995",
80002180,ori,tp:fffff8fe,,8fe3e213,,"ori	x4,x7,-1794","tp,t2,-1794",
80002184,xori,s8:7ffeb61f,,87b54c13,,"xori	x24,x10,-1925","s8,a0,-1925",
80002188,sltu,a4:00000000,,00ca3733,,"sltu	x14,x20,x12","a4,s4,a2",
8000218c,sltu,a2:00000000,,01aa3633,,"sltu	x12,x20,x26","a2,s4,s10",
80002190,srl,s2:00000000,,0026d933,,"srl	x18,x13,x2","s2,a3,sp",
80002194,add,t6:0000068c,,00de0fb3,,"add	x31,x28,x13","t6,t3,a3",
80002198,xori,s7:80014a87,,c98c4b93,,"xori	x23,x24,-872","s7,s8,-872",
8000219c,srl,s1:00000000,,00d2d4b3,,"srl	x9,x5,x13","s1,t0,a3",
800021a0,srli,s7:00200052,,00abdb93,,"srli	x23,x23,0xa","s7,s7,0xa",
800021a4,xor,t2:00200052,,00cbc3b3,,"xor	x7,x23,x12","t2,s7,a2",
800021a8,ori,s11:0000020d,,20d96d93,,"ori	x27,x18,525","s11,s2,525",
800021ac,auipc,s11:816641ac,,01662d97,,"auipc	x27,0x1662","s11,0x1662",
800021b0,slli,tp:00000000,,00561213,,"slli	x4,x12,0x5","tp,a2,0x5",
800021b4,sltu,s11:00000001,,014fbdb3,,"sltu	x27,x31,x20","s11,t6,s4",
800021b8,sltu,a6:00000001,,01f9b833,,"sltu	x16,x19,x31","a6,s3,t6",
800021bc,srli,t4:00000000,,01bfde93,,"srli	x29,x31,0x1b","t4,t6,0x1b",
800021c0,srli,t1:00000000,,0112d313,,"srli	x6,x5,0x11","t1,t0,0x11",
800021c4,xori,s0:00000528,,529cc413,,"xori	x8,x25,1321","s0,s9,1321",
800021c8,slti,s0:00000001,,f95b2413,,"slti	x8,x22,-107","s0,s6,-107",
800021cc,srl,a2:80018ce4,,012f5633,,"srl	x12,x30,x18","a2,t5,s2",
800021d0,add,s10:00000001,,01a80d33,,"add	x26,x16,x26","s10,a6,s10",
800021d4,or,s9:0000068b,,0086ecb3,,"or	x25,x13,x8","s9,a3,s0",
800021d8,lui,t3:b2b08000,,b2b08e37,,"lui	x28,0xb2b08","t3,0xb2b08",
800021dc,lui,s0:16447000,,16447437,,"lui	x8,0x16447","s0,0x16447",
800021e0,srli,t1:00000800,,01465313,,"srli	x6,x12,0x14","t1,a2,0x14",
800021e4,sltu,ra:00000000,,0137b0b3,,"sltu	x1,x15,x19","ra,a5,s3",
800021e8,sub,a3:ffffffff,,403586b3,,"sub	x13,x11,x3","a3,a1,gp",
800021ec,slti,t1:00000000,,99802313,,"slti	x6,x0,-1640","t1,zero,-1640",
800021f0,or,s2:00000001,,0055e933,,"or	x18,x11,x5","s2,a1,t0",
800021f4,andi,a5:00000012,,0bebf793,,"andi	x15,x23,190","a5,s7,190",
800021f8,and,tp:00000000,,01c87233,,"and	x4,x16,x28","tp,a6,t3",
800021fc,slti,sp:00000001,,9bce2113,,"slti	x2,x28,-1604","sp,t3,-1604",
80002200,sltiu,ra:00000000,,560e3093,,"sltiu	x1,x28,1376","ra,t3,1376",
80002204,srl,a3:00000000,,0025d6b3,,"srl	x13,x11,x2","a3,a1,sp",
80002208,xori,s10:000001bc,,1bc6cd13,,"xori	x26,x13,444","s10,a3,444",
8000220c,srai,s5:00000000,,4066da93,,"srai	x21,x13,0x6","s5,a3,0x6",
80002210,ori,s4:fffffae7,,ae74ea13,,"ori	x20,x9,-1305","s4,s1,-1305",
80002214,auipc,t1:fb4dd214,,7b4db317,,"auipc	x6,0x7b4db","t1,0x7b4db",
80002218,xor,t6:00000000,,0096cfb3,,"xor	x31,x13,x9","t6,a3,s1",
8000221c,sltu,a5:00000000,,00ce37b3,,"sltu	x15,x28,x12","a5,t3,a2",
80002220,xori,s2:002006e1,,6b3bc913,,"xori	x18,x23,1715","s2,s7,1715",
80002224,xor,tp:7ffeb61e,,01884233,,"xor	x4,x16,x24","tp,a6,s8",
80002228,sub,ra:7ffeb19c,,40a700b3,,"sub	x1,x14,x10","ra,a4,a0",
8000222c,srli,s4:01000319,,007f5a13,,"srli	x20,x30,0x7","s4,t5,0x7",
80002234,andi,ra:00000688,,7fccf093,,"andi	x1,x25,2044","ra,s9,2044",
80002238,sra,a4:00000688,,41c0d733,,"sra	x14,x1,x28","a4,ra,t3",
8000223c,and,tp:00000000,,0084f233,,"and	x4,x9,x8","tp,s1,s0",
80002240,sltiu,s1:00000001,,6f10b493,,"sltiu	x9,x1,1777","s1,ra,1777",
80002244,lui,s7:9b52f000,,9b52fbb7,,"lui	x23,0x9b52f","s7,0x9b52f",
80002248,sltu,s7:00000001,,0105bbb3,,"sltu	x23,x11,x16","s7,a1,a6",
8000224c,srli,t4:00000000,,01895e93,,"srli	x29,x18,0x18","t4,s2,0x18",
80002250,srli,tp:2cac2000,,002e5213,,"srli	x4,x28,0x2","tp,t3,0x2",
80002254,slli,a2:00000000,,01921613,,"slli	x12,x4,0x19","a2,tp,0x19",
80002258,lui,t0:f5b9c000,,f5b9c2b7,,"lui	x5,0xf5b9c","t0,0xf5b9c",
8000225c,addi,t6:b2b08405,,405e0f93,,"addi	x31,x28,1029","t6,t3,1029",
80002260,srli,a3:04000a73,,00555693,,"srli	x13,x10,0x5","a3,a0,0x5",
80002264,slli,a3:53990000,,00e51693,,"slli	x13,x10,0xe","a3,a0,0xe",
80002268,andi,s1:0000060b,,71bcf493,,"andi	x9,x25,1819","s1,s9,1819",
8000226c,xori,a6:5399042a,,42a6c813,,"xori	x16,x13,1066","a6,a3,1066",
80002270,add,s5:01000319,,01da0ab3,,"add	x21,x20,x29","s5,s4,t4",
80002274,add,s4:00000697,,00198a33,,"add	x20,x19,x1","s4,s3,ra",
80002278,auipc,tp:69db5278,,e9db3217,,"auipc	x4,0xe9db3","tp,0xe9db3",
8000227c,xori,t3:002000c3,,62294e13,,"xori	x28,x18,1570","t3,s2,1570",
80002280,sra,ra:fffff69b,,413350b3,,"sra	x1,x6,x19","ra,t1,s3",
80002284,slt,ra:00000000,,016620b3,,"slt	x1,x12,x22","ra,a2,s6",
80002288,auipc,s0:0ea90288,,8ea8e417,,"auipc	x8,0x8ea8e","s0,0x8ea8e",
8000228c,srai,a3:00000000,,41ad5693,,"srai	x13,x26,0x1a","a3,s10,0x1a",
80002290,lui,s0:a2e89000,,a2e89437,,"lui	x8,0xa2e89","s0,0xa2e89",
80002298,and,a2:0000000c,,01a9f633,,"and	x12,x19,x26","a2,s3,s10",
8000229c,sll,s6:f69ba428,,00331b33,,"sll	x22,x6,x3","s6,t1,gp",
800022a0,slti,s4:00000000,,8896aa13,,"slti	x20,x13,-1911","s4,a3,-1911",
800022a4,lui,s7:0bc9c000,,0bc9cbb7,,"lui	x23,0xbc9c","s7,0xbc9c",
800022a8,xori,t2:fffff9e2,,9e27c393,,"xori	x7,x15,-1566","t2,a5,-1566",
800022ac,add,tp:000001bd,,01bd0233,,"add	x4,x26,x27","tp,s10,s11",
800022b0,slli,t2:00780000,,01399393,,"slli	x7,x19,0x13","t2,s3,0x13",
800022b4,or,sp:000007bc,,00ed6133,,"or	x2,x26,x14","sp,s10,a4",
800022b8,auipc,s7:bc5a42b8,,3c5a2b97,,"auipc	x23,0x3c5a2","s7,0x3c5a2",
800022bc,sub,s1:cd5108df,,41ff04b3,,"sub	x9,x30,x31","s1,t5,t6",
800022c0,and,a5:00000001,,015ff7b3,,"and	x15,x31,x21","a5,t6,s5",
800022c4,xor,t1:007801bd,,00724333,,"xor	x6,x4,x7","t1,tp,t2",
800022c8,slli,ra:00000000,,01b29093,,"slli	x1,x5,0x1b","ra,t0,0x1b",
800022cc,ori,s11:f5b9c285,,2852ed93,,"ori	x27,x5,645","s11,t0,645",
800022d0,or,t3:f5b9c000,,005eee33,,"or	x28,x29,x5","t3,t4,t0",
800022d4,srli,a2:0b2b0840,,004fd613,,"srli	x12,x31,0x4","a2,t6,0x4",
800022d8,addi,a6:7ffebb0f,,4f0c0813,,"addi	x16,x24,1264","a6,s8,1264",
800022dc,sltu,t3:00000000,,00ec3e33,,"sltu	x28,x24,x14","t3,s8,a4",
800022e0,sltiu,t3:00000001,,6847be13,,"sltiu	x28,x15,1668","t3,a5,1668",
800022e4,and,a7:00000000,,001778b3,,"and	x17,x14,x1","a7,a4,ra",
800022ec,slt,s8:00000001,,00c1ac33,,"slt	x24,x3,x12","s8,gp,a2",
800022f0,sub,t1:7ffeb19c,,40ae8333,,"sub	x6,x29,x10","t1,t4,a0",
800022f4,add,tp:00000688,,01170233,,"add	x4,x14,x17","tp,a4,a7",
800022f8,slt,t1:00000001,,01cfa333,,"slt	x6,x31,x28","t1,t6,t3",
800022fc,slli,s11:00000000,,01401d93,,"slli	x27,x0,0x14","s11,zero,0x14",
80002300,srai,t2:ffffff65,,417fd393,,"srai	x7,x31,0x17","t2,t6,0x17",
80002308,add,t2:b2b08405,,01fa03b3,,"add	x7,x20,x31","t2,s4,t6",
8000230c,lui,a2:bf787000,,bf787637,,"lui	x12,0xbf787","a2,0xbf787",
80002310,ori,t2:ffffffed,,f2d96393,,"ori	x7,x18,-211","t2,s2,-211",
80002314,slt,tp:00000001,,019e2233,,"slt	x4,x28,x25","tp,t3,s9",
80002318,sltiu,a4:00000001,,4059b713,,"sltiu	x14,x19,1029","a4,s3,1029",
80002324,sub,sp:00000001,,40d70133,,"sub	x2,x14,x13","sp,a4,a3",
80002328,srai,s9:00000000,,409edc93,,"srai	x25,x29,0x9","s9,t4,0x9",
8000232c,sltu,a4:00000001,,0057b733,,"sltu	x14,x15,x5","a4,a5,t0",
80002330,slti,s1:00000001,,62c9a493,,"slti	x9,x19,1580","s1,s3,1580",
80002334,addi,tp:bf786a2c,,a2c60213,,"addi	x4,x12,-1492","tp,a2,-1492",
80002338,andi,ra:00000000,,565df093,,"andi	x1,x27,1381","ra,s11,1381",
80002340,slli,s5:21014000,,00ef9a93,,"slli	x21,x31,0xe","s5,t6,0xe",
80002344,sltiu,tp:00000001,,ebe33213,,"sltiu	x4,x6,-322","tp,t1,-322",
80002348,sub,t3:80014e63,,41c50e33,,"sub	x28,x10,x28","t3,a0,t3",
8000234c,sra,s2:00000000,,41b8d933,,"sra	x18,x17,x27","s2,a7,s11",
80002350,ori,t6:fffffaba,,a32bef93,,"ori	x31,x23,-1486","t6,s7,-1486",
80002354,xori,a6:fffff94f,,94f8c813,,"xori	x16,x17,-1713","a6,a7,-1713",
80002358,and,tp:00000000,,019cf233,,"and	x4,x25,x25","tp,s9,s9",
8000235c,andi,s6:00000020,,13957b13,,"andi	x22,x10,313","s6,a0,313",
80002360,add,t3:00000000,,00ba0e33,,"add	x28,x20,x11","t3,s4,a1",
80002364,addi,tp:000004a6,,4a548213,,"addi	x4,x9,1189","tp,s1,1189",
80002368,and,t2:00000020,,016273b3,,"and	x7,x4,x22","t2,tp,s6",
8000236c,slt,s11:00000001,,014badb3,,"slt	x27,x23,x20","s11,s7,s4",
80002370,sltiu,s0:00000001,,2f7eb413,,"sltiu	x8,x29,759","s0,t4,759",
80002374,or,s8:21014000,,015cec33,,"or	x24,x25,x21","s8,s9,s5",
80002378,and,a5:00000000,,009cf7b3,,"and	x15,x25,x9","a5,s9,s1",
8000237c,sltiu,a3:00000001,,9a0d3693,,"sltiu	x13,x26,-1632","a3,s10,-1632",
80002380,auipc,s9:269b2380,,a69b0c97,,"auipc	x25,0xa69b0","s9,0xa69b0",
80002384,auipc,t6:8f7e8384,,0f7e6f97,,"auipc	x31,0xf7e6","t6,0xf7e6",
80002388,lui,s0:eb301000,,eb301437,,"lui	x8,0xeb301","s0,0xeb301",
8000238c,slti,a2:00000000,,96d72613,,"slti	x12,x14,-1683","a2,a4,-1683",
80002390,xor,s11:70817acb,,010fcdb3,,"xor	x27,x31,x16","s11,t6,a6",
80002394,slli,tp:33900000,,012f1213,,"slli	x4,x30,0x12","tp,t5,0x12",
80002398,sub,s10:663b3c7c,,41f28d33,,"sub	x26,x5,x31","s10,t0,t6",
8000239c,slt,s2:00000001,,004a2933,,"slt	x18,x20,x4","s2,s4,tp",
800023a0,sll,a7:00000001,,016318b3,,"sll	x17,x6,x22","a7,t1,s6",
800023a4,lui,t4:1c93b000,,1c93beb7,,"lui	x29,0x1c93b","t4,0x1c93b",
800023a8,sub,s0:663b3c7c,,40cd0433,,"sub	x8,x26,x12","s0,s10,a2",
800023ac,add,a6:00000001,,00f10833,,"add	x16,x2,x15","a6,sp,a5",
800023b0,srai,a2:00000000,,40e3d613,,"srai	x12,x7,0xe","a2,t2,0xe",
800023b4,add,t4:663b3c7d,,01140eb3,,"add	x29,x8,x17","t4,s0,a7",
800023bc,xor,sp:663b3c73,,01344133,,"xor	x2,x8,x19","sp,s0,s3",
800023c0,add,s5:00000020,,01678ab3,,"add	x21,x15,x22","s5,a5,s6",
800023c4,ori,s2:000000db,,0db7e913,,"ori	x18,x15,219","s2,a5,219",
800023c8,sra,s5:33900000,,41925ab3,,"sra	x21,x4,x25","s5,tp,s9",
800023cc,add,t2:bc5a42b9,,017183b3,,"add	x7,x3,x23","t2,gp,s7",
800023d0,srai,s2:00331d9e,,409d5913,,"srai	x18,x26,0x9","s2,s10,0x9",
800023d4,xori,a7:2101401a,,01ac4893,,"xori	x17,x24,26","a7,s8,26",
800023d8,sltiu,t2:00000001,,9db83393,,"sltiu	x7,x16,-1573","t2,a6,-1573",
800023dc,slti,a5:00000000,,c40ea793,,"slti	x15,x29,-960","a5,t4,-960",
800023e0,sub,t4:663b3c7c,,40fd0eb3,,"sub	x29,x26,x15","t4,s10,a5",
800023e4,sltu,s9:00000001,,01f5bcb3,,"sltu	x25,x11,x31","s9,a1,t6",
800023e8,add,t4:00000020,,01cb0eb3,,"add	x29,x22,x28","t4,s6,t3",
800023f4,xor,a4:55ab3c7c,,004d4733,,"xor	x14,x26,x4","a4,s10,tp",
800023f8,addi,t3:fffffa4a,,a4a00e13,,"addi	x28,x0,-1462","t3,zero,-1462",
800023fc,sub,s5:32ab3c73,,41510ab3,,"sub	x21,x2,x21","s5,sp,s5",
80002400,auipc,s11:a2f10400,,22f0ed97,,"auipc	x27,0x22f0e","s11,0x22f0e",
80002404,or,s11:00000001,,00ccedb3,,"or	x27,x25,x12","s11,s9,a2",
80002408,sra,s2:de2d215c,,409bd933,,"sra	x18,x23,x9","s2,s7,s1",
8000240c,xor,t4:00000000,,01ce4eb3,,"xor	x29,x28,x28","t4,t3,t3",
80002410,auipc,s7:f583f410,,7583db97,,"auipc	x23,0x7583d","s7,0x7583d",
80002414,sltiu,s9:00000001,,c7efbc93,,"sltiu	x25,x31,-898","s9,t6,-898",
80002418,addi,t0:fffff93b,,93a30293,,"addi	x5,x6,-1734","t0,t1,-1734",
80002420,sub,a5:defec000,,418587b3,,"sub	x15,x11,x24","a5,a1,s8",
80002424,slti,gp:00000001,,4bbca193,,"slti	x3,x25,1211","gp,s9,1211",
80002428,slt,t2:00000000,,01e9a3b3,,"slt	x7,x19,x30","t2,s3,t5",
8000242c,slt,s9:00000001,,00662cb3,,"slt	x25,x12,x6","s9,a2,t1",
80002430,xori,s2:21d2dc07,,d5b94913,,"xori	x18,x18,-677","s2,s2,-677",
80002434,add,s0:663b3c7c,,01a08433,,"add	x8,x1,x26","s0,ra,s10",
80002438,andi,t2:00000008,,d689f393,,"andi	x7,x19,-664","t2,s3,-664",
8000243c,xor,s1:00000021,,0164c4b3,,"xor	x9,x9,x22","s1,s1,s6",
80002440,add,a2:663b35b7,,00828633,,"add	x12,x5,x8","a2,t0,s0",
80002444,sub,ra:d6bcb8ef,,41f100b3,,"sub	x1,x2,x31","ra,sp,t6",
80002448,sra,s8:fffffbdf,,4027dc33,,"sra	x24,x15,x2","s8,a5,sp",
8000244c,addi,s9:21d2dc96,,08f90c93,,"addi	x25,x18,143","s9,s2,143",
80002450,srai,a1:00000000,,4079d593,,"srai	x11,x19,0x7","a1,s3,0x7",
80002454,addi,ra:210145a4,,58a88093,,"addi	x1,x17,1418","ra,a7,1418",
80002458,ori,t6:0000057b,,57b36f93,,"ori	x31,x6,1403","t6,t1,1403",
8000245c,sltu,s11:00000001,,017ebdb3,,"sltu	x27,x29,x23","s11,t4,s7",
80002460,addi,s1:fffffba6,,b86b0493,,"addi	x9,x22,-1146","s1,s6,-1146",
80002464,add,s9:0000000f,,01358cb3,,"add	x25,x11,x19","s9,a1,s3",
80002468,xor,s10:fffffa4b,,01c6cd33,,"xor	x26,x13,x28","s10,a3,t3",
8000246c,or,s9:fffffb7b,,01c2ecb3,,"or	x25,x5,x28","s9,t0,t3",
80002470,sltiu,s1:00000001,,674fb493,,"sltiu	x9,x31,1652","s1,t6,1652",
80002474,add,a5:00000001,,00da07b3,,"add	x15,x20,x13","a5,s4,a3",
80002478,andi,t6:00000001,,2294ff93,,"andi	x31,x9,553","t6,s1,553",
8000247c,andi,tp:0000000d,,79d9f213,,"andi	x4,x19,1949","tp,s3,1949",
80002480,and,a2:00000000,,0003f633,,"and	x12,x7,x0","a2,t2,zero",
80002484,andi,t2:32ab3871,,a7daf393,,"andi	x7,x21,-1411","t2,s5,-1411",
80002488,lui,a6:299c0000,,299c0837,,"lui	x16,0x299c0","a6,0x299c0",
8000248c,or,t3:210145a5,,01f0ee33,,"or	x28,x1,x31","t3,ra,t6",
80002490,xor,t4:21d2dc07,,00b94eb3,,"xor	x29,x18,x11","t4,s2,a1",
80002494,sltu,s8:00000000,,00b63c33,,"sltu	x24,x12,x11","s8,a2,a1",
80002498,slti,s6:00000001,,00752b13,,"slti	x22,x10,7","s6,a0,7",
8000249c,srl,s9:00000006,,00d25cb3,,"srl	x25,x4,x13","s9,tp,a3",
800024a0,srli,s11:0ab5678f,,00375d93,,"srli	x27,x14,0x3","s11,a4,0x3",
800024a8,xor,s8:80014e62,,00accc33,,"xor	x24,x25,x10","s8,s9,a0",
800024ac,xori,a7:2101465b,,6418c893,,"xori	x17,x17,1601","a7,a7,1601",
800024b0,srai,t6:00000000,,41735f93,,"srai	x31,x6,0x17","t6,t1,0x17",
800024b4,slt,t1:00000001,,0152a333,,"slt	x6,x5,x21","t1,t0,s5",
800024bc,slli,a1:e0380000,,01391593,,"slli	x11,x18,0x13","a1,s2,0x13",
800024c0,ori,s6:e03802ec,,2ec5eb13,,"ori	x22,x11,748","s6,a1,748",
800024c4,sltiu,sp:00000001,,8e253113,,"sltiu	x2,x10,-1822","sp,a0,-1822",
800024c8,xor,gp:d482b24b,,011bc1b3,,"xor	x3,x23,x17","gp,s7,a7",
800024cc,sltu,s7:00000000,,0013bbb3,,"sltu	x23,x7,x1","s7,t2,ra",
800024d0,and,sp:00000000,,00707133,,"and	x2,x0,x7","sp,zero,t2",
800024d4,addi,s4:00000494,,494a0a13,,"addi	x20,x20,1172","s4,s4,1172",
800024d8,xor,a6:55ab3c7c,,01774833,,"xor	x16,x14,x23","a6,a4,s7",
800024dc,xori,a5:fffff86d,,86c4c793,,"xori	x15,x9,-1940","a5,s1,-1940",
800024e0,srl,t0:080014e6,,001c52b3,,"srl	x5,x24,x1","t0,s8,ra",
800024e4,sltiu,s0:00000001,,e1043413,,"sltiu	x8,x8,-496","s0,s0,-496",
800024e8,slli,s11:00092800,,009a1d93,,"slli	x27,x20,0x9","s11,s4,0x9",
800024f4,srli,s0:00007fff,,0117d413,,"srli	x8,x15,0x11","s0,a5,0x11",
800024f8,lui,t3:12760000,,12760e37,,"lui	x28,0x12760","t3,0x12760",
800024fc,sra,s9:00000000,,408bdcb3,,"sra	x25,x23,x8","s9,s7,s0",
80002504,sra,tp:00000000,,41415233,,"sra	x4,x2,x20","tp,sp,s4",
80002508,sra,t0:fffff86d,,40c7d2b3,,"sra	x5,x15,x12","t0,a5,a2",
8000250c,sub,s6:fff6dc94,,41ba0b33,,"sub	x22,x20,x27","s6,s4,s11",
80002510,xori,s10:80014a03,,461c4d13,,"xori	x26,x24,1121","s10,s8,1121",
80002514,lui,t3:141a8000,,141a8e37,,"lui	x28,0x141a8","t3,0x141a8",
80002518,srli,a6:02ad59e3,,00585813,,"srli	x16,x16,0x5","a6,a6,0x5",
8000251c,lui,s2:d66d2000,,d66d2937,,"lui	x18,0xd66d2","s2,0xd66d2",
80002520,slt,gp:00000001,,014621b3,,"slt	x3,x12,x20","gp,a2,s4",
80002524,xor,sp:80014e64,,00a24133,,"xor	x2,x4,x10","sp,tp,a0",
80002528,slti,tp:00000001,,535d2213,,"slti	x4,x26,1333","tp,s10,1333",
8000252c,slti,s2:00000000,,5b53a913,,"slti	x18,x7,1461","s2,t2,1461",
80002530,xor,s5:5706659f,,00e84ab3,,"xor	x21,x16,x14","s5,a6,a4",
80002534,andi,s1:5706610d,,b4daf493,,"andi	x9,x21,-1203","s1,s5,-1203",
80002538,addi,s1:80018ecf,,1ebf0493,,"addi	x9,x30,491","s1,t5,491",
8000253c,addi,s11:80018a33,,b6448d93,,"addi	x27,x9,-1180","s11,s1,-1180",
80002540,slti,s7:00000000,,b1322b93,,"slti	x23,x4,-1261","s7,tp,-1261",
80002544,xori,t3:fffff98c,,98d24e13,,"xori	x28,x4,-1651","t3,tp,-1651",
80002548,andi,s6:0000000a,,24a9fb13,,"andi	x22,x19,586","s6,s3,586",
8000254c,sltiu,s1:00000001,,cd00b493,,"sltiu	x9,x1,-816","s1,ra,-816",
80002550,sltiu,t1:00000001,,dbddb313,,"sltiu	x6,x27,-579","t1,s11,-579",
80002554,ori,s4:000000df,,0df36a13,,"ori	x20,x6,223","s4,t1,223",
80002558,srli,s11:00000000,,0176dd93,,"srli	x27,x13,0x17","s11,a3,0x17",
80002560,xori,a5:fffff99c,,1f17c793,,"xori	x15,x15,497","a5,a5,497",
80002564,sra,ra:00000001,,4194d0b3,,"sra	x1,x9,x25","ra,s1,s9",
80002568,slti,a7:00000000,,09aaa893,,"slti	x17,x21,154","a7,s5,154",
8000256c,slt,a2:00000001,,00912633,,"slt	x12,x2,x9","a2,sp,s1",
80002570,srli,t1:00000000,,007fd313,,"srli	x6,x31,0x7","t1,t6,0x7",
80002574,andi,a3:00000001,,2470f693,,"andi	x13,x1,583","a3,ra,583",
80002578,or,s10:0000000a,,016b6d33,,"or	x26,x22,x22","s10,s6,s6",
80002580,srai,s1:00000000,,40a65493,,"srai	x9,x12,0xa","s1,a2,0xa",
80002584,sub,t1:0000000a,,400d0333,,"sub	x6,x26,x0","t1,s10,zero",
80002588,lui,ra:43e77000,,43e770b7,,"lui	x1,0x43e77","ra,0x43e77",
8000258c,auipc,s9:558e458c,,d58e2c97,,"auipc	x25,0xd58e2","s9,0xd58e2",
80002590,auipc,s7:7ee1c590,,fee1ab97,,"auipc	x23,0xfee1a","s7,0xfee1a",
80002594,and,t6:32ab3810,,00f3ffb3,,"and	x31,x7,x15","t6,t2,a5",
80002598,lui,s2:a0719000,,a0719937,,"lui	x18,0xa0719","s2,0xa0719",
8000259c,lui,s4:1e4ee000,,1e4eea37,,"lui	x20,0x1e4ee","s4,0x1e4ee",
800025a0,slt,a3:00000000,,00b426b3,,"slt	x13,x8,x11","a3,s0,a1",
800025a4,srli,s6:004000a7,,00955b13,,"srli	x22,x10,0x9","s6,a0,0x9",
800025a8,add,a3:00000010,,013606b3,,"add	x13,x12,x19","a3,a2,s3",
800025ac,srli,t2:00000000,,00d8d393,,"srli	x7,x17,0xd","t2,a7,0xd",
800025b0,lui,s5:82b88000,,82b88ab7,,"lui	x21,0x82b88","s5,0x82b88",
800025b4,lui,a6:7148d000,,7148d837,,"lui	x16,0x7148d","a6,0x7148d",
800025b8,ori,ra:ffffffff,,81746093,,"ori	x1,x8,-2025","ra,s0,-2025",
800025bc,sltu,a7:00000000,,009138b3,,"sltu	x17,x2,x9","a7,sp,s1",
800025c0,add,tp:fffff86d,,00728233,,"add	x4,x5,x7","tp,t0,t2",
800025c4,ori,s6:000000e1,,0e11eb13,,"ori	x22,x3,225","s6,gp,225",
800025c8,srl,s4:0000000a,,01b35a33,,"srl	x20,x6,x27","s4,t1,s11",
800025cc,auipc,a7:909845cc,,10982897,,"auipc	x17,0x10982","a7,0x10982",
800025d0,slli,sp:73200000,,01311113,,"slli	x2,x2,0x13","sp,sp,0x13",
800025d4,sra,s5:7148d000,,40285ab3,,"sra	x21,x16,x2","s5,a6,sp",
800025d8,lui,a4:f2e0f000,,f2e0f737,,"lui	x14,0xf2e0f","a4,0xf2e0f",
800025dc,add,gp:fffff99b,,00f081b3,,"add	x3,x1,x15","gp,ra,a5",
800025e0,and,a1:20100000,,01d5f5b3,,"and	x11,x11,x29","a1,a1,t4",
800025e4,slli,s7:00000000,,01739b93,,"slli	x23,x7,0x17","s7,t2,0x17",
800025e8,sltu,t3:00000001,,004c3e33,,"sltu	x28,x24,x4","t3,s8,tp",
800025ec,sra,t1:32ab3810,,40bfd333,,"sra	x6,x31,x11","t1,t6,a1",
800025f0,or,s0:fffff99f,,0131e433,,"or	x8,x3,x19","s0,gp,s3",
800025f4,ori,s5:fffffded,,5a826a93,,"ori	x21,x4,1448","s5,tp,1448",
800025fc,srl,s7:73200000,,00715bb3,,"srl	x23,x2,x7","s7,sp,t2",
80002600,addi,gp:fffffb42,,b38d0193,,"addi	x3,x26,-1224","gp,s10,-1224",
80002604,sub,ra:000000e1,,409b00b3,,"sub	x1,x22,x9","ra,s6,s1",
80002608,andi,s8:00000000,,d0b6fc13,,"andi	x24,x13,-757","s8,a3,-757",
80002610,sra,s11:909845cc,,4078ddb3,,"sra	x27,x17,x7","s11,a7,t2",
80002614,sub,a4:de2d24da,,41db0733,,"sub	x14,x22,x29","a4,s6,t4",
80002618,srl,gp:0000ab1c,,013cd1b3,,"srl	x3,x25,x19","gp,s9,s3",
8000261c,add,sp:32ab3820,,00668133,,"add	x2,x13,x6","sp,a3,t1",
80002620,srl,s0:0000ffff,,00d7d433,,"srl	x8,x15,x13","s0,a5,a3",
80002624,srli,a3:000000ff,,0187d693,,"srli	x13,x15,0x18","a3,a5,0x18",
8000262c,slt,t1:00000001,,003c2333,,"slt	x6,x24,x3","t1,s8,gp",
80002630,xor,a1:00000001,,009345b3,,"xor	x11,x6,x9","a1,t1,s1",
80002634,addi,s7:fffffce8,,ce848b93,,"addi	x23,x9,-792","s7,s1,-792",
80002638,sll,t3:00000014,,006d1e33,,"sll	x28,x26,x6","t3,s10,t1",
80002640,ori,a7:000004ff,,4086e893,,"ori	x17,x13,1032","a7,a3,1032",
80002644,srli,s5:00000007,,005b5a93,,"srli	x21,x22,0x5","s5,s6,0x5",
80002648,slti,t4:00000001,,c2f2ae93,,"slti	x29,x5,-977","t4,t0,-977",
8000264c,sra,a3:0000027f,,40c8d6b3,,"sra	x13,x17,x12","a3,a7,a2",
80002650,slt,a2:00000001,,0190a633,,"slt	x12,x1,x25","a2,ra,s9",
80002654,srl,s9:001c5234,,01a85cb3,,"srl	x25,x16,x26","s9,a6,s10",
80002658,xor,s1:001c5220,,019e44b3,,"xor	x9,x28,x25","s1,t3,s9",
8000265c,slli,s11:ffe74000,,00bb9d93,,"slli	x27,x23,0xb","s11,s7,0xb",
80002660,slli,s6:00000000,,01e39b13,,"slli	x22,x7,0x1e","s6,t2,0x1e",
80002664,add,s8:00000001,,00030c33,,"add	x24,x6,x0","s8,t1,zero",
80002668,add,s8:ffe74001,,00cd8c33,,"add	x24,x27,x12","s8,s11,a2",
8000266c,xori,s0:0000044b,,441a4413,,"xori	x8,x20,1089","s0,s4,1089",
80002670,and,ra:0000005a,,00e6f0b3,,"and	x1,x13,x14","ra,a3,a4",
80002674,and,s9:00000008,,0147fcb3,,"and	x25,x15,x20","s9,a5,s4",
80002678,sltu,s5:00000000,,00993ab3,,"sltu	x21,x18,x9","s5,s2,s1",
8000267c,slt,t1:00000001,,0096a333,,"slt	x6,x13,x9","t1,a3,s1",
80002680,sltu,s9:00000000,,01fbbcb3,,"sltu	x25,x23,x31","s9,s7,t6",
80002684,add,a3:71652220,,010486b3,,"add	x13,x9,x16","a3,s1,a6",
80002688,srli,s4:00003fff,,0127da13,,"srli	x20,x15,0x12","s4,a5,0x12",
8000268c,srl,a7:0000e291,,013858b3,,"srl	x17,x16,x19","a7,a6,s3",
80002690,addi,ra:ffffffe6,,fe5e8093,,"addi	x1,x29,-27","ra,t4,-27",
80002698,xor,s0:80018ce4,,007f4433,,"xor	x8,x30,x7","s0,t5,t2",
800026a0,srl,s7:00000001,,01b5dbb3,,"srl	x23,x11,x27","s7,a1,s11",
800026a4,slt,s0:00000001,,01642433,,"slt	x8,x8,x22","s0,s0,s6",
800026a8,addi,t3:a07197aa,,7aa90e13,,"addi	x28,x18,1962","t3,s2,1962",
800026ac,andi,a1:00000523,,523a7593,,"andi	x11,x20,1315","a1,s4,1315",
800026b0,sll,t6:00000001,,000e9fb3,,"sll	x31,x29,x0","t6,t4,zero",
800026b4,and,t0:00000000,,0023f2b3,,"and	x5,x7,x2","t0,t2,sp",
800026bc,srl,s11:001c5948,,01c6ddb3,,"srl	x27,x13,x28","s11,a3,t3",
800026c0,srli,a4:00e291a0,,00785713,,"srli	x14,x16,0x7","a4,a6,0x7",
800026c4,and,s7:00000000,,00f3fbb3,,"and	x23,x7,x15","s7,t2,a5",
800026c8,or,a7:00000001,,006fe8b3,,"or	x17,x31,x6","a7,t6,t1",
800026cc,sra,s9:00001fff,,418a5cb3,,"sra	x25,x20,x24","s9,s4,s8",
800026d0,sltiu,a7:00000001,,e99a3893,,"sltiu	x17,x20,-359","a7,s4,-359",
800026d4,sltu,a3:00000000,,015936b3,,"sltu	x13,x18,x21","a3,s2,s5",
800026d8,xor,a4:a07197ab,,01c34733,,"xor	x14,x6,x28","a4,t1,t3",
800026e0,sub,a3:ffe74000,,40cc06b3,,"sub	x13,x24,x12","a3,s8,a2",
800026e4,sub,s0:a0718fff,,41f90433,,"sub	x8,x18,x31","s0,s2,t6",
800026e8,sltiu,s6:00000001,,e336bb13,,"sltiu	x22,x13,-461","s6,a3,-461",
800026f0,sltu,s5:00000001,,0045bab3,,"sltu	x21,x11,x4","s5,a1,tp",
800026f4,slt,gp:00000000,,015621b3,,"slt	x3,x12,x21","gp,a2,s5",
800026f8,slti,t0:00000001,,06e92293,,"slti	x5,x18,110","t0,s2,110",
800026fc,auipc,tp:e67196fc,,66717217,,"auipc	x4,0x66717","tp,0x66717",
80002704,and,t2:00000000,,015073b3,,"and	x7,x0,x21","t2,zero,s5",
80002708,lui,s2:6a669000,,6a669937,,"lui	x18,0x6a669","s2,0x6a669",
8000270c,sra,a2:ffffffff,,41925633,,"sra	x12,x4,x25","a2,tp,s9",
80002710,add,s4:e67196fd,,01f20a33,,"add	x20,x4,x31","s4,tp,t6",
80002714,andi,ra:00000001,,5ed37093,,"andi	x1,x6,1517","ra,t1,1517",
80002718,slt,t4:00000000,,01adaeb3,,"slt	x29,x27,x26","t4,s11,s10",
8000271c,auipc,sp:a995e71c,,2995c117,,"auipc	x2,0x2995c","sp,0x2995c",
80002720,lui,ra:84886000,,848860b7,,"lui	x1,0x84886","ra,0x84886",
80002724,xor,t0:7148d00f,,013842b3,,"xor	x5,x16,x19","t0,a6,s3",
80002730,srli,t2:000001cc,,01725393,,"srli	x7,x4,0x17","t2,tp,0x17",
80002734,slt,s1:00000001,,00b6a4b3,,"slt	x9,x13,x11","s1,a3,a1",
80002738,auipc,a5:89399738,,09397797,,"auipc	x15,0x9397","a5,0x9397",
8000273c,auipc,a7:a84a673c,,284a4897,,"auipc	x17,0x284a4","a7,0x284a4",
80002740,srli,s2:00000000,,01ffd913,,"srli	x18,x31,0x1f","s2,t6,0x1f",
80002744,sll,a1:00000000,,01be95b3,,"sll	x11,x29,x27","a1,t4,s11",
80002748,andi,s7:00000000,,c86ffb93,,"andi	x23,x31,-890","s7,t6,-890",
8000274c,slt,s9:00000000,,004aacb3,,"slt	x25,x21,x4","s9,s5,tp",
80002750,and,s7:00044000,,00ddfbb3,,"and	x23,x27,x13","s7,s11,a3",
80002754,lui,s0:ac985000,,ac985437,,"lui	x8,0xac985","s0,0xac985",
80002758,srai,s5:ffffffa0,,41875a93,,"srai	x21,x14,0x18","s5,a4,0x18",
8000275c,slti,t0:00000000,,41eda293,,"slti	x5,x27,1054","t0,s11,1054",
80002760,sltiu,sp:00000000,,00873113,,"sltiu	x2,x14,8","sp,a4,8",
80002764,sltu,s8:00000000,,003ebc33,,"sltu	x24,x29,x3","s8,t4,gp",
80002768,srai,t4:00000000,,40fd5e93,,"srai	x29,x26,0xf","t4,s10,0xf",
8000276c,srai,t1:fffff338,,41125313,,"srai	x6,x4,0x11","t1,tp,0x11",
80002770,sltu,a6:00000000,,00043833,,"sltu	x16,x8,x0","a6,s0,zero",
80002774,and,sp:00000000,,0126f133,,"and	x2,x13,x18","sp,a3,s2",
80002778,auipc,s9:583ba778,,d83b8c97,,"auipc	x25,0xd83b8","s9,0xd83b8",
8000277c,xori,gp:fffffb1e,,b1e14193,,"xori	x3,x2,-1250","gp,sp,-1250",
80002780,xori,s11:80014e37,,05354d93,,"xori	x27,x10,83","s11,a0,83",
80002784,lui,s8:07e0a000,,07e0ac37,,"lui	x24,0x7e0a","s8,0x7e0a",
80002788,srai,s7:07e0a000,,400c5b93,,"srai	x23,x24,0x0","s7,s8,0x0",
8000278c,srl,gp:00000000,,0192d1b3,,"srl	x3,x5,x25","gp,t0,s9",
80002790,or,s4:ffffffff,,00cc6a33,,"or	x20,x24,x12","s4,s8,a2",
80002794,sra,a4:00000000,,4074d733,,"sra	x14,x9,x7","a4,s1,t2",
80002798,auipc,a3:0ae47798,,8ae45697,,"auipc	x13,0x8ae45","a3,0x8ae45",
8000279c,slt,a3:00000000,,00ec26b3,,"slt	x13,x24,x14","a3,s8,a4",
800027a0,sra,sp:00000000,,4025d133,,"sra	x2,x11,x2","sp,a1,sp",
800027a4,sltu,t1:00000000,,01dd3333,,"sltu	x6,x26,x29","t1,s10,t4",
800027a8,sltiu,a1:00000001,,851bb593,,"sltiu	x11,x23,-1967","a1,s7,-1967",
800027b0,srli,s8:00000000,,00575c13,,"srli	x24,x14,0x5","s8,a4,0x5",
800027b4,addi,s9:00000008,,007b0c93,,"addi	x25,x22,7","s9,s6,7",
800027b8,sll,a1:0000000f,,006995b3,,"sll	x11,x19,x6","a1,s3,t1",
800027bc,srai,a6:00000000,,41b05813,,"srai	x16,x0,0x1b","a6,zero,0x1b",
800027c0,sll,s6:0000000a,,001d1b33,,"sll	x22,x26,x1","s6,s10,ra",
800027c4,add,s1:00000001,,006484b3,,"add	x9,x9,x6","s1,s1,t1",
800027c8,sll,s8:00000000,,00571c33,,"sll	x24,x14,x5","s8,a4,t0",
800027cc,auipc,s8:88e8b7cc,,08e89c17,,"auipc	x24,0x8e89","s8,0x8e89",
800027d0,srai,a1:00000005,,401b5593,,"srai	x11,x22,0x1","a1,s6,0x1",
800027d4,srl,s5:0ffffffa,,01eadab3,,"srl	x21,x21,x30","s5,s5,t5",
800027d8,or,t3:000001cd,,0093ee33,,"or	x28,x7,x9","t3,t2,s1",
800027dc,srl,a4:00000000,,008ed733,,"srl	x14,x29,x8","a4,t4,s0",
800027e0,sltu,a6:00000000,,01f9b833,,"sltu	x16,x19,x31","a6,s3,t6",
800027e4,add,tp:e6719706,,01a20233,,"add	x4,x4,x26","tp,tp,s10",
800027e8,auipc,ra:c90837e8,,49081097,,"auipc	x1,0x49081","ra,0x49081",
800027ec,xor,sp:80014e37,,01ddc133,,"xor	x2,x27,x29","sp,s11,t4",
800027f0,auipc,s7:6bc177f0,,ebc15b97,,"auipc	x23,0xebc15","s7,0xebc15",
800027f4,srli,gp:00200053,,00a55193,,"srli	x3,x10,0xa","gp,a0,0xa",
800027f8,sra,s9:00000000,,41495cb3,,"sra	x25,x18,x20","s9,s2,s4",
800027fc,srli,s8:0111d16f,,007c5c13,,"srli	x24,x24,0x7","s8,s8,0x7",
80002800,srli,t0:00000000,,00a9d293,,"srli	x5,x19,0xa","t0,s3,0xa",
80002804,xori,s8:0000051e,,51e84c13,,"xori	x24,x16,1310","s8,a6,1310",
80002808,andi,s2:0000000a,,4fbb7913,,"andi	x18,x22,1275","s2,s6,1275",
8000280c,lui,s5:c8bf7000,,c8bf7ab7,,"lui	x21,0xc8bf7","s5,0xc8bf7",
80002810,srl,a3:00000000,,00a4d6b3,,"srl	x13,x9,x10","a3,s1,a0",
80002814,andi,s7:c8bf7000,,a35afb93,,"andi	x23,x21,-1483","s7,s5,-1483",
80002818,addi,sp:000004b6,,4b628113,,"addi	x2,x5,1206","sp,t0,1206",
8000281c,srli,s11:00000000,,0034dd93,,"srli	x27,x9,0x3","s11,s1,0x3",
80002820,and,t4:00000000,,00defeb3,,"and	x29,x29,x13","t4,t4,a3",
80002824,slti,gp:00000000,,f3bc2193,,"slti	x3,x24,-197","gp,s8,-197",
80002828,srli,sp:00000000,,00c85113,,"srli	x2,x16,0xc","sp,a6,0xc",
8000282c,ori,gp:000001df,,092e6193,,"ori	x3,x28,146","gp,t3,146",
80002830,sltu,a7:00000001,,01c938b3,,"sltu	x17,x18,x28","a7,s2,t3",
80002834,srai,ra:00000000,,41d75093,,"srai	x1,x14,0x1d","ra,a4,0x1d",
80002838,ori,s10:e67197f6,,1f026d13,,"ori	x26,x4,496","s10,tp,496",
8000283c,sub,sp:ffffffff,,401a0133,,"sub	x2,x20,x1","sp,s4,ra",
80002840,lui,a7:d6099000,,d60998b7,,"lui	x17,0xd6099","a7,0xd6099",
80002844,slt,sp:00000000,,01482133,,"slt	x2,x16,x20","sp,a6,s4",
80002848,sub,t0:7ffeb1a6,,40a902b3,,"sub	x5,x18,x10","t0,s2,a0",
8000284c,slt,gp:00000001,,012fa1b3,,"slt	x3,x31,x18","gp,t6,s2",
80002850,or,a1:e671970e,,012265b3,,"or	x11,x4,x18","a1,tp,s2",
80002854,add,t6:e6719805,,013d0fb3,,"add	x31,x26,x19","t6,s10,s3",
80002858,and,a2:00000000,,007ef633,,"and	x12,x29,x7","a2,t4,t2",
8000285c,addi,a4:000006aa,,6aae8713,,"addi	x14,x29,1706","a4,t4,1706",
80002864,and,t3:00000000,,01a0fe33,,"and	x28,x1,x26","t3,ra,s10",
80002868,sll,s7:00000000,,004d9bb3,,"sll	x23,x27,x4","s7,s11,tp",
8000286c,sra,s1:00000000,,413dd4b3,,"sra	x9,x27,x19","s1,s11,s3",
80002870,sra,a3:00000000,,406ed6b3,,"sra	x13,x29,x6","a3,t4,t1",
80002874,xori,s0:fffffa17,,a1734413,,"xori	x8,x6,-1513","s0,t1,-1513",
8000287c,ori,a5:000000e3,,0e3ee793,,"ori	x15,x29,227","a5,t4,227",
80002880,sltu,gp:00000000,,016a31b3,,"sltu	x3,x20,x22","gp,s4,s6",
80002884,sll,s11:02800000,,01a91db3,,"sll	x27,x18,x26","s11,s2,s10",
80002888,slti,s0:00000001,,4ebd2413,,"slti	x8,x26,1259","s0,s10,1259",
8000288c,slt,s2:00000001,,00e02933,,"slt	x18,x0,x14","s2,zero,a4",
80002890,srli,ra:0000000c,,01cad093,,"srli	x1,x21,0x1c","ra,s5,0x1c",
80002894,xori,a3:29f66d36,,d368c693,,"xori	x13,x17,-714","a3,a7,-714",
80002898,sub,t3:7ffeb1a6,,41d28e33,,"sub	x28,x5,x29","t3,t0,t4",
8000289c,xori,s6:028002a7,,2a7dcb13,,"xori	x22,x27,679","s6,s11,679",
800028a0,sra,t4:00000000,,403cdeb3,,"sra	x29,x25,x3","t4,s9,gp",
800028a4,xori,a1:00000632,,32cc4593,,"xori	x11,x24,812","a1,s8,812",
800028a8,xor,t6:7ffeb1a6,,010e4fb3,,"xor	x31,x28,x16","t6,t3,a6",
800028ac,srli,t6:00000000,,01005f93,,"srli	x31,x0,0x10","t6,zero,0x10",
800028b4,sltiu,s4:00000001,,c13f3a13,,"sltiu	x20,x30,-1005","s4,t5,-1005",
800028b8,addi,a3:000004ad,,4adf8693,,"addi	x13,x31,1197","a3,t6,1197",
800028bc,slt,s0:00000001,,0131a433,,"slt	x8,x3,x19","s0,gp,s3",
800028c0,and,t2:00000000,,00aff3b3,,"and	x7,x31,x10","t2,t6,a0",
800028c4,lui,t6:c0215000,,c0215fb7,,"lui	x31,0xc0215","t6,0xc0215",
800028c8,sra,tp:f80014e6,,41e55233,,"sra	x4,x10,x30","tp,a0,t5",
800028cc,sltu,t4:00000001,,004cbeb3,,"sltu	x29,x25,x4","t4,s9,tp",
800028d0,slti,a5:00000001,,3b002793,,"slti	x15,x0,944","a5,zero,944",
800028d4,lui,tp:cfbd8000,,cfbd8237,,"lui	x4,0xcfbd8","tp,0xcfbd8",
800028d8,sltiu,s8:00000001,,7e513c13,,"sltiu	x24,x2,2021","s8,sp,2021",
800028dc,xor,s8:ca3f72a7,,015b4c33,,"xor	x24,x22,x21","s8,s6,s5",
800028e0,and,t1:00000000,,0195f333,,"and	x6,x11,x25","t1,a1,s9",
800028e4,andi,s7:000001d4,,1dcd7b93,,"andi	x23,x26,476","s7,s10,476",
800028e8,slli,s0:00000000,,01689413,,"slli	x8,x17,0x16","s0,a7,0x16",
800028ec,slli,a1:d0000000,,01c69593,,"slli	x11,x13,0x1c","a1,a3,0x1c",
800028f0,and,t6:00000000,,0108ffb3,,"and	x31,x17,x16","t6,a7,a6",
800028f4,srli,s0:00000000,,01a4d413,,"srli	x8,x9,0x1a","s0,s1,0x1a",
800028f8,sltiu,s1:00000001,,7afbb493,,"sltiu	x9,x23,1967","s1,s7,1967",
800028fc,srai,s10:00000000,,41aedd13,,"srai	x26,x29,0x1a","s10,t4,0x1a",
80002900,sltu,a5:00000000,,019db7b3,,"sltu	x15,x27,x25","a5,s11,s9",
80002904,xori,s2:00000161,,0b5bc913,,"xori	x18,x23,181","s2,s7,181",
8000290c,xori,s2:000001e2,,1e2d4913,,"xori	x18,x26,482","s2,s10,482",
80002910,slli,t2:69800000,,016e1393,,"slli	x7,x28,0x16","t2,t3,0x16",
80002914,auipc,s2:dc0c8914,,5c0c6917,,"auipc	x18,0x5c0c6","s2,0x5c0c6",
80002918,sltu,s9:00000001,,01713cb3,,"sltu	x25,x2,x23","s9,sp,s7",
8000291c,lui,a6:665a4000,,665a4837,,"lui	x16,0x665a4","a6,0x665a4",
80002920,ori,t0:000002af,,2aea6293,,"ori	x5,x20,686","t0,s4,686",
80002924,or,a2:80014e64,,00f56633,,"or	x12,x10,x15","a2,a0,a5",
80002928,xor,s7:80018ce4,,006f4bb3,,"xor	x23,x30,x6","s7,t5,t1",
8000292c,sltiu,s7:00000001,,a69c3b93,,"sltiu	x23,x24,-1431","s7,s8,-1431",
80002930,srli,gp:00000000,,0197d193,,"srli	x3,x15,0x19","gp,a5,0x19",
80002934,sra,s11:00000000,,40abddb3,,"sra	x27,x23,x10","s11,s7,a0",
80002938,slli,t6:02568000,,00f69f93,,"slli	x31,x13,0xf","t6,a3,0xf",
80002940,and,s6:80010c64,,01e57b33,,"and	x22,x10,x30","s6,a0,t5",
80002944,xor,a6:50014e64,,00c5c833,,"xor	x16,x11,x12","a6,a1,a2",
80002948,andi,s11:00000001,,7c9bfd93,,"andi	x27,x23,1993","s11,s7,1993",
8000294c,andi,a1:000000a2,,5e2c7593,,"andi	x11,x24,1506","a1,s8,1506",
80002954,auipc,s9:ddd20954,,5dd1ec97,,"auipc	x25,0x5dd1e","s9,0x5dd1e",
80002958,lui,t4:180c7000,,180c7eb7,,"lui	x29,0x180c7","t4,0x180c7",
8000295c,srl,s7:67dec000,,00925bb3,,"srl	x23,x4,x9","s7,tp,s1",
80002960,srli,t0:0d609900,,0048d293,,"srli	x5,x17,0x4","t0,a7,0x4",
80002964,addi,t3:00000172,,171a0e13,,"addi	x28,x20,369","t3,s4,369",
80002968,srl,s5:00000000,,00435ab3,,"srl	x21,x6,x4","s5,t1,tp",
80002970,sltiu,t3:00000001,,ab9b3e13,,"sltiu	x28,x22,-1351","t3,s6,-1351",
80002974,sub,a4:7ffe731c,,41e78733,,"sub	x14,x15,x30","a4,a5,t5",
8000297c,sltu,a2:00000001,,00d7b633,,"sltu	x12,x15,x13","a2,a5,a3",
80002980,or,a3:ca3f72af,,001c66b3,,"or	x13,x24,x1","a3,s8,ra",
80002984,andi,s11:00000001,,10fe7d93,,"andi	x27,x28,271","s11,t3,271",
80002988,sra,gp:67dec000,,41fbd1b3,,"sra	x3,x23,x31","gp,s7,t6",
8000298c,sll,t6:7ffe731c,,00471fb3,,"sll	x31,x14,x4","t6,a4,tp",
80002990,srai,s11:00000000,,41c2dd93,,"srai	x27,x5,0x1c","s11,t0,0x1c",
80002994,addi,a4:fffffbfd,,bfc60713,,"addi	x14,x12,-1028","a4,a2,-1028",
80002998,sltu,s9:00000000,,0002bcb3,,"sltu	x25,x5,x0","s9,t0,zero",
8000299c,ori,s11:0000056d,,56c66d93,,"ori	x27,x12,1388","s11,a2,1388",
800029a4,srl,ra:00000000,,01f050b3,,"srl	x1,x0,x31","ra,zero,t6",
800029a8,srli,t3:0000007f,,01975e13,,"srli	x28,x14,0x19","t3,a4,0x19",
800029ac,or,tp:0d609901,,00566233,,"or	x4,x12,x5","tp,a2,t0",
800029b0,lui,a3:5f759000,,5f7596b7,,"lui	x13,0x5f759","a3,0x5f759",
800029b4,sltu,s0:00000000,,0046b433,,"sltu	x8,x13,x4","s0,a3,tp",
800029b8,sub,a5:98214000,,403c87b3,,"sub	x15,x25,x3","a5,s9,gp",
800029bc,lui,a7:72f75000,,72f758b7,,"lui	x17,0x72f75","a7,0x72f75",
800029c0,srli,gp:00000051,,0015d193,,"srli	x3,x11,0x1","gp,a1,0x1",
800029c4,srai,s1:00000000,,41365493,,"srai	x9,x12,0x13","s1,a2,0x13",
800029c8,sra,tp:00000000,,40815233,,"sra	x4,x2,x8","tp,sp,s0",
800029cc,or,s11:80014e7f,,01c56db3,,"or	x27,x10,x28","s11,a0,t3",
800029d0,andi,ra:98214000,,af17f093,,"andi	x1,x15,-1295","ra,a5,-1295",
800029d8,slt,t3:00000000,,01212e33,,"slt	x28,x2,x18","t3,sp,s2",
800029dc,srai,tp:00000000,,412a5213,,"srai	x4,x20,0x12","tp,s4,0x12",
800029e0,andi,s10:8001487a,,9fadfd13,,"andi	x26,x27,-1542","s10,s11,-1542",
800029e4,sll,t4:19c80000,,003f1eb3,,"sll	x29,x30,x3","t4,t5,gp",
800029e8,and,tp:98000000,,0120f233,,"and	x4,x1,x18","tp,ra,s2",
800029ec,slli,gp:a0000000,,01d71193,,"slli	x3,x14,0x1d","gp,a4,0x1d",
800029f4,add,s2:181fb31c,,00ff8933,,"add	x18,x31,x15","s2,t6,a5",
800029f8,sra,s0:f80018ce,,41ef5433,,"sra	x8,x30,x30","s0,t5,t5",
800029fc,srli,s4:00000000,,00205a13,,"srli	x20,x0,0x2","s4,zero,0x2",
80002a08,add,t6:b9c80000,,003e8fb3,,"add	x31,x29,x3","t6,t4,gp",
80002a0c,lui,s9:3d3e5000,,3d3e5cb7,,"lui	x25,0x3d3e5","s9,0x3d3e5",
80002a10,auipc,s2:8649ca10,,0649a917,,"auipc	x18,0x649a","s2,0x649a",
80002a14,sra,s6:067dec00,,41ebdb33,,"sra	x22,x23,x30","s6,s7,t5",
80002a18,sll,a5:00000000,,01b417b3,,"sll	x15,x8,x27","a5,s0,s11",
80002a1c,addi,a6:000006c9,,6c910813,,"addi	x16,x2,1737","a6,sp,1737",
80002a20,lui,s0:980dc000,,980dc437,,"lui	x8,0x980dc","s0,0x980dc",
80002a24,xor,s2:e7df4ce4,,017f4933,,"xor	x18,x30,x23","s2,t5,s7",
80002a28,auipc,a2:04a21a28,,84a1f617,,"auipc	x12,0x84a1f","a2,0x84a1f",
80002a2c,slti,t3:00000001,,9a11ae13,,"slti	x28,x3,-1631","t3,gp,-1631",
80002a30,addi,s0:80018bc1,,eddf0413,,"addi	x8,x30,-291","s0,t5,-291",
80002a34,slt,s1:00000001,,007b24b3,,"slt	x9,x22,x7","s1,s6,t2",
80002a38,or,a6:80014e64,,00056833,,"or	x16,x10,x0","a6,a0,zero",
80002a3c,srli,s1:00000000,,01ded493,,"srli	x9,x29,0x1d","s1,t4,0x1d",
80002a40,slli,s5:07800000,,01799a93,,"slli	x21,x19,0x17","s5,s3,0x17",
80002a44,sltiu,a6:00000001,,2c513813,,"sltiu	x16,x2,709","a6,sp,709",
80002a48,srai,a1:ffffff73,,417fd593,,"srai	x11,x31,0x17","a1,t6,0x17",
80002a4c,slti,s11:00000000,,840cad93,,"slti	x27,x25,-1984","s11,s9,-1984",
80002a50,xor,sp:00000000,,00f34133,,"xor	x2,x6,x15","sp,t1,a5",
80002a54,lui,s0:95965000,,95965437,,"lui	x8,0x95965","s0,0x95965",
80002a58,slt,ra:00000000,,005ea0b3,,"slt	x1,x29,x5","ra,t4,t0",
80002a5c,add,t0:21a6c000,,01fb82b3,,"add	x5,x23,x31","t0,s7,t6",
80002a64,xor,tp:5f759000,,00d34233,,"xor	x4,x6,x13","tp,t1,a3",
80002a68,and,a5:06758000,,00db77b3,,"and	x15,x22,x13","a5,s6,a3",
80002a6c,auipc,s11:cda43a6c,,4da41d97,,"auipc	x27,0x4da41","s11,0x4da41",
80002a70,srli,a5:080014e6,,00455793,,"srli	x15,x10,0x4","a5,a0,0x4",
80002a74,add,a7:077fff73,,00ba88b3,,"add	x17,x21,x11","a7,s5,a1",
80002a78,auipc,s9:1f7fba78,,9f7f9c97,,"auipc	x25,0x9f7f9","s9,0x9f7f9",
80002a7c,addi,t1:67deb9bb,,9bbb8313,,"addi	x6,x23,-1605","t1,s7,-1605",
80002a84,slt,s2:00000000,,000b2933,,"slt	x18,x22,x0","s2,s6,zero",
80002a88,srl,a6:00000001,,015e5833,,"srl	x16,x28,x21","a6,t3,s5",
80002a8c,ori,t2:ffffffff,,ddf8e393,,"ori	x7,x17,-545","t2,a7,-545",
80002a90,sub,s6:080014e6,,40178b33,,"sub	x22,x15,x1","s6,a5,ra",
80002a94,sltu,s11:00000000,,0140bdb3,,"sltu	x27,x1,x20","s11,ra,s4",
80002a98,sub,t4:605ec000,,415b8eb3,,"sub	x29,x23,x21","t4,s7,s5",
80002a9c,sra,ra:0000beeb,,413250b3,,"sra	x1,x4,x19","ra,tp,s3",
80002aa0,slt,s1:00000001,,0170a4b3,,"slt	x9,x1,x23","s1,ra,s7",
80002aa4,sltu,gp:00000000,,012b31b3,,"sltu	x3,x22,x18","gp,s6,s2",
80002aa8,ori,ra:000001cf,,1cee6093,,"ori	x1,x28,462","ra,t3,462",
80002aac,sltu,a3:00000000,,002fb6b3,,"sltu	x13,x31,x2","a3,t6,sp",
80002ab0,andi,s0:00000001,,5419f413,,"andi	x8,x19,1345","s0,s3,1345",
80002ab8,sltu,gp:00000001,,01aab1b3,,"sltu	x3,x21,x26","gp,s5,s10",
80002ac0,slt,s8:00000001,,0013ac33,,"slt	x24,x7,x1","s8,t2,ra",
80002ac4,addi,s2:800147df,,97b50913,,"addi	x18,x10,-1669","s2,a0,-1669",
80002ac8,sub,sp:080014e7,,40778133,,"sub	x2,x15,x7","sp,a5,t2",
80002acc,xor,a2:67dec001,,01784633,,"xor	x12,x16,x23","a2,a6,s7",
80002ad4,slt,s0:00000000,,00eca433,,"slt	x8,x25,x14","s0,s9,a4",
80002ad8,sltiu,a2:00000001,,9a283613,,"sltiu	x12,x16,-1630","a2,a6,-1630",
80002adc,sltu,t6:00000001,,01e8bfb3,,"sltu	x31,x17,x30","t6,a7,t5",
80002ae0,auipc,t1:ce0a8ae0,,4e0a6317,,"auipc	x6,0x4e0a6","t1,0x4e0a6",
80002ae4,slli,s0:54570000,,00b31413,,"slli	x8,x6,0xb","s0,t1,0xb",
80002aec,sra,t6:03c00000,,403adfb3,,"sra	x31,x21,x3","t6,s5,gp",
80002af0,sub,s6:de594000,,405d8b33,,"sub	x22,x27,x5","s6,s11,t0",
80002af4,sub,a1:7ffeb821,,412a05b3,,"sub	x11,x20,x18","a1,s4,s2",
80002af8,sltu,s11:00000000,,000bbdb3,,"sltu	x27,x23,x0","s11,s7,zero",
80002afc,sra,s1:e7054570,,403354b3,,"sra	x9,x6,x3","s1,t1,gp",
80002b00,ori,s5:000001ef,,1efc6a93,,"ori	x21,x24,495","s5,s8,495",
80002b04,srli,s4:00019c15,,00f35a13,,"srli	x20,x6,0xf","s4,t1,0xf",
80002b08,andi,t6:00000022,,626d7f93,,"andi	x31,x26,1574","t6,s10,1574",
80002b0c,slli,s0:ffffdfe8,,00371413,,"slli	x8,x14,0x3","s0,a4,0x3",
80002b10,andi,s11:fffff9a4,,da477d93,,"andi	x27,x14,-604","s11,a4,-604",
80002b18,slli,s6:7c000000,,01a91b13,,"slli	x22,x18,0x1a","s6,s2,0x1a",
80002b1c,lui,s5:0afc1000,,0afc1ab7,,"lui	x21,0xafc1","s5,0xafc1",
80002b20,and,t2:ffffd9a0,,008df3b3,,"and	x7,x27,x8","t2,s11,s0",
80002b24,sltu,a4:00000000,,003a3733,,"sltu	x14,x20,x3","a4,s4,gp",
80002b28,xor,a7:80014875,,013d48b3,,"xor	x17,x26,x19","a7,s10,s3",
80002b2c,sltiu,s5:00000000,,685aba93,,"sltiu	x21,x21,1669","s5,s5,1669",
80002b30,addi,t1:fffffd50,,d4f18313,,"addi	x6,x3,-689","t1,gp,-689",
80002b34,ori,s1:000007df,,7100e493,,"ori	x9,x1,1808","s1,ra,1808",
80002b38,sltiu,s8:00000001,,2496bc13,,"sltiu	x24,x13,585","s8,a3,585",
80002b3c,srl,s11:00000000,,01a4ddb3,,"srl	x27,x9,x26","s11,s1,s10",
80002b40,lui,a6:49623000,,49623837,,"lui	x16,0x49623","a6,0x49623",
80002b44,slti,t0:00000000,,7f52a293,,"slti	x5,x5,2037","t0,t0,2037",
80002b48,slli,a2:00000800,,00bc1613,,"slli	x12,x24,0xb","a2,s8,0xb",
80002b4c,sltiu,s8:00000001,,ba91bc13,,"sltiu	x24,x3,-1111","s8,gp,-1111",
80002b50,slli,gp:bd800000,,009b9193,,"slli	x3,x23,0x9","gp,s7,0x9",
80002b54,sltiu,s7:00000001,,d864bb93,,"sltiu	x23,x9,-634","s7,s1,-634",
80002b5c,auipc,a3:5560bb5c,,d5609697,,"auipc	x13,0xd5609","a3,0xd5609",
80002b60,add,t2:00000002,,017e03b3,,"add	x7,x28,x23","t2,t3,s7",
80002b64,and,s10:00000000,,00d77d33,,"and	x26,x14,x13","s10,a4,a3",
80002b68,sra,t2:00000000,,417d53b3,,"sra	x7,x26,x23","t2,s10,s7",
80002b6c,srai,a2:00000018,,41aed613,,"srai	x12,x29,0x1a","a2,t4,0x1a",
80002b70,andi,t4:00000000,,1043fe93,,"andi	x29,x7,260","t4,t2,260",
80002b74,slli,s0:ff400000,,01341413,,"slli	x8,x8,0x13","s0,s0,0x13",
80002b7c,slli,t1:a3ef8000,,00f91313,,"slli	x6,x18,0xf","t1,s2,0xf",
80002b84,srl,t3:00000000,,001ede33,,"srl	x28,x29,x1","t3,t4,ra",
80002b8c,sltiu,s1:00000001,,fb1db493,,"sltiu	x9,x27,-79","s1,s11,-79",
80002b90,sltiu,s8:00000001,,ca933c13,,"sltiu	x24,x6,-855","s8,t1,-855",
80002b94,or,tp:ffffffff,,00b96233,,"or	x4,x18,x11","tp,s2,a1",
80002b98,srai,t6:00000000,,4144df93,,"srai	x31,x9,0x14","t6,s1,0x14",
80002b9c,xor,ra:ff400000,,00e440b3,,"xor	x1,x8,x14","ra,s0,a4",
80002ba0,xori,ra:fffffd8f,,d8fac093,,"xori	x1,x21,-625","ra,s5,-625",
80002ba4,sub,t1:00000000,,414a0333,,"sub	x6,x20,x20","t1,s4,s4",
80002bac,and,t4:00018c04,,014f7eb3,,"and	x29,x30,x20","t4,t5,s4",
80002bb0,auipc,s6:da139bb0,,5a137b17,,"auipc	x22,0x5a137","s6,0x5a137",
80002bb4,sra,t2:00000000,,401dd3b3,,"sra	x7,x27,x1","t2,s11,ra",
80002bb8,auipc,s7:151abbb8,,951a9b97,,"auipc	x23,0x951a9","s7,0x951a9",
80002bbc,sub,s0:ffffffff,,41520433,,"sub	x8,x4,x21","s0,tp,s5",
80002bc0,srai,a7:00000000,,406e5893,,"srai	x17,x28,0x6","a7,t3,0x6",
80002bc4,xori,a5:00000056,,057c4793,,"xori	x15,x24,87","a5,s8,87",
80002bc8,add,t4:bd7fffff,,00320eb3,,"add	x29,x4,x3","t4,tp,gp",
80002bcc,slti,s10:00000001,,74572d13,,"slti	x26,x14,1861","s10,a4,1861",
80002bd0,add,gp:06e22fff,,010e81b3,,"add	x3,x29,x16","gp,t4,a6",
80002bd4,add,t2:bd7fffff,,01d003b3,,"add	x7,x0,x29","t2,zero,t4",
80002bd8,sub,ra:7ffeb822,,408580b3,,"sub	x1,x11,x8","ra,a1,s0",
80002bdc,sra,s11:ffff0003,,413f5db3,,"sra	x27,x30,x19","s11,t5,s3",
80002be0,xor,a4:60810259,,00bcc733,,"xor	x14,x25,x11","a4,s9,a1",
80002be4,srai,s2:fffffe00,,41695913,,"srai	x18,x18,0x16","s2,s2,0x16",
80002bec,and,s8:00000000,,01637c33,,"and	x24,x6,x22","s8,t1,s6",
80002bf0,srli,t4:000000fb,,015cde93,,"srli	x29,x25,0x15","t4,s9,0x15",
80002bf4,srl,tp:000003ff,,00f45233,,"srl	x4,x8,x15","tp,s0,a5",
80002bf8,sll,s11:70000000,,00eb9db3,,"sll	x27,x23,x14","s11,s7,a4",
80002bfc,and,s1:49623000,,00b874b3,,"and	x9,x16,x11","s1,a6,a1",
80002c00,lui,t1:64ee5000,,64ee5337,,"lui	x6,0x64ee5","t1,0x64ee5",
80002c04,lui,ra:e27c4000,,e27c40b7,,"lui	x1,0xe27c4","ra,0xe27c4",
80002c08,xori,ra:8ffffce4,,ce4dc093,,"xori	x1,x27,-796","ra,s11,-796",
80002c0c,sub,s5:00000001,,41cd0ab3,,"sub	x21,x26,x28","s5,s10,t3",
80002c10,sll,s8:80000000,,00359c33,,"sll	x24,x11,x3","s8,a1,gp",
80002c14,andi,s8:00000000,,5098fc13,,"andi	x24,x17,1289","s8,a7,1289",
80002c1c,lui,s1:87bfd000,,87bfd4b7,,"lui	x9,0x87bfd","s1,0x87bfd",
80002c20,add,s11:00000017,,00c40db3,,"add	x27,x8,x12","s11,s0,a2",
80002c24,sltiu,a5:00000001,,9a45b793,,"sltiu	x15,x11,-1628","a5,a1,-1628",
80002c2c,sub,a4:7ffeb821,,41c58733,,"sub	x14,x11,x28","a4,a1,t3",
80002c30,addi,a2:90000480,,79c08613,,"addi	x12,x1,1948","a2,ra,1948",
80002c34,ori,ra:ffffff09,,50996093,,"ori	x1,x18,1289","ra,s2,1289",
80002c38,lui,t0:168f2000,,168f22b7,,"lui	x5,0x168f2","t0,0x168f2",
80002c3c,slt,tp:00000001,,0140a233,,"slt	x4,x1,x20","tp,ra,s4",
80002c40,sltu,s7:00000000,,0180bbb3,,"sltu	x23,x1,x24","s7,ra,s8",
80002c44,ori,s10:000004aa,,4aa8ed13,,"ori	x26,x17,1194","s10,a7,1194",
80002c48,ori,t0:168f2135,,1352e293,,"ori	x5,x5,309","t0,t0,309",
80002c4c,srli,tp:00000000,,00005213,,"srli	x4,x0,0x0","tp,zero,0x0",
80002c50,xori,s4:bd7ffd54,,2ab3ca13,,"xori	x20,x7,683","s4,t2,683",
80002c54,slli,tp:00080000,,01379213,,"slli	x4,x15,0x13","tp,a5,0x13",
80002c58,srl,tp:00000dc4,,0131d233,,"srl	x4,x3,x19","tp,gp,s3",
80002c60,lui,ra:80f04000,,80f040b7,,"lui	x1,0x80f04","ra,0x80f04",
80002c64,sll,s8:7ffeb821,,01f59c33,,"sll	x24,x11,x31","s8,a1,t6",
80002c68,sll,a4:bd7fffff,,00c39733,,"sll	x14,x7,x12","a4,t2,a2",
80002c6c,srai,a4:ff7affff,,40775713,,"srai	x14,x14,0x7","a4,a4,0x7",
80002c70,ori,t1:00000372,,372be313,,"ori	x6,x23,882","t1,s7,882",
80002c74,sub,gp:00000000,,41cb81b3,,"sub	x3,x23,x28","gp,s7,t3",
80002c78,or,s8:ffffffff,,008dec33,,"or	x24,x27,x8","s8,s11,s0",
80002c7c,srli,s8:0003fff5,,00d5dc13,,"srli	x24,x11,0xd","s8,a1,0xd",
80002c80,auipc,s10:7a5e8c80,,fa5e6d17,,"auipc	x26,0xfa5e6","s10,0xfa5e6",
80002c84,sltiu,t2:00000000,,6f3d3393,,"sltiu	x7,x26,1779","t2,s10,1779",
80002c88,sub,a1:ff110e64,,401505b3,,"sub	x11,x10,x1","a1,a0,ra",
80002c8c,auipc,sp:b381ec8c,,3381c117,,"auipc	x2,0x3381c","sp,0x3381c",
80002c90,sra,a4:00000000,,41d05733,,"sra	x14,x0,x29","a4,zero,t4",
80002c94,srai,s8:00000000,,414fdc13,,"srai	x24,x31,0x14","s8,t6,0x14",
80002c98,andi,sp:000000c8,,bc8ef113,,"andi	x2,x29,-1080","sp,t4,-1080",
80002c9c,slt,t2:00000001,,015f23b3,,"slt	x7,x30,x21","t2,t5,s5",
80002ca0,xor,sp:ffffffff,,00344133,,"xor	x2,x8,x3","sp,s0,gp",
80002ca4,srai,a1:0000003e,,417cd593,,"srai	x11,x25,0x17","a1,s9,0x17",
80002ca8,auipc,ra:7cfcdca8,,fcfcb097,,"auipc	x1,0xfcfcb","ra,0xfcfcb",
80002cac,sra,t0:0000000b,,40fdd2b3,,"sra	x5,x27,x15","t0,s11,a5",
80002cb0,sltiu,s9:00000001,,04773c93,,"sltiu	x25,x14,71","s9,a4,71",
80002cb4,sra,s0:00000000,,41305433,,"sra	x8,x0,x19","s0,zero,s3",
80002cb8,and,s5:00000000,,01557ab3,,"and	x21,x10,x21","s5,a0,s5",
80002cbc,sltu,t1:00000000,,01ea3333,,"sltu	x6,x20,x30","t1,s4,t5",
80002cc0,auipc,t3:c9bffcc0,,49bfde17,,"auipc	x28,0x49bfd","t3,0x49bfd",
80002cc4,xor,t1:c560bfdc,,00d64333,,"xor	x6,x12,x13","t1,a2,a3",
80002cc8,addi,s8:c9c000fa,,43ae0c13,,"addi	x24,x28,1082","s8,t3,1082",
80002ccc,slt,t4:00000001,,0154aeb3,,"slt	x29,x9,x21","t4,s1,s5",
80002cd0,slli,s1:fffffff0,,00411493,,"slli	x9,x2,0x4","s1,sp,0x4",
80002cd4,slt,s0:00000000,,0190a433,,"slt	x8,x1,x25","s0,ra,s9",
80002cd8,slt,s10:00000000,,016b2d33,,"slt	x26,x22,x22","s10,s6,s6",
80002cdc,sub,gp:49623000,,417801b3,,"sub	x3,x16,x23","gp,a6,s7",
80002ce0,slli,a7:2b05fee0,,00331893,,"slli	x17,x6,0x3","a7,t1,0x3",
80002ce4,add,a7:c560bfdc,,006f88b3,,"add	x17,x31,x6","a7,t6,t1",
80002ce8,sra,s0:00000000,,41475433,,"sra	x8,x14,x20","s0,a4,s4",
80002cec,sltiu,a5:00000001,,9c483793,,"sltiu	x15,x16,-1596","a5,a6,-1596",
80002cf0,slli,gp:00000000,,01fa9193,,"slli	x3,x21,0x1f","gp,s5,0x1f",
80002cf4,sra,s11:00000000,,414cddb3,,"sra	x27,x25,x20","s11,s9,s4",
80002cf8,srli,t0:0001f3f3,,00e0d293,,"srli	x5,x1,0xe","t0,ra,0xe",
80002cfc,lui,a2:719ea000,,719ea637,,"lui	x12,0x719ea","a2,0x719ea",
80002d04,slt,a1:00000000,,012ba5b3,,"slt	x11,x23,x18","a1,s7,s2",
80002d08,and,s11:0001f3f3,,00517db3,,"and	x27,x2,x5","s11,sp,t0",
80002d10,srli,s0:00000000,,017bd413,,"srli	x8,x23,0x17","s0,s7,0x17",
80002d18,srl,a1:00000000,,014d55b3,,"srl	x11,x26,x20","a1,s10,s4",
80002d1c,xor,s9:00000001,,003cccb3,,"xor	x25,x25,x3","s9,s9,gp",
80002d20,srai,s8:00038cf5,,40d65c13,,"srai	x24,x12,0xd","s8,a2,0xd",
80002d24,sra,s1:00000000,,411d54b3,,"sra	x9,x26,x17","s1,s10,a7",
80002d28,srl,s7:00000001,,010cdbb3,,"srl	x23,x25,x16","s7,s9,a6",
80002d2c,auipc,s0:ae853d2c,,2e851417,,"auipc	x8,0x2e851","s0,0x2e851",
80002d30,sltu,ra:00000000,,002130b3,,"sltu	x1,x2,x2","ra,sp,sp",
80002d34,xori,t1:fffffbda,,bdbec313,,"xori	x6,x29,-1061","t1,t4,-1061",
80002d3c,sub,a2:fffffff2,,413c8633,,"sub	x12,x25,x19","a2,s9,s3",
80002d40,sra,t6:00000000,,405edfb3,,"sra	x31,x29,x5","t6,t4,t0",
80002d44,sll,s10:00000001,,009e9d33,,"sll	x26,x29,x9","s10,t4,s1",
80002d48,srl,s0:00000000,,00cad433,,"srl	x8,x21,x12","s0,s5,a2",
80002d4c,addi,a7:fffffd19,,d1940893,,"addi	x17,x8,-743","a7,s0,-743",
80002d50,srai,a3:00000000,,419ad693,,"srai	x13,x21,0x19","a3,s5,0x19",
80002d54,sra,t1:00000000,,41175333,,"sra	x6,x14,x17","t1,a4,a7",
80002d58,andi,s5:00000444,,44457a93,,"andi	x21,x10,1092","s5,a0,1092",
80002d5c,sltu,t1:00000001,,0130b333,,"sltu	x6,x1,x19","t1,ra,s3",
80002d60,sll,s8:00000000,,01019c33,,"sll	x24,x3,x16","s8,gp,a6",
80002d64,sll,a3:ffffffff,,010116b3,,"sll	x13,x2,x16","a3,sp,a6",
80002d68,slli,s10:fcc00000,,010e1d13,,"slli	x26,x28,0x10","s10,t3,0x10",
80002d6c,slti,a1:00000000,,f7702593,,"slti	x11,x0,-137","a1,zero,-137",
80002d70,slt,a6:00000000,,01a82833,,"slt	x16,x16,x26","a6,a6,s10",
80002d74,addi,s4:fffffb5c,,b5cc0a13,,"addi	x20,x24,-1188","s4,s8,-1188",
80002d78,auipc,s6:901b8d78,,101b6b17,,"auipc	x22,0x101b6","s6,0x101b6",
80002d7c,and,s2:00000001,,019ef933,,"and	x18,x29,x25","s2,t4,s9",
80002d80,ori,gp:ffffface,,ace1e193,,"ori	x3,x3,-1330","gp,gp,-1330",
80002d84,xori,t1:80014aa8,,4cc54313,,"xori	x6,x10,1228","t1,a0,1228",
80002d88,and,tp:00000000,,018df233,,"and	x4,x27,x24","tp,s11,s8",
80002d8c,sub,s8:7cbeb19c,,40ad0c33,,"sub	x24,x26,x10","s8,s10,a0",
80002d90,sra,t3:7cbeb19c,,41ac5e33,,"sra	x28,x24,x26","t3,s8,s10",
80002d94,auipc,a6:a64a1d94,,2649f817,,"auipc	x16,0x2649f","a6,0x2649f",
80002d98,sll,s7:80014aa8,,00131bb3,,"sll	x23,x6,x1","s7,t1,ra",
80002d9c,sltiu,s7:00000001,,2613bb93,,"sltiu	x23,x7,609","s7,t2,609",
80002da0,or,s8:ffffffff,,002b6c33,,"or	x24,x22,x2","s8,s6,sp",
80002da4,sub,a2:80014e65,,40d50633,,"sub	x12,x10,x13","a2,a0,a3",
80002da8,xori,s7:00000515,,aeac4b93,,"xori	x23,x24,-1302","s7,s8,-1302",
80002dac,sltu,a2:00000000,,00bab633,,"sltu	x12,x21,x11","a2,s5,a1",
80002db0,slt,ra:00000000,,0161a0b3,,"slt	x1,x3,x22","ra,gp,s6",
80002db4,sra,s4:00000000,,4104da33,,"sra	x20,x9,x16","s4,s1,a6",
80002db8,xor,a2:fcc00000,,00ed4633,,"xor	x12,x26,x14","a2,s10,a4",
80002dbc,slt,t4:00000001,,01232eb3,,"slt	x29,x6,x18","t4,t1,s2",
80002dc4,xor,s9:00000001,,00eeccb3,,"xor	x25,x29,x14","s9,t4,a4",
80002dc8,and,a6:00000000,,009bf833,,"and	x16,x23,x9","a6,s7,s1",
80002dd0,slti,t1:00000001,,53fd2313,,"slti	x6,x26,1343","t1,s10,1343",
80002dd4,lui,tp:b7264000,,b7264237,,"lui	x4,0xb7264","tp,0xb7264",
80002dd8,or,a5:ffffface,,003fe7b3,,"or	x15,x31,x3","a5,t6,gp",
80002ddc,auipc,s4:a44f7ddc,,244f5a17,,"auipc	x20,0x244f5","s4,0x244f5",
80002de0,addi,gp:00000786,,787c0193,,"addi	x3,x24,1927","gp,s8,1927",
80002de4,sra,s7:00000000,,40145bb3,,"sra	x23,x8,x1","s7,s0,ra",
80002de8,auipc,s9:001e6de8,,801e4c97,,"auipc	x25,0x801e4","s9,0x801e4",
80002dec,slti,gp:00000001,,5a942193,,"slti	x3,x8,1449","gp,s0,1449",
80002df0,slti,s1:00000000,,c049a493,,"slti	x9,x19,-1020","s1,s3,-1020",
80002df4,slli,t0:00000000,,01401293,,"slli	x5,x0,0x14","t0,zero,0x14",
80002df8,sub,t4:6fe47288,,41628eb3,,"sub	x29,x5,x22","t4,t0,s6",
80002dfc,or,s9:ffffffff,,00206cb3,,"or	x25,x0,x2","s9,zero,sp",
80002e00,xori,s9:000001fb,,1fb0cc93,,"xori	x25,x1,507","s9,ra,507",
80002e04,srl,s6:00000001,,00df5b33,,"srl	x22,x30,x13","s6,t5,a3",
80002e08,srli,s10:00000001,,0003dd13,,"srli	x26,x7,0x0","s10,t2,0x0",
80002e0c,xori,s7:033fffb2,,fb264b93,,"xori	x23,x12,-78","s7,a2,-78",
80002e10,srl,a1:37f23944,,003ed5b3,,"srl	x11,x29,x3","a1,t4,gp",
80002e14,sll,s4:00000000,,00681a33,,"sll	x20,x16,x6","s4,a6,t1",
80002e1c,sltiu,s1:00000001,,b5b4b493,,"sltiu	x9,x9,-1189","s1,s1,-1189",
80002e24,or,sp:6fe5f3fb,,01bee133,,"or	x2,x29,x27","sp,t4,s11",
80002e28,slti,gp:00000001,,5107a193,,"slti	x3,x15,1296","gp,a5,1296",
80002e2c,xori,a2:48d9bdf3,,df324613,,"xori	x12,x4,-525","a2,tp,-525",
80002e30,sub,a2:00000001,,40148633,,"sub	x12,x9,x1","a2,s1,ra",
80002e34,slti,s1:00000001,,2cf52493,,"slti	x9,x10,719","s1,a0,719",
80002e38,srai,t2:00000000,,41895393,,"srai	x7,x18,0x18","t2,s2,0x18",
80002e3c,or,a4:00000445,,003ae733,,"or	x14,x21,x3","a4,s5,gp",
80002e40,sltiu,s7:00000001,,e44e3b93,,"sltiu	x23,x28,-444","s7,t3,-444",
80002e44,slti,t2:00000000,,8f44a393,,"slti	x7,x9,-1804","t2,s1,-1804",
80002e48,slli,s6:00100000,,014b9b13,,"slli	x22,x23,0x14","s6,s7,0x14",
80002e50,srli,a7:00000000,,00205893,,"srli	x17,x0,0x2","a7,zero,0x2",
80002e54,xor,s2:6fe47288,,01d84933,,"xor	x18,x16,x29","s2,a6,t4",
80002e58,sra,a4:37f23944,,417ed733,,"sra	x14,x29,x23","a4,t4,s7",
80002e5c,sltu,a3:00000000,,0101b6b3,,"sltu	x13,x3,x16","a3,gp,a6",
80002e60,ori,a6:00000701,,7018e813,,"ori	x16,x17,1793","a6,a7,1793",
80002e64,slt,s10:00000000,,009dad33,,"slt	x26,x27,x9","s10,s11,s1",
80002e68,sltiu,gp:00000001,,77833193,,"sltiu	x3,x6,1912","gp,t1,1912",
80002e6c,addi,a7:fffffa17,,a1738893,,"addi	x17,x7,-1513","a7,t2,-1513",
80002e70,xori,sp:901b8ab4,,83c94113,,"xori	x2,x18,-1988","sp,s2,-1988",
80002e74,xori,s9:6fe4725b,,0d3ecc93,,"xori	x25,x29,211","s9,t4,211",
80002e78,addi,s1:000000bf,,0c0c0493,,"addi	x9,x24,192","s1,s8,192",
80002e7c,addi,a2:000007f3,,7f2b8613,,"addi	x12,x23,2034","a2,s7,2034",
80002e80,slti,gp:00000000,,e3542193,,"slti	x3,x8,-459","gp,s0,-459",
80002e84,ori,tp:000007d5,,395ae213,,"ori	x4,x21,917","tp,s5,917",
80002e8c,srl,tp:00000000,,009fd233,,"srl	x4,x31,x9","tp,t6,s1",
80002e90,lui,tp:48132000,,48132237,,"lui	x4,0x48132","tp,0x48132",
80002e94,add,sp:00000000,,00808133,,"add	x2,x1,x8","sp,ra,s0",
80002e98,srli,tp:00000000,,008bd213,,"srli	x4,x23,0x8","tp,s7,0x8",
80002ea0,addi,a1:000006e2,,6e2d0593,,"addi	x11,x26,1762","a1,s10,1762",
80002ea4,auipc,t1:2c8a6ea4,,ac8a4317,,"auipc	x6,0xac8a4","t1,0xac8a4",
80002ea8,slti,s8:00000000,,a047ac13,,"slti	x24,x15,-1532","s8,a5,-1532",
80002eac,and,sp:00000000,,01917133,,"and	x2,x2,x25","sp,sp,s9",
80002eb0,srli,t4:0000000e,,00785e93,,"srli	x29,x16,0x7","t4,a6,0x7",
80002eb4,or,s1:0000000f,,0029e4b3,,"or	x9,x19,x2","s1,s3,sp",
80002eb8,slti,a3:00000000,,29cda693,,"slti	x13,x27,668","a3,s11,668",
80002ebc,sltiu,s7:00000001,,1c213b93,,"sltiu	x23,x2,450","s7,sp,450",
80002ec0,and,s9:00000002,,0095fcb3,,"and	x25,x11,x9","s9,a1,s1",
80002ec4,xori,s0:000003ba,,3ba04413,,"xori	x8,x0,954","s0,zero,954",
80002ec8,ori,ra:37f23b7f,,27b76093,,"ori	x1,x14,635","ra,a4,635",
80002ecc,or,t4:0000000f,,0179eeb3,,"or	x29,x19,x23","t4,s3,s7",
80002ed0,srl,s7:00000000,,01badbb3,,"srl	x23,x21,x27","s7,s5,s11",
80002ed4,srl,t3:00000000,,012bde33,,"srl	x28,x23,x18","t3,s7,s2",
80002ed8,andi,s8:0000010e,,18e0fc13,,"andi	x24,x1,398","s8,ra,398",
80002edc,addi,s2:8001561b,,7b750913,,"addi	x18,x10,1975","s2,a0,1975",
80002ee0,add,a6:00000000,,014e0833,,"add	x16,x28,x20","a6,t3,s4",
80002ee4,xori,a6:fffffc02,,c0224813,,"xori	x16,x4,-1022","a6,tp,-1022",
80002ee8,add,s10:2c8a6ea4,,00330d33,,"add	x26,x6,x3","s10,t1,gp",
80002eec,slt,s2:00000000,,0124a933,,"slt	x18,x9,x18","s2,s1,s2",
80002ef0,ori,t2:0000050f,,401c6393,,"ori	x7,x24,1025","t2,s8,1025",
80002ef4,add,t4:80014e64,,00a20eb3,,"add	x29,x4,x10","t4,tp,a0",
80002ef8,xor,ra:7ffeb473,,011540b3,,"xor	x1,x10,x17","ra,a0,a7",
80002efc,add,s6:00000446,,019a8b33,,"add	x22,x21,x25","s6,s5,s9",
80002f00,addi,t1:8001891e,,c3af0313,,"addi	x6,x30,-966","t1,t5,-966",
80002f04,srai,t3:00000000,,40105e13,,"srai	x28,x0,0x1","t3,zero,0x1",
80002f08,slti,s11:00000001,,a78f2d93,,"slti	x27,x30,-1416","s11,t5,-1416",
80002f0c,lui,s2:3b0eb000,,3b0eb937,,"lui	x18,0x3b0eb","s2,0x3b0eb",
80002f10,slli,a7:00000000,,01821893,,"slli	x17,x4,0x18","a7,tp,0x18",
80002f18,ori,s10:000003fa,,05a46d13,,"ori	x26,x8,90","s10,s0,90",
80002f1c,srl,a1:00000000,,0094d5b3,,"srl	x11,x9,x9","a1,s1,s1",
80002f20,slli,s7:40000000,,01cf1b93,,"slli	x23,x30,0x1c","s7,t5,0x1c",
80002f24,xor,gp:00000000,,000a41b3,,"xor	x3,x20,x0","gp,s4,zero",
80002f28,auipc,sp:9e4cbf28,,1e4c9117,,"auipc	x2,0x1e4c9","sp,0x1e4c9",
80002f2c,srl,s5:00000000,,019fdab3,,"srl	x21,x31,x25","s5,t6,s9",
80002f30,srai,t3:00000287,,4013de13,,"srai	x28,x7,0x1","t3,t2,0x1",
80002f34,lui,a6:c2285000,,c2285837,,"lui	x16,0xc2285","a6,0xc2285",
80002f38,sra,a7:40000000,,403bd8b3,,"sra	x17,x23,x3","a7,s7,gp",
80002f3c,auipc,sp:ca3f1f3c,,4a3ef117,,"auipc	x2,0x4a3ef","sp,0x4a3ef",
80002f40,xori,gp:00000537,,537fc193,,"xori	x3,x31,1335","gp,t6,1335",
80002f44,sra,s9:00000000,,40a5dcb3,,"sra	x25,x11,x10","s9,a1,a0",
80002f48,sub,s10:fffffd79,,41c00d33,,"sub	x26,x0,x28","s10,zero,t3",
80002f4c,sub,s8:800187ad,,403f0c33,,"sub	x24,x30,x3","s8,t5,gp",
80002f54,and,t6:00000000,,00abffb3,,"and	x31,x23,x10","t6,s7,a0",
80002f58,srai,tp:00000000,,4092d213,,"srai	x4,x5,0x9","tp,t0,0x9",
80002f5c,srl,s1:00000000,,00f5d4b3,,"srl	x9,x11,x15","s1,a1,a5",
80002f60,add,t0:80018cbc,,007c02b3,,"add	x5,x24,x7","t0,s8,t2",
80002f64,slti,t3:00000001,,678cae13,,"slti	x28,x25,1656","t3,s9,1656",
80002f68,ori,t0:fffffc1e,,c1e4e293,,"ori	x5,x9,-994","t0,s1,-994",
80002f6c,srai,s1:00000000,,418b5493,,"srai	x9,x22,0x18","s1,s6,0x18",
80002f70,slli,a4:00780000,,01399713,,"slli	x14,x19,0x13","a4,s3,0x13",
80002f78,slti,a2:00000001,,5ad52613,,"slti	x12,x10,1453","a2,a0,1453",
80002f7c,sll,s5:00008000,,013e1ab3,,"sll	x21,x28,x19","s5,t3,s3",
80002f80,ori,s1:fffffef4,,ef4ae493,,"ori	x9,x21,-268","s1,s5,-268",
80002f84,slti,a7:00000001,,54862893,,"slti	x17,x12,1352","a7,a2,1352",
80002f8c,addi,s10:00000402,,689d0d13,,"addi	x26,x26,1673","s10,s10,1673",
80002f90,slli,a2:02010000,,00fd1613,,"slli	x12,x26,0xf","a2,s10,0xf",
80002f94,and,t6:00000000,,00307fb3,,"and	x31,x0,x3","t6,zero,gp",
80002f98,auipc,a6:c8cb0f98,,48cae817,,"auipc	x16,0x48cae","a6,0x48cae",
80002f9c,srl,s7:0000000f,,0179dbb3,,"srl	x23,x19,x23","s7,s3,s7",
80002fa0,sltu,t0:00000000,,00f4b2b3,,"sltu	x5,x9,x15","t0,s1,a5",
80002fa4,lui,t2:0e201000,,0e2013b7,,"lui	x7,0xe201","t2,0xe201",
80002fa8,xori,s0:3734f7f5,,86d84413,,"xori	x8,x16,-1939","s0,a6,-1939",
80002fac,slti,s2:00000000,,d030a913,,"slti	x18,x1,-765","s2,ra,-765",
80002fb0,lui,a6:d39a0000,,d39a0837,,"lui	x16,0xd39a0","a6,0xd39a0",
80002fb4,and,a5:02000000,,00c477b3,,"and	x15,x8,x12","a5,s0,a2",
80002fb8,slli,s11:00000000,,01659d93,,"slli	x27,x11,0x16","s11,a1,0x16",
80002fbc,add,s11:3734f7f5,,008a0db3,,"add	x27,x20,x8","s11,s4,s0",
80002fc0,ori,a6:0000019e,,19ea6813,,"ori	x16,x20,414","a6,s4,414",
80002fc8,srli,s0:00000001,,00ab5413,,"srli	x8,x22,0xa","s0,s6,0xa",
80002fcc,auipc,t6:8a482fcc,,0a480f97,,"auipc	x31,0xa480","t6,0xa480",
80002fd4,or,s5:00000000,,005ceab3,,"or	x21,x25,x5","s5,s9,t0",
80002fdc,lui,a6:b6b8c000,,b6b8c837,,"lui	x16,0xb6b8c","a6,0xb6b8c",
80002fe0,srli,s10:00000000,,004bdd13,,"srli	x26,x23,0x4","s10,s7,0x4",
80002fe4,lui,s9:7d37f000,,7d37fcb7,,"lui	x25,0x7d37f","s9,0x7d37f",
80002fe8,xori,t6:fffffeef,,eee44f93,,"xori	x31,x8,-274","t6,s0,-274",
80002fec,srai,s4:00000000,,41b7da13,,"srai	x20,x15,0x1b","s4,a5,0x1b",
80002ff0,xor,t0:cb8f3000,,010cc2b3,,"xor	x5,x25,x16","t0,s9,a6",
80002ff4,and,ra:00000000,,001d70b3,,"and	x1,x26,x1","ra,s10,ra",
80002ff8,srli,a7:00000000,,012a5893,,"srli	x17,x20,0x12","a7,s4,0x12",
80002ffc,srli,s1:003e9bf8,,009cd493,,"srli	x9,x25,0x9","s1,s9,0x9",
80003000,or,s0:80018ce4,,011f6433,,"or	x8,x30,x17","s0,t5,a7",
80003004,and,t4:00000424,,00357eb3,,"and	x29,x10,x3","t4,a0,gp",
80003008,add,ra:8001892d,,006b80b3,,"add	x1,x23,x6","ra,s7,t1",
8000300c,sra,s8:8001891e,,40735c33,,"sra	x24,x6,x7","s8,t1,t2",
80003010,andi,a5:02000000,,eb57f793,,"andi	x15,x15,-331","a5,a5,-331",
80003014,addi,a2:003e9b5a,,f6248613,,"addi	x12,x9,-158","a2,s1,-158",
80003018,sra,s11:00000000,,40805db3,,"sra	x27,x0,x8","s11,zero,s0",
8000301c,slt,s11:00000001,,00cc2db3,,"slt	x27,x24,x12","s11,s8,a2",
80003020,and,a1:00000000,,01c2f5b3,,"and	x11,x5,x28","a1,t0,t3",
80003024,or,sp:8001891e,,01806133,,"or	x2,x0,x24","sp,zero,s8",
80003028,sub,t1:7ffeb1ab,,40a98333,,"sub	x6,x19,x10","t1,s3,a0",
8000302c,slli,sp:0319c800,,009f1113,,"slli	x2,x30,0x9","sp,t5,0x9",
80003030,sra,t1:00000000,,41e95333,,"sra	x6,x18,x30","t1,s2,t5",
80003034,sll,a1:b6b8c000,,019815b3,,"sll	x11,x16,x25","a1,a6,s9",
80003038,sra,sp:00000000,,41a95133,,"sra	x2,x18,x26","sp,s2,s10",
80003040,sll,s9:f8000000,,00949cb3,,"sll	x25,x9,x9","s9,s1,s1",
80003044,lui,tp:10dfd000,,10dfd237,,"lui	x4,0x10dfd","tp,0x10dfd",
80003048,xor,s5:0000000e,,01b9cab3,,"xor	x21,x19,x27","s5,s3,s11",
8000304c,srai,t4:00000000,,4166de93,,"srai	x29,x13,0x16","t4,a3,0x16",
80003050,srl,a2:fffffeef,,011fd633,,"srl	x12,x31,x17","a2,t6,a7",
80003054,slt,s0:00000000,,01f4a433,,"slt	x8,x9,x31","s0,s1,t6",
8000305c,sll,t0:00000446,,00fb12b3,,"sll	x5,x22,x15","t0,s6,a5",
80003060,add,t2:00000000,,01a103b3,,"add	x7,x2,x26","t2,sp,s10",
80003064,addi,t2:fffffa56,,a5668393,,"addi	x7,x13,-1450","t2,a3,-1450",
80003068,srli,s8:00000000,,0194dc13,,"srli	x24,x9,0x19","s8,s1,0x19",
8000306c,sra,a5:ffff6d71,,41f5d7b3,,"sra	x15,x11,x31","a5,a1,t6",
80003070,sltu,t1:00000001,,00e1b333,,"sltu	x6,x3,x14","t1,gp,a4",
80003074,srai,gp:00000000,,41c6d193,,"srai	x3,x13,0x1c","gp,a3,0x1c",
80003078,andi,s5:b6b8c000,,e7587a93,,"andi	x21,x16,-395","s5,a6,-395",
8000307c,or,t4:00780000,,00e96eb3,,"or	x29,x18,x14","t4,s2,a4",
80003080,and,t0:00000000,,00ca72b3,,"and	x5,x20,x12","t0,s4,a2",
80003084,slti,s10:00000001,,43b12d13,,"slti	x26,x2,1083","s10,sp,1083",
80003088,sub,a6:7ffe731d,,41ed0833,,"sub	x16,x26,x30","a6,s10,t5",
8000308c,xori,a6:ffc16561,,e994c813,,"xori	x16,x9,-359","a6,s1,-359",
80003090,and,a2:00000000,,017a7633,,"and	x12,x20,x23","a2,s4,s7",
80003098,add,s7:0000000f,,005b8bb3,,"add	x23,x23,x5","s7,s7,t0",
8000309c,srl,t0:00000000,,014152b3,,"srl	x5,x2,x20","t0,sp,s4",
800030a4,srli,t0:00000001,,01f7d293,,"srli	x5,x15,0x1f","t0,a5,0x1f",
800030a8,xor,s5:fffffaa9,,016fcab3,,"xor	x21,x31,x22","s5,t6,s6",
800030ac,srli,s2:0001ffff,,00ffd913,,"srli	x18,x31,0xf","s2,t6,0xf",
800030b0,srli,s7:00000000,,01e9db93,,"srli	x23,x19,0x1e","s7,s3,0x1e",
800030b4,sll,t4:00000002,,005e1eb3,,"sll	x29,x28,x5","t4,t3,t0",
800030b8,slli,ra:bbc00000,,016f9093,,"slli	x1,x31,0x16","ra,t6,0x16",
800030bc,andi,ra:00000000,,4e21f093,,"andi	x1,x3,1250","ra,gp,1250",
800030c0,addi,s6:0000028d,,27e98b13,,"addi	x22,x19,638","s6,s3,638",
800030c4,auipc,t3:e7d410c4,,67d3ee17,,"auipc	x28,0x67d3e","t3,0x67d3e",
800030cc,xori,s4:ffffffd2,,fd26ca13,,"xori	x20,x13,-46","s4,a3,-46",
800030d0,sltiu,s9:00000001,,d350bc93,,"sltiu	x25,x1,-715","s9,ra,-715",
800030d4,slti,a1:00000001,,08442593,,"slti	x11,x8,132","a1,s0,132",
800030d8,and,a3:00000000,,01f176b3,,"and	x13,x2,x31","a3,sp,t6",
800030dc,xor,s7:80018ce5,,01bf4bb3,,"xor	x23,x30,x27","s7,t5,s11",
800030e0,ori,s2:fffffea2,,ea226913,,"ori	x18,x4,-350","s2,tp,-350",
800030e4,and,ra:00000000,,012070b3,,"and	x1,x0,x18","ra,zero,s2",
800030e8,or,s11:fffffea2,,01246db3,,"or	x27,x8,x18","s11,s0,s2",
800030ec,or,a3:00000001,,011ce6b3,,"or	x13,x25,x17","a3,s9,a7",
800030f0,lui,tp:9349f000,,9349f237,,"lui	x4,0x9349f","tp,0x9349f",
800030f8,srli,t6:007fffff,,009a5f93,,"srli	x31,x20,0x9","t6,s4,0x9",
800030fc,srli,s4:00000040,,01955a13,,"srli	x20,x10,0x19","s4,a0,0x19",
80003100,slti,s9:00000001,,4fe32c93,,"slti	x25,x6,1278","s9,t1,1278",
80003104,srli,t0:00000002,,01ef5293,,"srli	x5,x30,0x1e","t0,t5,0x1e",
80003108,xor,a6:e7d410c6,,005e4833,,"xor	x16,x28,x5","a6,t3,t0",
8000310c,slli,s10:00000000,,01061d13,,"slli	x26,x12,0x10","s10,a2,0x10",
80003110,sltu,a6:00000000,,00ddb833,,"sltu	x16,x27,x13","a6,s11,a3",
80003114,or,s6:fffffea2,,00496b33,,"or	x22,x18,x4","s6,s2,tp",
80003118,srl,s4:00000000,,005d5a33,,"srl	x20,x26,x5","s4,s10,t0",
80003120,xori,s9:ffffffc9,,fc9a4c93,,"xori	x25,x20,-55","s9,s4,-55",
80003124,slli,t0:00000040,,00529293,,"slli	x5,x5,0x5","t0,t0,0x5",
80003128,auipc,a7:4fa5a128,,cfa57897,,"auipc	x17,0xcfa57","a7,0xcfa57",
8000312c,sltiu,s7:00000000,,d2293b93,,"sltiu	x23,x18,-734","s7,s2,-734",
80003130,sltu,t2:00000000,,001933b3,,"sltu	x7,x18,x1","t2,s2,ra",
80003134,slt,t3:00000000,,0132ae33,,"slt	x28,x5,x19","t3,t0,s3",
80003138,sll,t1:00000000,,01d19333,,"sll	x6,x3,x29","t1,gp,t4",
8000313c,slli,s0:f4dfc000,,00b49413,,"slli	x8,x9,0xb","s0,s1,0xb",
80003140,sra,s11:f4dfc000,,40445db3,,"sra	x27,x8,x4","s11,s0,tp",
80003144,xor,gp:00000040,,0062c1b3,,"xor	x3,x5,x6","gp,t0,t1",
80003148,sll,a3:80014e64,,00e516b3,,"sll	x13,x10,x14","a3,a0,a4",
80003150,sll,a4:00000008,,012e9733,,"sll	x14,x29,x18","a4,t4,s2",
80003154,ori,s7:ffffff6c,,b6c6eb93,,"ori	x23,x13,-1172","s7,a3,-1172",
80003158,srli,tp:00000200,,0166d213,,"srli	x4,x13,0x16","tp,a3,0x16",
80003160,sll,a5:fff55200,,015a97b3,,"sll	x15,x21,x21","a5,s5,s5",
80003164,xor,a1:000aadc9,,0197c5b3,,"xor	x11,x15,x25","a1,a5,s9",
80003168,ori,s0:fffff938,,93866413,,"ori	x8,x12,-1736","s0,a2,-1736",
8000316c,slli,s5:00000000,,000e1a93,,"slli	x21,x28,0x0","s5,t3,0x0",
80003170,sra,t6:00000008,,41875fb3,,"sra	x31,x14,x24","t6,a4,s8",
80003174,slli,s11:f4dfc000,,000d9d93,,"slli	x27,x27,0x0","s11,s11,0x0",
80003178,xori,sp:7ffeb278,,c1c54113,,"xori	x2,x10,-996","sp,a0,-996",
8000317c,or,t0:fffffea2,,0163e2b3,,"or	x5,x7,x22","t0,t2,s6",
80003180,sra,t4:00000000,,415adeb3,,"sra	x29,x21,x21","t4,s5,s5",
80003184,srai,s4:00000000,,40ae5a13,,"srai	x20,x28,0xa","s4,t3,0xa",
80003188,slli,s6:ffffed80,,005b9b13,,"slli	x22,x23,0x5","s6,s7,0x5",
80003190,sub,s2:00000000,,41ac0933,,"sub	x18,x24,x26","s2,s8,s10",
80003194,and,a1:00000000,,0182f5b3,,"and	x11,x5,x24","a1,t0,s8",
80003198,sltu,t3:00000001,,00f0be33,,"sltu	x28,x1,x15","t3,ra,a5",
8000319c,xor,a1:00000001,,01cd45b3,,"xor	x11,x26,x28","a1,s10,t3",
800031a0,addi,s10:ffffe704,,984b0d13,,"addi	x26,x22,-1660","s10,s6,-1660",
800031a4,or,s7:ffffe704,,018d6bb3,,"or	x23,x26,x24","s7,s10,s8",
800031a8,srai,ra:00000000,,40fa5093,,"srai	x1,x20,0xf","ra,s4,0xf",
800031ac,sltu,s2:00000000,,000e3933,,"sltu	x18,x28,x0","s2,t3,zero",
800031b0,srl,a3:0000000f,,0159d6b3,,"srl	x13,x19,x21","a3,s3,s5",
800031b4,ori,s9:ffffffaf,,9ad2ec93,,"ori	x25,x5,-1619","s9,t0,-1619",
800031b8,slli,s6:d8000000,,014b1b13,,"slli	x22,x22,0x14","s6,s6,0x14",
800031bc,srl,s5:00000000,,01435ab3,,"srl	x21,x6,x20","s5,t1,s4",
800031c0,slt,t1:00000000,,01b6a333,,"slt	x6,x13,x27","t1,a3,s11",
800031c8,xori,t3:fffff963,,9633ce13,,"xori	x28,x7,-1693","t3,t2,-1693",
800031cc,srli,gp:0000007a,,019dd193,,"srli	x3,x27,0x19","gp,s11,0x19",
800031d0,xori,t0:ffffe4b3,,3b7d4293,,"xori	x5,x26,951","t0,s10,951",
800031d4,slli,s0:fff2c600,,009e1413,,"slli	x8,x28,0x9","s0,t3,0x9",
800031d8,sll,a1:ffffe704,,00cd15b3,,"sll	x11,x26,x12","a1,s10,a2",
800031dc,slli,a2:fe704000,,00c59613,,"slli	x12,x11,0xc","a2,a1,0xc",
800031e0,addi,s11:fffffb65,,b6500d93,,"addi	x27,x0,-1179","s11,zero,-1179",
800031e4,andi,s6:00000000,,af40fb13,,"andi	x22,x1,-1292","s6,ra,-1292",
800031e8,srai,s9:00007d37,,4074dc93,,"srai	x25,x9,0x7","s9,s1,0x7",
800031ec,sltu,s11:00000000,,00d5bdb3,,"sltu	x27,x11,x13","s11,a1,a3",
800031f0,slli,gp:60000000,,01d29193,,"slli	x3,x5,0x1d","gp,t0,0x1d",
800031f4,add,a7:ffffce08,,017b88b3,,"add	x17,x23,x23","a7,s7,s7",
800031f8,sll,sp:f8000000,,00949133,,"sll	x2,x9,x9","sp,s1,s1",
800031fc,srl,s7:fff2c600,,01d45bb3,,"srl	x23,x8,x29","s7,s0,t4",
80003200,sll,gp:0014e640,,00b511b3,,"sll	x3,x10,x11","gp,a0,a1",
80003204,srli,a7:00000000,,00485893,,"srli	x17,x16,0x4","a7,a6,0x4",
80003208,srli,s9:00000000,,01d0dc93,,"srli	x25,x1,0x1d","s9,ra,0x1d",
8000320c,slti,tp:00000001,,24152213,,"slti	x4,x10,577","tp,a0,577",
80003210,add,t3:00000000,,01480e33,,"add	x28,x16,x20","t3,a6,s4",
80003214,sll,t2:00000000,,003313b3,,"sll	x7,x6,x3","t2,t1,gp",
80003218,srai,s0:ffffffff,,41e45413,,"srai	x8,x8,0x1e","s0,s0,0x1e",
8000321c,ori,s10:00000019,,01976d13,,"ori	x26,x14,25","s10,a4,25",
80003220,xor,a2:80018cec,,01ff4633,,"xor	x12,x30,x31","a2,t5,t6",
80003224,lui,t3:64244000,,64244e37,,"lui	x28,0x64244","t3,0x64244",
80003228,slli,gp:cec00000,,01461193,,"slli	x3,x12,0x14","gp,a2,0x14",
8000322c,sltu,t4:00000000,,00e9beb3,,"sltu	x29,x19,x14","t4,s3,a4",
80003234,slti,t4:00000001,,27a32e93,,"slti	x29,x6,634","t4,t1,634",
80003238,sub,a4:00003e80,,40af0733,,"sub	x14,x30,x10","a4,t5,a0",
8000323c,sub,s11:7ffe7313,,40c40db3,,"sub	x27,x8,x12","s11,s0,a2",
80003240,slli,gp:00000000,,01919193,,"slli	x3,x3,0x19","gp,gp,0x19",
80003244,slt,s1:00000001,,00e7a4b3,,"slt	x9,x15,x14","s1,a5,a4",
80003248,sub,s2:00000000,,40d98933,,"sub	x18,x19,x13","s2,s3,a3",
8000324c,xor,a7:800197a0,,005dc8b3,,"xor	x17,x27,x5","a7,s11,t0",
80003250,andi,s9:00000000,,5241fc93,,"andi	x25,x3,1316","s9,gp,1316",
80003254,srai,a6:ffffe704,,4005d813,,"srai	x16,x11,0x0","a6,a1,0x0",
80003258,slt,s2:00000001,,00912933,,"slt	x18,x2,x9","s2,sp,s1",
8000325c,lui,t6:3ea8f000,,3ea8ffb7,,"lui	x31,0x3ea8f","t6,0x3ea8f",
80003260,xor,s10:3ea8f000,,016fcd33,,"xor	x26,x31,x22","s10,t6,s6",
80003264,andi,tp:00000200,,7137f213,,"andi	x4,x15,1811","tp,a5,1811",
80003268,slt,s7:00000001,,01212bb3,,"slt	x23,x2,x18","s7,sp,s2",
8000326c,sra,s1:00000000,,412354b3,,"sra	x9,x6,x18","s1,t1,s2",
80003270,or,t0:00000200,,004362b3,,"or	x5,x6,x4","t0,t1,tp",
80003274,sll,gp:f8000000,,005111b3,,"sll	x3,x2,x5","gp,sp,t0",
80003278,srl,s10:800197a0,,0068dd33,,"srl	x26,x17,x6","s10,a7,t1",
8000327c,slti,s0:00000000,,a7a72413,,"slti	x8,x14,-1414","s0,a4,-1414",
80003280,add,t6:00032f40,,01188fb3,,"add	x31,x17,x17","t6,a7,a7",
80003284,or,a5:80014e64,,00ac67b3,,"or	x15,x24,x10","a5,s8,a0",
80003288,srli,a7:00000000,,0190d893,,"srli	x17,x1,0x19","a7,ra,0x19",
8000328c,sll,gp:00000000,,00c191b3,,"sll	x3,x3,x12","gp,gp,a2",
80003290,sll,s5:00000000,,00b89ab3,,"sll	x21,x17,x11","s5,a7,a1",
80003294,sll,s6:800197a0,,001d1b33,,"sll	x22,x26,x1","s6,s10,ra",
80003298,addi,a5:000000da,,0da08793,,"addi	x15,x1,218","a5,ra,218",
8000329c,srli,s6:000000ff,,017ddb13,,"srli	x22,x27,0x17","s6,s11,0x17",
800032a0,auipc,t0:2220e2a0,,a220b297,,"auipc	x5,0xa220b","t0,0xa220b",
800032a4,sltu,s1:00000000,,01fdb4b3,,"sltu	x9,x27,x31","s1,s11,t6",
800032a8,slti,t4:00000000,,8bbdae93,,"slti	x29,x27,-1861","t4,s11,-1861",
800032ac,sltu,tp:00000000,,0116b233,,"sltu	x4,x13,x17","tp,a3,a7",
800032b0,sll,t4:80018cec,,00361eb3,,"sll	x29,x12,x3","t4,a2,gp",
800032b4,sltu,a4:00000000,,0038b733,,"sltu	x14,x17,x3","a4,a7,gp",
800032b8,addi,s10:fffffbf4,,bf400d13,,"addi	x26,x0,-1036","s10,zero,-1036",
800032bc,xor,s6:0000c288,,00a64b33,,"xor	x22,x12,x10","s6,a2,a0",
800032c0,auipc,s8:cada52c0,,4ada2c17,,"auipc	x24,0x4ada2","s8,0x4ada2",
800032c4,srl,s1:00032f40,,003fd4b3,,"srl	x9,x31,x3","s1,t6,gp",
800032c8,xori,s6:fffffe3c,,e3c44b13,,"xori	x22,x8,-452","s6,s0,-452",
800032cc,srai,s5:00000000,,41c45a93,,"srai	x21,x8,0x1c","s5,s0,0x1c",
800032d4,addi,a5:ffffff13,,f1330793,,"addi	x15,x6,-237","a5,t1,-237",
800032d8,slti,a5:00000000,,f1a3a793,,"slti	x15,x7,-230","a5,t2,-230",
800032dc,sll,t3:00000000,,00601e33,,"sll	x28,x0,x6","t3,zero,t1",
800032e0,sll,s8:ffe3c000,,00cb1c33,,"sll	x24,x22,x12","s8,s6,a2",
800032e4,and,a2:00000000,,0058f633,,"and	x12,x17,x5","a2,a7,t0",
800032e8,srai,s1:00000000,,411cd493,,"srai	x9,x25,0x11","s1,s9,0x11",
800032ec,slt,s7:00000000,,01892bb3,,"slt	x23,x18,x24","s7,s2,s8",
800032f4,sra,s10:f8000000,,40715d33,,"sra	x26,x2,x7","s10,sp,t2",
800032f8,sltiu,s4:00000001,,b950ba13,,"sltiu	x20,x1,-1131","s4,ra,-1131",
800032fc,xori,t3:7ffe7488,,86cf4e13,,"xori	x28,x30,-1940","t3,t5,-1940",
80003300,sltiu,s10:00000001,,efe83d13,,"sltiu	x26,x16,-258","s10,a6,-258",
80003304,add,t6:00000000,,00660fb3,,"add	x31,x12,x6","t6,a2,t1",
80003308,sra,t1:00000000,,41275333,,"sra	x6,x14,x18","t1,a4,s2",
8000330c,slti,s6:00000001,,e8db2b13,,"slti	x22,x22,-371","s6,s6,-371",
80003310,slli,a4:00000000,,01179713,,"slli	x14,x15,0x11","a4,a5,0x11",
80003314,add,t2:0000000f,,013403b3,,"add	x7,x8,x19","t2,s0,s3",
80003318,srl,s2:00000000,,017bd933,,"srl	x18,x23,x23","s2,s7,s7",
8000331c,lui,s0:899d4000,,899d4437,,"lui	x8,0x899d4","s0,0x899d4",
80003320,xor,s8:2220e2a1,,005d4c33,,"xor	x24,x26,x5","s8,s10,t0",
80003324,srl,a4:00000fff,,01bdd733,,"srl	x14,x27,x27","a4,s11,s11",
80003328,slli,s8:00000000,,003a9c13,,"slli	x24,x21,0x3","s8,s5,0x3",
8000332c,sltu,a5:00000000,,006737b3,,"sltu	x15,x14,x6","a5,a4,t1",
80003330,sub,s10:2220e291,,40728d33,,"sub	x26,x5,x7","s10,t0,t2",
80003334,andi,t1:00000000,,322cf313,,"andi	x6,x25,802","t1,s9,802",
80003338,add,s9:099bb488,,01c40cb3,,"add	x25,x8,x28","s9,s0,t3",
8000333c,slt,a6:00000001,,01452833,,"slt	x16,x10,x20","a6,a0,s4",
80003340,ori,t3:00000442,,4427ee13,,"ori	x28,x15,1090","t3,a5,1090",
80003348,srl,a3:00000000,,01f356b3,,"srl	x13,x6,x31","a3,t1,t6",
8000334c,srai,t0:00000000,,40be5293,,"srai	x5,x28,0xb","t0,t3,0xb",
80003350,xori,a5:fffffc65,,827e4793,,"xori	x15,x28,-2009","a5,t3,-2009",
80003354,sltiu,a5:00000000,,052cb793,,"sltiu	x15,x25,82","a5,s9,82",
80003358,andi,s6:00000000,,cd9c7b13,,"andi	x22,x24,-807","s6,s8,-807",
8000335c,srl,t2:00000001,,003853b3,,"srl	x7,x16,x3","t2,a6,gp",
80003360,sltu,a5:00000000,,015537b3,,"sltu	x15,x10,x21","a5,a0,s5",
80003368,xori,s7:00000921,,6de74b93,,"xori	x23,x14,1758","s7,a4,1758",
8000336c,lui,t4:7fee5000,,7fee5eb7,,"lui	x29,0x7fee5","t4,0x7fee5",
80003370,sltiu,t3:00000001,,bd3d3e13,,"sltiu	x28,x26,-1069","t3,s10,-1069",
80003374,slt,t2:00000001,,017aa3b3,,"slt	x7,x21,x23","t2,s5,s7",
80003378,xor,s9:ffffe704,,0115ccb3,,"xor	x25,x11,x17","s9,a1,a7",
8000337c,or,a3:00000fff,,004766b3,,"or	x13,x14,x4","a3,a4,tp",
80003380,srai,a5:fff00029,,40b55793,,"srai	x15,x10,0xb","a5,a0,0xb",
80003388,slt,t0:00000000,,00a8a2b3,,"slt	x5,x17,x10","t0,a7,a0",
8000338c,sub,s2:00000000,,41ef0933,,"sub	x18,x30,x30","s2,t5,t5",
80003390,sra,s1:00000001,,4053d4b3,,"sra	x9,x7,x5","s1,t2,t0",
80003394,sub,s6:00000000,,418b0b33,,"sub	x22,x22,x24","s6,s6,s8",
80003398,ori,t4:000004b8,,4b806e93,,"ori	x29,x0,1208","t4,zero,1208",
800033a4,sub,s1:00000000,,412304b3,,"sub	x9,x6,x18","s1,t1,s2",
800033a8,ori,t6:fffffe76,,85656f93,,"ori	x31,x10,-1962","t6,a0,-1962",
800033ac,sll,a3:00000000,,002016b3,,"sll	x13,x0,x2","a3,zero,sp",
800033b0,add,t6:2220c995,,019d0fb3,,"add	x31,x26,x25","t6,s10,s9",
800033b4,sll,a4:00000000,,01949733,,"sll	x14,x9,x25","a4,s1,s9",
800033b8,slli,a1:00000000,,01131593,,"slli	x11,x6,0x11","a1,t1,0x11",
800033bc,andi,a6:00000090,,4fcd7813,,"andi	x16,x26,1276","a6,s10,1276",
800033c0,sra,a3:00000000,,4104d6b3,,"sra	x13,x9,x16","a3,s1,a6",
800033c4,slli,a7:32000000,,01751893,,"slli	x17,x10,0x17","a7,a0,0x17",
800033c8,xor,a1:00000000,,00d645b3,,"xor	x11,x12,x13","a1,a2,a3",
800033cc,sra,a2:0000000f,,4119d633,,"sra	x12,x19,x17","a2,s3,a7",
800033d0,slti,a5:00000000,,9d59a793,,"slti	x15,x19,-1579","a5,s3,-1579",
800033d4,srli,t6:00000000,,01a2df93,,"srli	x31,x5,0x1a","t6,t0,0x1a",
800033dc,sll,s8:01000000,,01d39c33,,"sll	x24,x7,x29","s8,t2,t4",
800033e0,or,t4:00000001,,016a6eb3,,"or	x29,x20,x22","t4,s4,s6",
800033e4,auipc,s11:531863e4,,d3183d97,,"auipc	x27,0xd3183","s11,0xd3183",
800033e8,auipc,ra:366da3e8,,b66d7097,,"auipc	x1,0xb66d7","ra,0xb66d7",
800033ec,ori,t4:00000506,,5061ee93,,"ori	x29,x3,1286","t4,gp,1286",
800033f0,sll,s10:00000000,,00e69d33,,"sll	x26,x13,x14","s10,a3,a4",
800033f4,and,t3:00010260,,00a0fe33,,"and	x28,x1,x10","t3,ra,a0",
800033f8,xori,s8:320001da,,1da8cc13,,"xori	x24,x17,474","s8,a7,474",
800033fc,slt,a5:00000000,,014ea7b3,,"slt	x15,x29,x20","a5,t4,s4",
80003400,srli,s10:00000000,,00835d13,,"srli	x26,x6,0x8","s10,t1,0x8",
80003404,sltu,t1:00000000,,00033333,,"sltu	x6,x6,x0","t1,t1,zero",
80003408,sll,a1:00102600,,01be15b3,,"sll	x11,x28,x27","a1,t3,s11",
8000340c,sltu,s11:00000001,,019dbdb3,,"sltu	x27,x27,x25","s11,s11,s9",
80003414,slti,s9:00000000,,6b6c2c93,,"slti	x25,x24,1718","s9,s8,1718",
80003418,ori,a7:fffffbef,,b070e893,,"ori	x17,x1,-1273","a7,ra,-1273",
8000341c,ori,a5:fffffef7,,e97e6793,,"ori	x15,x28,-361","a5,t3,-361",
80003420,sub,a6:00000000,,403d0833,,"sub	x16,x26,x3","a6,s10,gp",
80003424,or,s2:0000000f,,01b9e933,,"or	x18,x19,x27","s2,s3,s11",
80003428,sltu,s0:00000001,,01c83433,,"sltu	x8,x16,x28","s0,a6,t3",
8000342c,sltu,a1:00000000,,000db5b3,,"sltu	x11,x27,x0","a1,s11,zero",
80003430,sll,a6:80018ce4,,00ef1833,,"sll	x16,x30,x14","a6,t5,a4",
80003434,xori,a1:3200071b,,6c1c4593,,"xori	x11,x24,1729","a1,s8,1729",
80003438,srai,tp:00000000,,4059d213,,"srai	x4,x19,0x5","tp,s3,0x5",
8000343c,lui,s5:06df4000,,06df4ab7,,"lui	x21,0x6df4","s5,0x6df4",
80003440,sll,t4:04000000,,01839eb3,,"sll	x29,x7,x24","t4,t2,s8",
80003444,addi,s9:00000578,,57818c93,,"addi	x25,x3,1400","s9,gp,1400",
80003448,srli,t4:00000040,,01955e93,,"srli	x29,x10,0x19","t4,a0,0x19",
8000344c,ori,sp:f8000716,,71616113,,"ori	x2,x2,1814","sp,sp,1814",
80003450,xor,s8:0000000f,,0132cc33,,"xor	x24,x5,x19","s8,t0,s3",
80003454,or,tp:00010261,,007e6233,,"or	x4,x28,x7","tp,t3,t2",
80003458,sra,s10:fc00038b,,41715d33,,"sra	x26,x2,x23","s10,sp,s7",
8000345c,slti,s1:00000001,,6f702493,,"slti	x9,x0,1783","s1,zero,1783",
80003460,xori,sp:c9925ab3,,95b0c113,,"xori	x2,x1,-1701","sp,ra,-1701",
80003464,add,t4:fc00038c,,01a40eb3,,"add	x29,x8,x26","t4,s0,s10",
80003468,or,a5:00000001,,007a67b3,,"or	x15,x20,x7","a5,s4,t2",
80003470,slti,s0:00000000,,81b92413,,"slti	x8,x18,-2021","s0,s2,-2021",
80003474,sltiu,a1:00000001,,a8ab3593,,"sltiu	x11,x22,-1398","a1,s6,-1398",
80003478,slt,s5:00000000,,011aaab3,,"slt	x21,x21,x17","s5,s5,a7",
80003480,srai,s5:00000000,,41f05a93,,"srai	x21,x0,0x1f","s5,zero,0x1f",
80003488,slt,s10:00000001,,01b2ad33,,"slt	x26,x5,x27","s10,t0,s11",
8000348c,add,a3:00000000,,005b06b3,,"add	x13,x22,x5","a3,s6,t0",
80003490,srli,a3:00000000,,016c5693,,"srli	x13,x24,0x16","a3,s8,0x16",
80003494,auipc,sp:beb04494,,3eb01117,,"auipc	x2,0x3eb01","sp,0x3eb01",
80003498,xori,s8:ffffff1d,,f1d1cc13,,"xori	x24,x3,-227","s8,gp,-227",
8000349c,addi,a1:fffffc48,,c48a8593,,"addi	x11,x21,-952","a1,s5,-952",
800034a0,slli,ra:00000000,,01b29093,,"slli	x1,x5,0x1b","ra,t0,0x1b",
800034a4,srai,a4:ffffffff,,40ac5713,,"srai	x14,x24,0xa","a4,s8,0xa",
800034a8,add,ra:beb04494,,005100b3,,"add	x1,x2,x5","ra,sp,t0",
800034ac,slt,t4:00000000,,000b2eb3,,"slt	x29,x22,x0","t4,s6,zero",
800034b0,addi,a4:00000763,,76318713,,"addi	x14,x3,1891","a4,gp,1891",
800034b4,xor,t2:beb04494,,01d0c3b3,,"xor	x7,x1,x29","t2,ra,t4",
800034b8,add,a2:00000000,,00540633,,"add	x12,x8,x5","a2,s0,t0",
800034bc,or,tp:ffffff1d,,018fe233,,"or	x4,x31,x24","tp,t6,s8",
800034c0,and,a7:00000000,,01a1f8b3,,"and	x17,x3,x26","a7,gp,s10",
800034c4,srli,t1:00000000,,002d5313,,"srli	x6,x26,0x2","t1,s10,0x2",
800034c8,or,s2:00000578,,0192e933,,"or	x18,x5,x25","s2,t0,s9",
800034cc,andi,t3:00000000,,7e6efe13,,"andi	x28,x29,2022","t3,t4,2022",
800034d0,slti,s9:00000001,,59592c93,,"slti	x25,x18,1429","s9,s2,1429",
800034d4,srl,s11:00000000,,007a5db3,,"srl	x27,x20,x7","s11,s4,t2",
800034d8,srli,a3:00100031,,00b85693,,"srli	x13,x16,0xb","a3,a6,0xb",
800034dc,xori,s1:7ffeb627,,84354493,,"xori	x9,x10,-1981","s1,a0,-1981",
800034e0,sra,s10:00000000,,4071dd33,,"sra	x26,x3,x7","s10,gp,t2",
800034e4,andi,a7:00000101,,197bf893,,"andi	x17,x23,407","a7,s7,407",
800034e8,sra,s5:80014e64,,41f55ab3,,"sra	x21,x10,x31","s5,a0,t6",
800034ec,srl,s5:00000921,,000bdab3,,"srl	x21,x23,x0","s5,s7,zero",
800034f0,srl,sp:00000057,,01095133,,"srl	x2,x18,x16","sp,s2,a6",
800034f4,slt,s2:00000000,,0037a933,,"slt	x18,x15,x3","s2,a5,gp",
800034f8,ori,gp:fffffbbd,,a9dbe193,,"ori	x3,x23,-1379","gp,s7,-1379",
800034fc,srli,s5:00000000,,00ebda93,,"srli	x21,x23,0xe","s5,s7,0xe",
80003500,slli,t1:fffffe3a,,001c1313,,"slli	x6,x24,0x1","t1,s8,0x1",
80003504,xor,s7:00000001,,01944bb3,,"xor	x23,x8,x25","s7,s0,s9",
80003508,addi,t1:beb04c7c,,7e838313,,"addi	x6,x7,2024","t1,t2,2024",
8000350c,sltu,s11:00000000,,01683db3,,"sltu	x27,x16,x22","s11,a6,s6",
80003510,xor,t6:00000000,,0070cfb3,,"xor	x31,x1,x7","t6,ra,t2",
80003514,sltu,s7:00000000,,01f3bbb3,,"sltu	x23,x7,x31","s7,t2,t6",
8000351c,sra,s11:ffffff8e,,41925db3,,"sra	x27,x4,x25","s11,tp,s9",
80003520,sltiu,sp:00000000,,6a6db113,,"sltiu	x2,x27,1702","sp,s11,1702",
80003524,add,t3:ffffff1e,,014c0e33,,"add	x28,x24,x20","t3,s8,s4",
80003528,sltiu,a3:00000000,,a80db693,,"sltiu	x13,x27,-1408","a3,s11,-1408",
8000352c,xori,s2:fffffd1e,,290dc913,,"xori	x18,x27,656","s2,s11,656",
80003530,and,s2:00000000,,00517933,,"and	x18,x2,x5","s2,sp,t0",
80003538,sub,s10:00000443,,40368d33,,"sub	x26,x13,x3","s10,a3,gp",
8000353c,andi,s1:00000000,,38aaf493,,"andi	x9,x21,906","s1,s5,906",
80003540,add,a7:00000000,,002908b3,,"add	x17,x18,x2","a7,s2,sp",
80003544,slli,t4:00080000,,01379e93,,"slli	x29,x15,0x13","t4,a5,0x13",
80003548,sll,ra:80018ce4,,002f10b3,,"sll	x1,x30,x2","ra,t5,sp",
8000354c,xori,gp:fffffd00,,d01a4193,,"xori	x3,x20,-767","gp,s4,-767",
80003550,add,s2:beb053df,,00670933,,"add	x18,x14,x6","s2,a4,t1",
80003554,and,tp:00000000,,006ef233,,"and	x4,x29,x6","tp,t4,t1",
80003558,slti,t6:00000001,,6e80af93,,"slti	x31,x1,1768","t6,ra,1768",
8000355c,sltiu,s2:00000001,,8823b913,,"sltiu	x18,x7,-1918","s2,t2,-1918",
80003560,add,gp:00000001,,015901b3,,"add	x3,x18,x21","gp,s2,s5",
80003564,lui,a6:6c5e2000,,6c5e2837,,"lui	x16,0x6c5e2","a6,0x6c5e2",
80003568,xori,s6:fffffc67,,c66a4b13,,"xori	x22,x20,-922","s6,s4,-922",
8000356c,sll,gp:0018ce40,,00af11b3,,"sll	x3,x30,x10","gp,t5,a0",
80003570,srai,t0:00000000,,40ecd293,,"srai	x5,x25,0xe","t0,s9,0xe",
80003574,and,s4:00000000,,00c5fa33,,"and	x20,x11,x12","s4,a1,a2",
80003578,ori,s5:fffffeb6,,a323ea93,,"ori	x21,x7,-1486","s5,t2,-1486",
8000357c,xori,t4:7ffe7524,,9c0f4e93,,"xori	x29,x30,-1600","t4,t5,-1600",
80003580,ori,gp:beb0459c,,50c3e193,,"ori	x3,x7,1292","gp,t2,1292",
80003584,xor,t1:00000000,,011bc333,,"xor	x6,x23,x17","t1,s7,a7",
80003588,srli,gp:00000000,,00645193,,"srli	x3,x8,0x6","gp,s0,0x6",
8000358c,xori,sp:fffff91e,,91ea4113,,"xori	x2,x20,-1762","sp,s4,-1762",
80003590,auipc,s10:130eb590,,930e8d17,,"auipc	x26,0x930e8","s10,0x930e8",
80003594,lui,a1:72914000,,729145b7,,"lui	x11,0x72914","a1,0x72914",
80003598,srai,gp:00000000,,4048d193,,"srai	x3,x17,0x4","gp,a7,0x4",
8000359c,slti,s4:00000001,,6fa32a13,,"slti	x20,x6,1786","s4,t1,1786",
800035a0,xor,s10:ffffff8f,,01bccd33,,"xor	x26,x25,x27","s10,s9,s11",
800035a4,or,s5:00000763,,00976ab3,,"or	x21,x14,x9","s5,a4,s1",
800035a8,slti,sp:00000001,,3b062113,,"slti	x2,x12,944","sp,a2,944",
800035ac,auipc,t2:9ba985ac,,1ba95397,,"auipc	x7,0x1ba95","t2,0x1ba95",
800035b0,sltu,s6:00000000,,00b53b33,,"sltu	x22,x10,x11","s6,a0,a1",
800035b8,srai,s7:00000000,,415fdb93,,"srai	x23,x31,0x15","s7,t6,0x15",
800035bc,sll,s7:00000000,,01431bb3,,"sll	x23,x6,x20","s7,t1,s4",
800035c4,slti,a4:00000000,,a24d2713,,"slti	x14,x26,-1500","a4,s10,-1500",
800035c8,sltu,s2:00000001,,0022b933,,"sltu	x18,x5,x2","s2,t0,sp",
800035cc,lui,a1:b2fb0000,,b2fb05b7,,"lui	x11,0xb2fb0","a1,0xb2fb0",
800035d0,sra,tp:00000001,,404cd233,,"sra	x4,x25,x4","tp,s9,tp",
800035d4,sub,s9:00000000,,40600cb3,,"sub	x25,x0,x6","s9,zero,t1",
800035d8,sra,a1:7ffe7524,,406ed5b3,,"sra	x11,x29,x6","a1,t4,t1",
800035dc,slt,s4:00000000,,01812a33,,"slt	x20,x2,x24","s4,sp,s8",
800035e0,srl,a5:0001fff9,,01b5d7b3,,"srl	x15,x11,x27","a5,a1,s11",
800035e4,sltu,tp:00000001,,01bcb233,,"sltu	x4,x25,x27","tp,s9,s11",
800035e8,slti,sp:00000000,,9cfba113,,"slti	x2,x23,-1585","sp,s7,-1585",
800035ec,or,s9:ffff7f64,,00aeecb3,,"or	x25,x29,x10","s9,t4,a0",
800035f0,srli,s10:00200063,,00af5d13,,"srli	x26,x30,0xa","s10,t5,0xa",
800035f4,andi,t3:00000440,,cdcafe13,,"andi	x28,x21,-804","t3,s5,-804",
800035f8,slt,t4:00000001,,00052eb3,,"slt	x29,x10,x0","t4,a0,zero",
800035fc,slt,s1:00000001,,01a2a4b3,,"slt	x9,x5,x26","s1,t0,s10",
80003600,auipc,s4:148e7600,,948e4a17,,"auipc	x20,0x948e4","s4,0x948e4",
80003604,lui,t4:a8e2b000,,a8e2beb7,,"lui	x29,0xa8e2b","t4,0xa8e2b",
80003608,sll,s4:00000000,,00469a33,,"sll	x20,x13,x4","s4,a3,tp",
8000360c,auipc,s5:4a25060c,,ca24da97,,"auipc	x21,0xca24d","s5,0xca24d",
80003610,sll,s10:00000000,,00761d33,,"sll	x26,x12,x7","s10,a2,t2",
80003614,auipc,t1:96795614,,16792317,,"auipc	x6,0x16792","t1,0x16792",
80003618,sll,a4:00000000,,01569733,,"sll	x14,x13,x21","a4,a3,s5",
8000361c,xori,s4:80018a3a,,f1e5ca13,,"xori	x20,x11,-226","s4,a1,-226",
80003624,andi,s8:00000001,,9fb97c13,,"andi	x24,x18,-1541","s8,s2,-1541",
80003628,srl,s0:9ba985ac,,00e3d433,,"srl	x8,x7,x14","s0,t2,a4",
8000362c,xor,a2:00000001,,01814633,,"xor	x12,x2,x24","a2,sp,s8",
80003630,and,a2:00000000,,003f7633,,"and	x12,x30,x3","a2,t5,gp",
80003634,andi,a4:00000000,,5272f713,,"andi	x14,x5,1319","a4,t0,1319",
80003638,slt,s7:00000001,,01752bb3,,"slt	x23,x10,x23","s7,a0,s7",
8000363c,slt,t4:00000001,,01f72eb3,,"slt	x29,x14,x31","t4,a4,t6",
80003640,add,s0:9ba985ac,,00240433,,"add	x8,x8,x2","s0,s0,sp",
80003644,slti,s8:00000001,,3d492c13,,"slti	x24,x18,980","s8,s2,980",
80003648,slti,s11:00000000,,a44d2d93,,"slti	x27,x26,-1468","s11,s10,-1468",
8000364c,xor,gp:80018ce5,,001bc1b3,,"xor	x3,x23,x1","gp,s7,ra",
80003650,add,t2:80018a3a,,014703b3,,"add	x7,x14,x20","t2,a4,s4",
80003654,sltiu,t1:00000001,,37103313,,"sltiu	x6,x0,881","t1,zero,881",
80003658,slt,a2:00000000,,01b72633,,"slt	x12,x14,x27","a2,a4,s11",
8000365c,sltiu,a2:00000000,,22a7b613,,"sltiu	x12,x15,554","a2,a5,554",
80003660,sltu,gp:00000000,,016bb1b3,,"sltu	x3,x23,x22","gp,s7,s6",
80003664,srai,s4:00000000,,400b5a13,,"srai	x20,x22,0x0","s4,s6,0x0",
80003668,slti,tp:00000000,,ca222213,,"slti	x4,x4,-862","tp,tp,-862",
80003670,add,s2:1baad410,,00850933,,"add	x18,x10,x8","s2,a0,s0",
80003674,sltiu,s11:00000000,,78d43d93,,"sltiu	x27,x8,1933","s11,s0,1933",
80003678,xor,gp:80018a3a,,0078c1b3,,"xor	x3,x17,x7","gp,a7,t2",
8000367c,sra,s4:00000000,,40175a33,,"sra	x20,x14,x1","s4,a4,ra",
80003680,sll,t2:0000001e,,01d993b3,,"sll	x7,x19,x29","t2,s3,t4",
80003684,sra,a3:00000000,,41cd56b3,,"sra	x13,x26,x28","a3,s10,t3",
80003688,add,a7:9ba985ad,,008c08b3,,"add	x17,x24,x8","a7,s8,s0",
80003690,srli,t6:00000000,,01ce5f93,,"srli	x31,x28,0x1c","t6,t3,0x1c",
80003698,sub,a7:fffffff1,,413108b3,,"sub	x17,x2,x19","a7,sp,s3",
800036a0,xor,tp:00000001,,009fc233,,"xor	x4,x31,x9","tp,t6,s1",
800036a4,srl,s11:7ffffff8,,0188ddb3,,"srl	x27,x17,x24","s11,a7,s8",
800036a8,sll,ra:00000000,,012010b3,,"sll	x1,x0,x18","ra,zero,s2",
800036ac,ori,s11:fffffffe,,a46ded93,,"ori	x27,x27,-1466","s11,s11,-1466",
800036b0,slti,tp:00000000,,c6ed2213,,"slti	x4,x26,-914","tp,s10,-914",
800036b4,sltiu,sp:00000001,,b94b3113,,"sltiu	x2,x22,-1132","sp,s6,-1132",
800036bc,lui,t4:3b6f7000,,3b6f7eb7,,"lui	x29,0x3b6f7","t4,0x3b6f7",
800036c0,slli,t3:e7524000,,00c59e13,,"slli	x28,x11,0xc","t3,a1,0xc",
800036c4,add,s1:00000001,,002204b3,,"add	x9,x4,x2","s1,tp,sp",
800036c8,addi,t6:000201fc,,20378f93,,"addi	x31,x15,515","t6,a5,515",
800036d0,auipc,t0:49b086d0,,c9b05297,,"auipc	x5,0xc9b05","t0,0xc9b05",
800036d4,sra,a4:ffff7f64,,40ecd733,,"sra	x14,x25,x14","a4,s9,a4",
800036d8,add,s6:49b086ee,,00728b33,,"add	x22,x5,x7","s6,t0,t2",
800036dc,slli,gp:ff880000,,01389193,,"slli	x3,x17,0x13","gp,a7,0x13",
800036e0,lui,t0:ec44f000,,ec44f2b7,,"lui	x5,0xec44f","t0,0xec44f",
800036e4,lui,t2:13cb2000,,13cb23b7,,"lui	x7,0x13cb2","t2,0x13cb2",
800036e8,slli,gp:00000400,,00ac1193,,"slli	x3,x24,0xa","gp,s8,0xa",
800036ec,sltu,a1:00000000,,01e435b3,,"sltu	x11,x8,x30","a1,s0,t5",
800036f0,add,t2:00101000,,005383b3,,"add	x7,x7,x5","t2,t2,t0",
800036f4,sll,s11:baad4100,,01991db3,,"sll	x27,x18,x25","s11,s2,s9",
800036f8,and,s4:00000000,,01777a33,,"and	x20,x14,x23","s4,a4,s7",
800036fc,slti,a1:00000000,,86c62593,,"slti	x11,x12,-1940","a1,a2,-1940",
80003704,sra,t3:00000000,,418bde33,,"sra	x28,x23,x24","t3,s7,s8",
80003708,slli,s0:00000000,,01a19413,,"slli	x8,x3,0x1a","s0,gp,0x1a",
8000370c,sltu,sp:00000001,,00663133,,"sltu	x2,x12,x6","sp,a2,t1",
80003710,and,a6:00000000,,01b6f833,,"and	x16,x13,x27","a6,a3,s11",
80003714,srl,a4:1baad410,,00795733,,"srl	x14,x18,x7","a4,s2,t2",
80003718,srl,a5:000201fc,,004fd7b3,,"srl	x15,x31,x4","a5,t6,tp",
8000371c,andi,s10:00000000,,0f027d13,,"andi	x26,x4,240","s10,tp,240",
80003720,slli,a5:00000000,,018a1793,,"slli	x15,x20,0x18","a5,s4,0x18",
80003724,sub,a6:49b086ee,,40fb0833,,"sub	x16,x22,x15","a6,s6,a5",
80003728,andi,a2:1baad400,,da877613,,"andi	x12,x14,-600","a2,a4,-600",
8000372c,or,gp:1baad410,,00c961b3,,"or	x3,x18,x12","gp,s2,a2",
80003730,xor,s4:1baad410,,00ed4a33,,"xor	x20,x26,x14","s4,s10,a4",
80003734,sra,s4:00000000,,41ebda33,,"sra	x20,x23,x30","s4,s7,t5",
80003738,sra,t4:3b6f7000,,40fedeb3,,"sra	x29,x29,x15","t4,t4,a5",
8000373c,slt,s9:00000000,,00dbacb3,,"slt	x25,x23,x13","s9,s7,a3",
80003740,slti,a5:00000001,,2127a793,,"slti	x15,x15,530","a5,a5,530",
80003744,sra,a2:00000dd5,,41175633,,"sra	x12,x14,x17","a2,a4,a7",
80003748,slt,s0:00000000,,00f62433,,"slt	x8,x12,x15","s0,a2,a5",
8000374c,sra,s1:000201fc,,41cfd4b3,,"sra	x9,x31,x28","s1,t6,t3",
80003750,sltiu,s11:00000001,,c47ebd93,,"sltiu	x27,x29,-953","s11,t4,-953",
80003754,ori,s6:000001df,,1dedeb13,,"ori	x22,x27,478","s6,s11,478",
80003758,ori,t3:49b086ef,,66586e13,,"ori	x28,x16,1637","t3,a6,1637",
8000375c,slli,tp:00000000,,01e09213,,"slli	x4,x1,0x1e","tp,ra,0x1e",
80003760,slli,s0:001df000,,00cb1413,,"slli	x8,x22,0xc","s0,s6,0xc",
80003764,or,t6:4a25060c,,01526fb3,,"or	x31,x4,x21","t6,tp,s5",
80003768,andi,sp:ec44f000,,dbf2f113,,"andi	x2,x5,-577","sp,t0,-577",
8000376c,slti,t1:00000000,,92ab2313,,"slti	x6,x22,-1750","t1,s6,-1750",
80003770,or,s8:1baad410,,0041ec33,,"or	x24,x3,x4","s8,gp,tp",
80003774,sub,s5:7ffeb19c,,40ac8ab3,,"sub	x21,x25,x10","s5,s9,a0",
80003778,addi,s5:ffffff9c,,f9bb8a93,,"addi	x21,x23,-101","s5,s7,-101",
8000377c,srli,ra:00020005,,00e55093,,"srli	x1,x10,0xe","ra,a0,0xe",
80003780,sub,s8:fffffff1,,40088c33,,"sub	x24,x17,x0","s8,a7,zero",
80003784,sltu,s4:00000000,,014c3a33,,"sltu	x20,x24,x20","s4,s8,s4",
80003788,xor,s10:ffffff9c,,015ccd33,,"xor	x26,x25,x21","s10,s9,s5",
8000378c,andi,s1:00000000,,498cf493,,"andi	x9,x25,1176","s1,s9,1176",
80003790,add,s6:ec44eff1,,00288b33,,"add	x22,x17,x2","s6,a7,sp",
80003794,srli,a4:00000000,,01c6d713,,"srli	x14,x13,0x1c","a4,a3,0x1c",
80003798,slti,ra:00000000,,d39d2093,,"slti	x1,x26,-711","ra,s10,-711",
8000379c,or,s8:fffffff1,,0058ec33,,"or	x24,x17,x5","s8,a7,t0",
800037a0,or,s6:ffffff9c,,01a96b33,,"or	x22,x18,x26","s6,s2,s10",
800037a4,srl,s8:00000008,,0183dc33,,"srl	x24,x7,x24","s8,t2,s8",
800037a8,and,gp:00000001,,01cdf1b3,,"and	x3,x27,x28","gp,s11,t3",
800037ac,and,gp:48040000,,002ff1b3,,"and	x3,x31,x2","gp,t6,sp",
800037b0,sub,s1:4a25060c,,40ef84b3,,"sub	x9,x31,x14","s1,t6,a4",
800037b4,add,tp:4a25060d,,00978233,,"add	x4,x15,x9","tp,a5,s1",
800037b8,add,a1:0000000f,,006985b3,,"add	x11,x19,x6","a1,s3,t1",
800037bc,slt,s5:00000000,,00efaab3,,"slt	x21,x31,x14","s5,t6,a4",
800037c0,sub,s1:ffe21001,,408b84b3,,"sub	x9,x23,x8","s1,s7,s0",
800037c4,slti,a3:00000000,,8206a693,,"slti	x13,x13,-2016","a3,a3,-2016",
800037c8,slli,a1:08000000,,018c1593,,"slli	x11,x24,0x18","a1,s8,0x18",
800037d0,slt,a4:00000001,,01b12733,,"slt	x14,x2,x27","a4,sp,s11",
800037d4,slt,a5:00000000,,016e27b3,,"slt	x15,x28,x22","a5,t3,s6",
800037d8,add,s1:27b46000,,002e84b3,,"add	x9,x29,x2","s1,t4,sp",
800037dc,srli,sp:00000000,,019cd113,,"srli	x2,x25,0x19","sp,s9,0x19",
800037e0,ori,ra:fffffebb,,ebbee093,,"ori	x1,x29,-325","ra,t4,-325",
800037e4,sub,t4:0000000e,,40e98eb3,,"sub	x29,x19,x14","t4,s3,a4",
800037e8,srl,t1:0000000f,,01ad5333,,"srl	x6,x26,x26","t1,s10,s10",
800037ec,srl,t1:00000000,,01805333,,"srl	x6,x0,x24","t1,zero,s8",
800037f0,srli,a5:00000000,,00015793,,"srli	x15,x2,0x0","a5,sp,0x0",
800037f4,sltiu,t2:00000000,,859b3393,,"sltiu	x7,x22,-1959","t2,s6,-1959",
800037f8,or,s4:fffffebb,,0090ea33,,"or	x20,x1,x9","s4,ra,s1",
800037fc,slli,tp:00000000,,01a49213,,"slli	x4,x9,0x1a","tp,s1,0x1a",
80003800,and,a1:00000000,,018675b3,,"and	x11,x12,x24","a1,a2,s8",
80003804,ori,s9:ffffffef,,d8ae6c93,,"ori	x25,x28,-630","s9,t3,-630",
80003808,sltu,a7:00000000,,00feb8b3,,"sltu	x17,x29,x15","a7,t4,a5",
8000380c,srli,s10:00000000,,01a3dd13,,"srli	x26,x7,0x1a","s10,t2,0x1a",
80003810,and,a3:00000000,,00dd76b3,,"and	x13,x26,x13","a3,s10,a3",
80003814,addi,tp:fffffa82,,ae6b0213,,"addi	x4,x22,-1306","tp,s6,-1306",
80003818,slt,s2:00000001,,0112a933,,"slt	x18,x5,x17","s2,t0,a7",
8000381c,srli,s11:00000000,,008ddd93,,"srli	x27,x27,0x8","s11,s11,0x8",
80003820,srli,s4:00000004,,01b4da13,,"srli	x20,x9,0x1b","s4,s1,0x1b",
80003824,slli,a4:00000000,,01889713,,"slli	x14,x17,0x18","a4,a7,0x18",
80003828,addi,s8:4a2507cd,,1c1f8c13,,"addi	x24,x31,449","s8,t6,449",
8000382c,andi,a4:00000000,,9903f713,,"andi	x14,x7,-1648","a4,t2,-1648",
80003830,sub,s0:fffff22b,,40cd0433,,"sub	x8,x26,x12","s0,s10,a2",
80003834,lui,t4:bbbe6000,,bbbe6eb7,,"lui	x29,0xbbbe6","t4,0xbbbe6",
80003838,andi,s6:00000000,,8488fb13,,"andi	x22,x17,-1976","s6,a7,-1976",
8000383c,add,s11:00000004,,01488db3,,"add	x27,x17,x20","s11,a7,s4",
80003840,andi,ra:00000000,,b7b07093,,"andi	x1,x0,-1157","ra,zero,-1157",
80003844,and,ra:ec44f000,,005cf0b3,,"and	x1,x25,x5","ra,s9,t0",
80003848,sll,s2:00000001,,01691933,,"sll	x18,x18,x22","s2,s2,s6",
8000384c,sra,a3:00000000,,40a9d6b3,,"sra	x13,x19,x10","a3,s3,a0",
80003850,slti,a2:00000001,,6fb5a613,,"slti	x12,x11,1787","a2,a1,1787",
80003854,add,s6:bbbe6004,,01dd8b33,,"add	x22,x27,x29","s6,s11,t4",
8000385c,slt,a5:00000000,,01dda7b3,,"slt	x15,x27,x29","a5,s11,t4",
80003860,andi,gp:00000000,,3e24f193,,"andi	x3,x9,994","gp,s1,994",
80003864,sll,s4:00000010,,00a61a33,,"sll	x20,x12,x10","s4,a2,a0",
80003868,slli,s8:00010000,,01061c13,,"slli	x24,x12,0x10","s8,a2,0x10",
8000386c,addi,a6:fffff8f6,,8f630813,,"addi	x16,x6,-1802","a6,t1,-1802",
80003870,xor,t1:ec44f000,,0110c333,,"xor	x6,x1,x17","t1,ra,a7",
80003874,srl,s0:80014e64,,01d55433,,"srl	x8,x10,x29","s0,a0,t4",
80003878,ori,s2:ffffff8b,,f8b76913,,"ori	x18,x14,-117","s2,a4,-117",
8000387c,or,s7:4a25060d,,01fbebb3,,"or	x23,x23,x31","s7,s7,t6",
80003880,andi,a1:00000004,,4acb7593,,"andi	x11,x22,1196","a1,s6,1196",
80003884,srli,t2:00000000,,0111d393,,"srli	x7,x3,0x11","t2,gp,0x11",
80003888,and,s6:00000004,,0175fb33,,"and	x22,x11,x23","s6,a1,s7",
8000388c,sub,a3:fffffff0,,414686b3,,"sub	x13,x13,x20","a3,a3,s4",
80003890,sll,s0:a7320000,,01941433,,"sll	x8,x8,x25","s0,s0,s9",
80003894,add,sp:00000000,,00788133,,"add	x2,x17,x7","sp,a7,t2",
80003898,andi,a2:00000000,,6314f613,,"andi	x12,x9,1585","a2,s1,1585",
8000389c,auipc,s8:7b7ca89c,,fb7c7c17,,"auipc	x24,0xfb7c7","s8,0xfb7c7",
800038a0,addi,a4:7b7caff5,,759c0713,,"addi	x14,x24,1881","a4,s8,1881",
800038a4,slt,a2:00000001,,00722633,,"slt	x12,x4,x7","a2,tp,t2",
800038a8,slti,t0:00000001,,1dc6a293,,"slti	x5,x13,476","t0,a3,476",
800038ac,xori,s11:fffff829,,2ab24d93,,"xori	x27,x4,683","s11,tp,683",
800038b4,add,a1:fffffa82,,002205b3,,"add	x11,x4,x2","a1,tp,sp",
800038b8,lui,t1:eff63000,,eff63337,,"lui	x6,0xeff63","t1,0xeff63",
800038bc,xor,tp:b64f7964,,01c94233,,"xor	x4,x18,x28","tp,s2,t3",
800038c0,auipc,a2:4e7418c0,,ce73e617,,"auipc	x12,0xce73e","a2,0xce73e",
800038c4,auipc,a3:a2af48c4,,22af1697,,"auipc	x13,0x22af1","a3,0x22af1",
800038cc,andi,s1:4e741840,,f5167493,,"andi	x9,x12,-175","s1,a2,-175",
800038d0,slti,gp:00000000,,a053a193,,"slti	x3,x7,-1531","gp,t2,-1531",
800038d8,ori,a1:00000121,,12106593,,"ori	x11,x0,289","a1,zero,289",
800038dc,sra,tp:00000000,,41d15233,,"sra	x4,x2,x29","tp,sp,t4",
800038e0,sll,s10:0000001e,,00b99d33,,"sll	x26,x19,x11","s10,s3,a1",
800038e4,xori,ra:49b087ba,,155e4093,,"xori	x1,x28,341","ra,t3,341",
800038e8,xor,ra:7b7ca9bd,,00bc40b3,,"xor	x1,x24,x11","ra,s8,a1",
800038ec,slt,s4:00000000,,014baa33,,"slt	x20,x23,x20","s4,s7,s4",
800038f0,add,t4:4a24fe36,,017d8eb3,,"add	x29,x27,x23","t4,s11,s7",
800038f4,or,s1:ffffffff,,018ce4b3,,"or	x9,x25,x24","s1,s9,s8",
800038fc,xor,sp:4a25060c,,007fc133,,"xor	x2,x31,x7","sp,t6,t2",
80003900,sltiu,s10:00000001,,8f72bd13,,"sltiu	x26,x5,-1801","s10,t0,-1801",
80003904,andi,s6:fffffdcb,,ddbcfb13,,"andi	x22,x25,-549","s6,s9,-549",
80003908,add,a6:0000000e,,00998833,,"add	x16,x19,x9","a6,s3,s1",
8000390c,sub,s4:1009d000,,40600a33,,"sub	x20,x0,x6","s4,zero,t1",
80003910,and,a2:00000000,,003df633,,"and	x12,x27,x3","a2,s11,gp",
80003914,lui,s5:b6c6d000,,b6c6dab7,,"lui	x21,0xb6c6d","s5,0xb6c6d",
80003918,andi,s2:00000000,,9322f913,,"andi	x18,x5,-1742","s2,t0,-1742",
8000391c,sltu,t1:00000000,,00ba3333,,"sltu	x6,x20,x11","t1,s4,a1",
80003920,srli,t6:00000000,,01c8df93,,"srli	x31,x17,0x1c","t6,a7,0x1c",
80003924,xor,ra:a2af48ca,,0106c0b3,,"xor	x1,x13,x16","ra,a3,a6",
80003928,and,t6:00000000,,0063ffb3,,"and	x31,x7,x6","t6,t2,t1",
8000392c,slti,s11:00000001,,6a7fad93,,"slti	x27,x31,1703","s11,t6,1703",
80003930,xor,ra:7b7ca89d,,005c40b3,,"xor	x1,x24,x5","ra,s8,t0",
80003934,lui,s6:aba59000,,aba59b37,,"lui	x22,0xaba59","s6,0xaba59",
80003938,srai,a5:ffd157a4,,4096d793,,"srai	x15,x13,0x9","a5,a3,0x9",
8000393c,or,s0:00000001,,00c2e433,,"or	x8,x5,x12","s0,t0,a2",
80003940,addi,a4:fffffcea,,cea88713,,"addi	x14,x17,-790","a4,a7,-790",
80003944,sra,s11:ffd157a4,,4007ddb3,,"sra	x27,x15,x0","s11,a5,zero",
80003948,xori,t6:1009d4c7,,4c7a4f93,,"xori	x31,x20,1223","t6,s4,1223",
8000394c,srai,a2:00000000,,40a95613,,"srai	x12,x18,0xa","a2,s2,0xa",
80003954,slti,a2:00000001,,03882613,,"slti	x12,x16,56","a2,a6,56",
80003958,slt,s11:00000000,,00bc2db3,,"slt	x27,x24,x11","s11,s8,a1",
8000395c,sltiu,s9:00000000,,79fcbc93,,"sltiu	x25,x25,1951","s9,s9,1951",
80003960,srli,s6:00000012,,01aedb13,,"srli	x22,x29,0x1a","s6,t4,0x1a",
80003964,lui,tp:e9298000,,e9298237,,"lui	x4,0xe9298","tp,0xe9298",
80003968,xori,a1:ffffffb2,,fb234593,,"xori	x11,x6,-78","a1,t1,-78",
8000396c,slli,ra:00000000,,01aa9093,,"slli	x1,x21,0x1a","ra,s5,0x1a",
80003970,slli,s9:00000000,,00889c93,,"slli	x25,x17,0x8","s9,a7,0x8",
80003974,xori,s2:1009d120,,5e7fc913,,"xori	x18,x31,1511","s2,t6,1511",
80003978,addi,a5:fffff847,,847c8793,,"addi	x15,x25,-1977","a5,s9,-1977",
8000397c,slti,tp:00000000,,f59d2213,,"slti	x4,x26,-167","tp,s10,-167",
80003980,srl,s0:0002db1b,,010ad433,,"srl	x8,x21,x16","s0,s5,a6",
80003984,slli,s6:00000000,,01419b13,,"slli	x22,x3,0x14","s6,gp,0x14",
80003988,andi,s7:00000000,,1358fb93,,"andi	x23,x17,309","s7,a7,309",
8000398c,sra,t1:1009d000,,419a5333,,"sra	x6,x20,x25","t1,s4,s9",
80003994,auipc,a4:b7c49994,,37c46717,,"auipc	x14,0x37c46","a4,0x37c46",
80003998,slt,s9:00000001,,0044acb3,,"slt	x25,x9,x4","s9,s1,tp",
8000399c,sra,t6:00000000,,40a25fb3,,"sra	x31,x4,x10","t6,tp,a0",
800039a0,auipc,a3:aa4459a0,,2a442697,,"auipc	x13,0x2a442","a3,0x2a442",
800039a8,ori,gp:ffffffff,,d404e193,,"ori	x3,x9,-704","gp,s1,-704",
800039ac,sra,tp:000126c2,,410e5233,,"sra	x4,x28,x16","tp,t3,a6",
800039b0,xor,a1:b5db01c9,,009ec5b3,,"xor	x11,x29,x9","a1,t4,s1",
800039b4,srai,a2:00000000,,4129d613,,"srai	x12,x19,0x12","a2,s3,0x12",
800039b8,ori,s8:ffffff7e,,d7616c13,,"ori	x24,x2,-650","s8,sp,-650",
800039bc,sll,t4:ffffff80,,00f49eb3,,"sll	x29,x9,x15","t4,s1,a5",
800039c0,andi,t0:fffffe51,,e511f293,,"andi	x5,x3,-431","t0,gp,-431",
800039c4,sub,a5:0000008f,,41d987b3,,"sub	x15,x19,x29","a5,s3,t4",
800039cc,sltiu,a7:00000001,,e62cb893,,"sltiu	x17,x25,-414","a7,s9,-414",
800039d0,xori,s0:00000687,,68984413,,"xori	x8,x16,1673","s0,a6,1673",
800039d4,srai,s2:00000000,,41825913,,"srai	x18,x4,0x18","s2,tp,0x18",
800039d8,slt,s4:00000000,,0129aa33,,"slt	x20,x19,x18","s4,s3,s2",
800039e0,add,t6:00000000,,01b90fb3,,"add	x31,x18,x27","t6,s2,s11",
800039e4,sll,t2:00000000,,000913b3,,"sll	x7,x18,x0","t2,s2,zero",
800039e8,sltiu,ra:00000001,,7380b093,,"sltiu	x1,x1,1848","ra,ra,1848",
800039ec,slt,s5:00000000,,01deaab3,,"slt	x21,x29,x29","s5,t4,t4",
800039f0,srl,gp:00010003,,01cf51b3,,"srl	x3,x30,x28","gp,t5,t3",
800039f4,sltu,t4:00000000,,01463eb3,,"sltu	x29,x12,x20","t4,a2,s4",
800039f8,ori,a3:000005e6,,5e696693,,"ori	x13,x18,1510","a3,s2,1510",
80003a00,lui,a3:e22da000,,e22da6b7,,"lui	x13,0xe22da","a3,0xe22da",
80003a04,xor,a5:00000000,,017ac7b3,,"xor	x15,x21,x23","a5,s5,s7",
80003a08,slti,s11:00000000,,e2aead93,,"slti	x27,x29,-470","s11,t4,-470",
80003a0c,slt,s10:00000000,,0169ad33,,"slt	x26,x19,x22","s10,s3,s6",
80003a10,and,sp:00000000,,00d8f133,,"and	x2,x17,x13","sp,a7,a3",
80003a14,sltiu,t4:00000001,,1c313e93,,"sltiu	x29,x2,451","t4,sp,451",
80003a18,add,a1:0000000f,,013b05b3,,"add	x11,x22,x19","a1,s6,s3",
80003a1c,xor,a3:80018ce4,,000f46b3,,"xor	x13,x30,x0","a3,t5,zero",
80003a20,slti,tp:00000001,,8f96a213,,"slti	x4,x13,-1799","tp,a3,-1799",
80003a24,addi,s0:ffffffe0,,fd280413,,"addi	x8,x16,-46","s0,a6,-46",
80003a28,or,t2:00000000,,007fe3b3,,"or	x7,x31,x7","t2,t6,t2",
80003a2c,slt,a4:00000000,,01b92733,,"slt	x14,x18,x27","a4,s2,s11",
80003a30,slli,t2:80000000,,01f09393,,"slli	x7,x1,0x1f","t2,ra,0x1f",
80003a34,andi,a3:00000005,,fe59f693,,"andi	x13,x19,-27","a3,s3,-27",
80003a3c,slti,s10:00000000,,e53ead13,,"slti	x26,x29,-429","s10,t4,-429",
80003a40,slt,gp:00000001,,013821b3,,"slt	x3,x16,x19","gp,a6,s3",
80003a48,srai,s11:00000000,,402d5d93,,"srai	x27,x26,0x2","s11,s10,0x2",
80003a4c,sub,s0:ffffff7d,,419c0433,,"sub	x8,x24,x25","s0,s8,s9",
80003a50,xor,s2:0000000e,,0138c933,,"xor	x18,x17,x19","s2,a7,s3",
80003a54,and,a3:00000001,,0130f6b3,,"and	x13,x1,x19","a3,ra,s3",
80003a58,slti,a7:00000000,,b0512893,,"slti	x17,x2,-1275","a7,sp,-1275",
80003a5c,lui,s7:93755000,,93755bb7,,"lui	x23,0x93755","s7,0x93755",
80003a60,srai,tp:00000000,,41aad213,,"srai	x4,x21,0x1a","tp,s5,0x1a",
80003a64,ori,a1:0000027d,,27dee593,,"ori	x11,x29,637","a1,t4,637",
80003a68,sra,gp:00000001,,40c0d1b3,,"sra	x3,x1,x12","gp,ra,a2",
80003a6c,auipc,a3:40ddfa6c,,c0ddc697,,"auipc	x13,0xc0ddc","a3,0xc0ddc",
80003a70,slli,ra:00000080,,00709093,,"slli	x1,x1,0x7","ra,ra,0x7",
80003a74,xori,s2:00000688,,688ac913,,"xori	x18,x21,1672","s2,s5,1672",
80003a78,srli,s2:00000000,,003fd913,,"srli	x18,x31,0x3","s2,t6,0x3",
80003a7c,ori,s5:fffffd8c,,d8caea93,,"ori	x21,x21,-628","s5,s5,-628",
80003a80,sub,s6:00000000,,41288b33,,"sub	x22,x17,x18","s6,a7,s2",
80003a84,srai,s1:00000000,,41acd493,,"srai	x9,x25,0x1a","s1,s9,0x1a",
80003a88,srli,s4:03fffffd,,00645a13,,"srli	x20,x8,0x6","s4,s0,0x6",
80003a8c,ori,tp:80018dff,,19ff6213,,"ori	x4,x30,415","tp,t5,415",
80003a90,xor,a3:fffffd8c,,009ac6b3,,"xor	x13,x21,x9","a3,s5,s1",
80003a94,add,a5:93755000,,017707b3,,"add	x15,x14,x23","a5,a4,s7",
80003a98,ori,s4:03ffffff,,19fa6a13,,"ori	x20,x20,415","s4,s4,415",
80003a9c,xori,s10:6c8aaf14,,f147cd13,,"xori	x26,x15,-236","s10,a5,-236",
80003aa0,srli,t1:007ffffe,,0096d313,,"srli	x6,x13,0x9","t1,a3,0x9",
80003aa4,auipc,s10:ef571aa4,,6f56ed17,,"auipc	x26,0x6f56e","s10,0x6f56e",
80003aa8,lui,a3:f4b85000,,f4b856b7,,"lui	x13,0xf4b85","a3,0xf4b85",
80003aac,andi,a7:00000000,,b434f893,,"andi	x17,x9,-1213","a7,s1,-1213",
80003ab0,slti,ra:00000000,,92a4a093,,"slti	x1,x9,-1750","ra,s1,-1750",
80003ab4,ori,t3:8000016d,,16d3ee13,,"ori	x28,x7,365","t3,t2,365",
80003ab8,sra,s4:ffffffff,,414ada33,,"sra	x20,x21,x20","s4,s5,s4",
80003abc,sltu,s5:00000001,,00a33ab3,,"sltu	x21,x6,x10","s5,t1,a0",
80003ac0,slt,tp:00000001,,0012a233,,"slt	x4,x5,x1","tp,t0,ra",
80003ac4,srl,t6:ffffff7e,,016c5fb3,,"srl	x31,x24,x22","t6,s8,s6",
80003ac8,slti,s1:00000001,,7273a493,,"slti	x9,x7,1831","s1,t2,1831",
80003acc,sub,s5:00000000,,41ad0ab3,,"sub	x21,x26,x26","s5,s10,s10",
80003ad0,sll,ra:00000000,,01c910b3,,"sll	x1,x18,x28","ra,s2,t3",
80003ad4,and,a7:00000000,,00f278b3,,"and	x17,x4,x15","a7,tp,a5",
80003ad8,sll,s9:c6720000,,013f1cb3,,"sll	x25,x30,x19","s9,t5,s3",
80003adc,add,s5:9375500f,,013b8ab3,,"add	x21,x23,x19","s5,s7,s3",
80003ae0,addi,t0:0000019a,,19a90293,,"addi	x5,x18,410","t0,s2,410",
80003ae4,sltiu,a3:00000001,,c72ab693,,"sltiu	x13,x21,-910","a3,s5,-910",
80003ae8,or,s8:00000000,,00c96c33,,"or	x24,x18,x12","s8,s2,a2",
80003aec,slti,s5:00000000,,b3122a93,,"slti	x21,x4,-1231","s5,tp,-1231",
80003af0,or,s9:ffffffff,,001a6cb3,,"or	x25,x20,x1","s9,s4,ra",
80003af4,slli,s7:e3548000,,00dd1b93,,"slli	x23,x26,0xd","s7,s10,0xd",
80003af8,sub,gp:ffffff6f,,413f81b3,,"sub	x3,x31,x19","gp,t6,s3",
80003afc,addi,a4:fffffb8f,,b8fa8713,,"addi	x14,x21,-1137","a4,s5,-1137",
80003b00,ori,t0:fffffb27,,b266e293,,"ori	x5,x13,-1242","t0,a3,-1242",
80003b04,or,gp:807ffffe,,0063e1b3,,"or	x3,x7,x6","gp,t2,t1",
80003b08,addi,a1:807ffdc1,,dc318593,,"addi	x11,x3,-573","a1,gp,-573",
80003b0c,slli,s5:00000000,,01589a93,,"slli	x21,x17,0x15","s5,a7,0x15",
80003b10,xor,gp:8000016d,,00ce41b3,,"xor	x3,x28,x12","gp,t3,a2",
80003b14,sltu,t4:00000000,,00dcbeb3,,"sltu	x29,x25,x13","t4,s9,a3",
80003b18,slti,s8:00000000,,a1122c13,,"slti	x24,x4,-1519","s8,tp,-1519",
80003b1c,andi,t1:00000000,,3486f313,,"andi	x6,x13,840","t1,a3,840",
80003b20,xor,t3:8000016d,,00394e33,,"xor	x28,x18,x3","t3,s2,gp",
80003b24,sra,a1:fffffff7,,40afd5b3,,"sra	x11,x31,x10","a1,t6,a0",
80003b28,slti,s5:00000000,,eb24aa93,,"slti	x21,x9,-334","s5,s1,-334",
80003b2c,auipc,s8:2eb10b2c,,aeb0dc17,,"auipc	x24,0xaeb0d","s8,0xaeb0d",
80003b30,xor,s2:fffffff7,,00bac933,,"xor	x18,x21,x11","s2,s5,a1",
80003b38,auipc,a5:5afa6b38,,dafa3797,,"auipc	x15,0xdafa3","a5,0xdafa3",
80003b3c,sub,tp:ffffff7d,,41540233,,"sub	x4,x8,x21","tp,s0,s5",
80003b40,addi,t0:80018b2d,,e49f0293,,"addi	x5,x30,-439","t0,t5,-439",
80003b44,sltu,s9:00000000,,01ffbcb3,,"sltu	x25,x31,x31","s9,t6,t6",
80003b48,srl,s2:00000000,,003cd933,,"srl	x18,x25,x3","s2,s9,gp",
80003b4c,auipc,a2:1e2bbb4c,,9e2b8617,,"auipc	x12,0x9e2b8","a2,0x9e2b8",
80003b50,srl,t2:80000000,,0153d3b3,,"srl	x7,x7,x21","t2,t2,s5",
80003b54,sll,s8:ffb8f000,,01871c33,,"sll	x24,x14,x24","s8,a4,s8",
80003b58,xori,s7:1cab7f07,,f07bcb93,,"xori	x23,x23,-249","s7,s7,-249",
80003b5c,addi,s2:fffffdfe,,dfd68913,,"addi	x18,x13,-515","s2,a3,-515",
80003b60,and,tp:00000001,,00b4f233,,"and	x4,x9,x11","tp,s1,a1",
80003b68,srl,t2:00000000,,01f9d3b3,,"srl	x7,x19,x31","t2,s3,t6",
80003b6c,sub,s10:fffffff2,,41008d33,,"sub	x26,x1,x16","s10,ra,a6",
80003b70,ori,sp:0000074e,,74ede113,,"ori	x2,x27,1870","sp,s11,1870",
80003b74,addi,tp:80000665,,4f818213,,"addi	x4,x3,1272","tp,gp,1272",
80003b78,add,a2:0003165a,,00528633,,"add	x12,x5,x5","a2,t0,t0",
80003b7c,sra,ra:00000000,,41e0d0b3,,"sra	x1,x1,x30","ra,ra,t5",
80003b80,srl,s9:40000332,,00925cb3,,"srl	x25,x4,x9","s9,tp,s1",
80003b84,sltu,s5:00000000,,002a3ab3,,"sltu	x21,x20,x2","s5,s4,sp",
80003b88,sltiu,a6:00000001,,65483813,,"sltiu	x16,x16,1620","a6,a6,1620",
80003b8c,slt,t3:00000001,,01a72e33,,"slt	x28,x14,x26","t3,a4,s10",
80003b90,add,s8:ffb8f001,,01868c33,,"add	x24,x13,x24","s8,a3,s8",
80003b94,add,s1:fffffefc,,01ff84b3,,"add	x9,x31,x31","s1,t6,t6",
80003b98,slli,gp:00000002,,001e1193,,"slli	x3,x28,0x1","gp,t3,0x1",
80003ba0,or,a5:5afa6b38,,0077e7b3,,"or	x15,x15,x7","a5,a5,t2",
80003ba8,sra,a4:00000000,,41405733,,"sra	x14,x0,x20","a4,zero,s4",
80003bb0,slti,a4:00000000,,f6402713,,"slti	x14,x0,-156","a4,zero,-156",
80003bb4,sll,a3:00000cc8,,003c96b3,,"sll	x13,x25,x3","a3,s9,gp",
80003bb8,and,s0:00000000,,01d57433,,"and	x8,x10,x29","s0,a0,t4",
80003bbc,sltu,s9:00000001,,01883cb3,,"sltu	x25,x16,x24","s9,a6,s8",
80003bc0,srl,sp:ffffffff,,01ba5133,,"srl	x2,x20,x27","sp,s4,s11",
80003bc4,add,s2:00000cc8,,00da8933,,"add	x18,x21,x13","s2,s5,a3",
80003bc8,slli,t6:ffffffe4,,001d1f93,,"slli	x31,x26,0x1","t6,s10,0x1",
80003bcc,sll,s8:ffffffe4,,01df9c33,,"sll	x24,x31,x29","s8,t6,t4",
80003bd8,slt,s4:00000000,,007e2a33,,"slt	x20,x28,x7","s4,t3,t2",
80003bdc,auipc,s9:74c19bdc,,f4c16c97,,"auipc	x25,0xf4c16","s9,0xf4c16",
80003be0,addi,s2:fffffa99,,ab5f8913,,"addi	x18,x31,-1355","s2,t6,-1355",
80003be8,srl,a6:00010000,,01325833,,"srl	x16,x4,x19","a6,tp,s3",
80003bec,addi,s6:5afa6cf4,,1bc78b13,,"addi	x22,x15,444","s6,a5,444",
80003bf0,slli,a1:ffbf0000,,00e49593,,"slli	x11,x9,0xe","a1,s1,0xe",
80003bf4,sll,a3:ffffffe4,,007c16b3,,"sll	x13,x24,x7","a3,s8,t2",
80003bf8,and,tp:00000000,,00177233,,"and	x4,x14,x1","tp,a4,ra",
80003c00,lui,t1:d8292000,,d8292337,,"lui	x6,0xd8292","t1,0xd8292",
80003c04,sll,t3:00010000,,01d81e33,,"sll	x28,x16,x29","t3,a6,t4",
80003c08,xor,gp:80014e64,,00a741b3,,"xor	x3,x14,x10","gp,a4,a0",
80003c0c,sub,s10:00000000,,41b00d33,,"sub	x26,x0,x27","s10,zero,s11",
80003c10,srl,t0:00000800,,016f52b3,,"srl	x5,x30,x22","t0,t5,s6",
80003c14,sra,t1:00000000,,40d05333,,"sra	x6,x0,x13","t1,zero,a3",
80003c18,sltiu,a4:00000001,,972cb713,,"sltiu	x14,x25,-1678","a4,s9,-1678",
80003c1c,slti,s6:00000001,,23652b13,,"slti	x22,x10,566","s6,a0,566",
80003c20,srli,t0:00000000,,00b35293,,"srli	x5,x6,0xb","t0,t1,0xb",
80003c24,sra,sp:ffffff80,,40ff5133,,"sra	x2,x30,x15","sp,t5,a5",
80003c28,ori,a1:ffffffef,,d8fc6593,,"ori	x11,x24,-625","a1,s8,-625",
80003c30,srai,ra:00000000,,41285093,,"srai	x1,x16,0x12","ra,a6,0x12",
80003c34,lui,s7:ae888000,,ae888bb7,,"lui	x23,0xae888","s7,0xae888",
80003c38,xor,t1:80014e65,,00374333,,"xor	x6,x14,x3","t1,a4,gp",
80003c3c,sra,t2:fffffefc,,4084d3b3,,"sra	x7,x9,x8","t2,s1,s0",
80003c40,srli,s7:07fffff7,,0053db93,,"srli	x23,x7,0x5","s7,t2,0x5",
80003c44,slli,s5:00001000,,00cb1a93,,"slli	x21,x22,0xc","s5,s6,0xc",
80003c48,srai,s5:00000000,,40a25a93,,"srai	x21,x4,0xa","s5,tp,0xa",
80003c4c,xor,a6:80014e64,,003ac833,,"xor	x16,x21,x3","a6,s5,gp",
80003c50,sra,tp:80014e64,,41185233,,"sra	x4,x16,x17","tp,a6,a7",
80003c54,slli,s5:40000000,,01eb1a93,,"slli	x21,x22,0x1e","s5,s6,0x1e",
80003c58,lui,t2:e7524000,,e75243b7,,"lui	x7,0xe7524","t2,0xe7524",
80003c5c,xor,t4:00000000,,01aa4eb3,,"xor	x29,x20,x26","t4,s4,s10",
80003c60,sll,s6:c8000000,,01281b33,,"sll	x22,x16,x18","s6,a6,s2",
80003c64,srai,s2:00000000,,40c9d913,,"srai	x18,x19,0xc","s2,s3,0xc",
80003c68,sltu,s2:00000001,,00473933,,"sltu	x18,x14,x4","s2,a4,tp",
80003c6c,lui,s2:89a6b000,,89a6b937,,"lui	x18,0x89a6b","s2,0x89a6b",
80003c70,sub,s10:ffffc181,,41e30d33,,"sub	x26,x6,x30","s10,t1,t5",
80003c74,xori,s10:ffffffee,,fee2cd13,,"xori	x26,x5,-18","s10,t0,-18",
80003c78,or,a3:5afa6b38,,00fde6b3,,"or	x13,x27,x15","a3,s11,a5",
80003c7c,sra,t0:00000000,,41c8d2b3,,"sra	x5,x17,x28","t0,a7,t3",
80003c80,addi,a6:00000210,,20f70813,,"addi	x16,x14,527","a6,a4,527",
80003c84,and,gp:00000000,,011571b3,,"and	x3,x10,x17","gp,a0,a7",
80003c88,sub,s5:e7524104,,40938ab3,,"sub	x21,x7,x9","s5,t2,s1",
80003c8c,lui,s9:3d89c000,,3d89ccb7,,"lui	x25,0x3d89c","s9,0x3d89c",
80003c90,sub,s5:0000001c,,41818ab3,,"sub	x21,x3,x24","s5,gp,s8",
80003c94,add,s8:5afd8192,,00c68c33,,"add	x24,x13,x12","s8,a3,a2",
80003c98,slli,tp:ffffffc8,,001f9213,,"slli	x4,x31,0x1","tp,t6,0x1",
80003c9c,ori,t3:ffffffcd,,98d26e13,,"ori	x28,x4,-1651","t3,tp,-1651",
80003ca0,srl,s0:3d89c000,,014cd433,,"srl	x8,x25,x20","s0,s9,s4",
80003ca8,xor,s10:ffffffef,,00b2cd33,,"xor	x26,x5,x11","s10,t0,a1",
80003cac,sub,a2:52fd819b,,417c0633,,"sub	x12,x24,x23","a2,s8,s7",
80003cb0,slli,tp:00000000,,00ca1213,,"slli	x4,x20,0xc","tp,s4,0xc",
80003cb4,sltiu,a6:00000001,,b6053813,,"sltiu	x16,x10,-1184","a6,a0,-1184",
80003cb8,sltu,s8:00000001,,00bcbc33,,"sltu	x24,x25,x11","s8,s9,a1",
80003cbc,sll,s6:00000000,,01101b33,,"sll	x22,x0,x17","s6,zero,a7",
80003cc0,andi,s1:00000000,,227a7493,,"andi	x9,x20,551","s1,s4,551",
80003cc4,sll,gp:ffffffef,,019591b3,,"sll	x3,x11,x25","gp,a1,s9",
80003cc8,or,s7:00000001,,00e26bb3,,"or	x23,x4,x14","s7,tp,a4",
80003ccc,add,tp:00000001,,010a0233,,"add	x4,x20,x16","tp,s4,a6",
80003cd0,srli,t1:0000000e,,001ad313,,"srli	x6,x21,0x1","t1,s5,0x1",
80003cd4,sltiu,t0:00000000,,748f3293,,"sltiu	x5,x30,1864","t0,t5,1864",
80003cd8,sltu,t1:00000001,,01aa3333,,"sltu	x6,x20,x26","t1,s4,s10",
80003cdc,slt,a4:00000000,,0139a733,,"slt	x14,x19,x19","a4,s3,s3",
80003ce0,lui,s8:dbac7000,,dbac7c37,,"lui	x24,0xdbac7","s8,0xdbac7",
80003ce4,auipc,s6:b3d39ce4,,33d36b17,,"auipc	x22,0x33d36","s6,0x33d36",
80003ce8,sll,a6:00008000,,00321833,,"sll	x16,x4,x3","a6,tp,gp",
80003cec,auipc,s1:78d0fcec,,f8d0c497,,"auipc	x9,0xf8d0c","s1,0xf8d0c",
80003cf0,sll,s6:00000000,,00ce9b33,,"sll	x22,x29,x12","s6,t4,a2",
80003cf4,slti,ra:00000001,,323da093,,"slti	x1,x27,803","ra,s11,803",
80003cf8,srli,a5:00000000,,019dd793,,"srli	x15,x27,0x19","a5,s11,0x19",
80003cfc,sll,s9:3d89c000,,010c9cb3,,"sll	x25,x25,x16","s9,s9,a6",
80003d00,add,s6:5afa6b39,,00468b33,,"add	x22,x13,x4","s6,a3,tp",
80003d04,ori,s11:0000027e,,27eaed93,,"ori	x27,x21,638","s11,s5,638",
80003d08,slti,t4:00000001,,573aae93,,"slti	x29,x21,1395","t4,s5,1395",
80003d0c,srl,t2:00000000,,0128d3b3,,"srl	x7,x17,x18","t2,a7,s2",
80003d14,auipc,ra:272a7d14,,a72a4097,,"auipc	x1,0xa72a4","ra,0xa72a4",
80003d18,sub,gp:00000080,,402381b3,,"sub	x3,x7,x2","gp,t2,sp",
80003d1c,add,t1:78d0fcec,,009a0333,,"add	x6,x20,x9","t1,s4,s1",
80003d20,xori,s11:fffffc36,,3d9d4d93,,"xori	x27,x26,985","s11,s10,985",
80003d24,slli,a3:e4000000,,018f1693,,"slli	x13,x30,0x18","a3,t5,0x18",
80003d28,sltu,ra:00000001,,01d8b0b3,,"sltu	x1,x17,x29","ra,a7,t4",
80003d2c,andi,a7:00000000,,3ac77893,,"andi	x17,x14,940","a7,a4,940",
80003d30,ori,s8:fffffa7f,,a7f76c13,,"ori	x24,x14,-1409","s8,a4,-1409",
80003d34,and,a1:00000000,,0113f5b3,,"and	x11,x7,x17","a1,t2,a7",
80003d38,or,tp:ffffffcd,,01ce6233,,"or	x4,x28,x28","tp,t3,t3",
80003d3c,addi,t3:000002a4,,2a438e13,,"addi	x28,x7,676","t3,t2,676",
80003d40,slti,a3:00000001,,151fa693,,"slti	x13,x31,337","a3,t6,337",
80003d44,or,s11:00000001,,01d6edb3,,"or	x27,x13,x29","s11,a3,t4",
80003d48,andi,s1:3d89c000,,d02cf493,,"andi	x9,x25,-766","s1,s9,-766",
80003d4c,sltu,s2:00000000,,00b13933,,"sltu	x18,x2,x11","s2,sp,a1",
80003d50,slt,a5:00000000,,005ba7b3,,"slt	x15,x23,x5","a5,s7,t0",
80003d54,sra,t1:ffffffff,,418f5333,,"sra	x6,x30,x24","t1,t5,s8",
80003d58,add,a4:00000001,,011e8733,,"add	x14,x29,x17","a4,t4,a7",
80003d5c,srl,t6:52fd819b,,00765fb3,,"srl	x31,x12,x7","t6,a2,t2",
80003d60,srl,s2:00000000,,0133d933,,"srl	x18,x7,x19","s2,t2,s3",
80003d64,srli,s7:007fffff,,009d5b93,,"srli	x23,x26,0x9","s7,s10,0x9",
80003d68,slli,s9:00000000,,01879c93,,"slli	x25,x15,0x18","s9,a5,0x18",
80003d6c,srai,s2:297ec0cd,,401fd913,,"srai	x18,x31,0x1","s2,t6,0x1",
80003d70,srli,a2:001fffff,,00b15613,,"srli	x12,x2,0xb","a2,sp,0xb",
80003d74,slt,t1:00000000,,00f42333,,"slt	x6,x8,x15","t1,s0,a5",
80003d78,auipc,a6:4d20cd78,,cd209817,,"auipc	x16,0xcd209","a6,0xcd209",
80003d7c,srl,tp:0001ec4e,,0044d233,,"srl	x4,x9,x4","tp,s1,tp",
80003d80,srl,sp:00000000,,00c6d133,,"srl	x2,x13,x12","sp,a3,a2",
80003d84,andi,s5:00000663,,673d7a93,,"andi	x21,x26,1651","s5,s10,1651",
80003d88,srli,s4:00000000,,0111da13,,"srli	x20,x3,0x11","s4,gp,0x11",
80003d8c,srl,sp:00000007,,00d9d133,,"srl	x2,x19,x13","sp,s3,a3",
80003d90,srl,ra:7ffffd3f,,00dc50b3,,"srl	x1,x24,x13","ra,s8,a3",
80003d94,sub,a5:52fd81ac,,41af87b3,,"sub	x15,x31,x26","a5,t6,s10",
80003d98,xori,s8:00000061,,0615cc13,,"xori	x24,x11,97","s8,a1,97",
80003d9c,xori,t1:7ffe75e8,,90cf4313,,"xori	x6,x30,-1780","t1,t5,-1780",
80003da0,or,a2:5affebbb,,016fe633,,"or	x12,x31,x22","a2,t6,s6",
80003da4,sll,s11:000f6270,,01521db3,,"sll	x27,x4,x21","s11,tp,s5",
80003dac,srl,s8:00000001,,001f5c33,,"srl	x24,x30,x1","s8,t5,ra",
80003db0,ori,s9:3d89c55a,,55a46c93,,"ori	x25,x8,1370","s9,s0,1370",
80003db4,sltu,s2:00000001,,00ffb933,,"sltu	x18,x31,x15","s2,t6,a5",
80003db8,add,a6:0001ec3d,,004d0833,,"add	x16,x26,x4","a6,s10,tp",
80003dbc,or,t2:ffffff7f,,00a0e3b3,,"or	x7,x1,x10","t2,ra,a0",
80003dc0,slli,a5:00000000,,00b89793,,"slli	x15,x17,0xb","a5,a7,0xb",
80003dc4,sra,s4:00000000,,41e75a33,,"sra	x20,x14,x30","s4,a4,t5",
80003dc8,xori,a5:007ff9de,,621bc793,,"xori	x15,x23,1569","a5,s7,1569",
80003dd0,andi,s1:000001c1,,1d1d7493,,"andi	x9,x26,465","s1,s10,465",
80003dd8,xori,a5:a5001450,,feb64793,,"xori	x15,x12,-21","a5,a2,-21",
80003ddc,addi,a6:007ff911,,912b8813,,"addi	x16,x23,-1774","a6,s7,-1774",
80003de0,srli,s7:00000000,,0149db93,,"srli	x23,x19,0x14","s7,s3,0x14",
80003de4,sltu,gp:00000001,,007bb1b3,,"sltu	x3,x23,x7","gp,s7,t2",
80003de8,sll,a7:d7760000,,010618b3,,"sll	x17,x12,x16","a7,a2,a6",
80003dec,sltu,t2:00000001,,0166b3b3,,"sltu	x7,x13,x22","t2,a3,s6",
80003df0,sltu,t4:00000001,,01693eb3,,"sltu	x29,x18,x22","t4,s2,s6",
80003df4,sll,s7:f5dd8000,,01a61bb3,,"sll	x23,x12,x26","s7,a2,s10",
80003df8,ori,s10:000007b3,,7b306d13,,"ori	x26,x0,1971","s10,zero,1971",
80003dfc,andi,sp:00000001,,91797113,,"andi	x2,x18,-1769","sp,s2,-1769",
80003e00,xor,t6:80018ce5,,018f4fb3,,"xor	x31,x30,x24","t6,t5,s8",
80003e04,or,s7:0000000f,,0135ebb3,,"or	x23,x11,x19","s7,a1,s3",
80003e08,slti,s6:00000000,,6a222b13,,"slti	x22,x4,1698","s6,tp,1698",
80003e0c,ori,t6:ffffff2f,,f229ef93,,"ori	x31,x19,-222","t6,s3,-222",
80003e10,xor,ra:80014e65,,00a140b3,,"xor	x1,x2,x10","ra,sp,a0",
80003e14,sll,s4:00000000,,00401a33,,"sll	x20,x0,x4","s4,zero,tp",
80003e18,sltu,t0:00000001,,01b4b2b3,,"sltu	x5,x9,x27","t0,s1,s11",
80003e1c,auipc,s4:d4209e1c,,54206a17,,"auipc	x20,0x54206","s4,0x54206",
80003e24,slti,s2:00000000,,982c2913,,"slti	x18,x24,-1662","s2,s8,-1662",
80003e28,slt,a5:00000001,,008ea7b3,,"slt	x15,x29,x8","a5,t4,s0",
80003e2c,srli,s6:00000000,,01f1db13,,"srli	x22,x3,0x1f","s6,gp,0x1f",
80003e30,or,a3:000f627f,,017de6b3,,"or	x13,x27,x23","a3,s11,s7",
80003e34,sll,a2:00000548,,005e1633,,"sll	x12,x28,x5","a2,t3,t0",
80003e3c,sub,t3:007ff910,,41d80e33,,"sub	x28,x16,x29","t3,a6,t4",
80003e40,slli,sp:00080000,,01311113,,"slli	x2,x2,0x13","sp,sp,0x13",
80003e44,sub,s7:fff09d91,,41b38bb3,,"sub	x23,x7,x27","s7,t2,s11",
80003e48,xor,s9:000001c0,,0054ccb3,,"xor	x25,x9,x5","s9,s1,t0",
80003e4c,sltu,a1:00000001,,0083b5b3,,"sltu	x11,x7,x8","a1,t2,s0",
80003e5c,addi,gp:00000034,,03378193,,"addi	x3,x15,51","gp,a5,51",
80003e64,add,t4:0001ec4f,,00438eb3,,"add	x29,x7,x4","t4,t2,tp",
80003e68,lui,s11:71689000,,71689db7,,"lui	x27,0x71689","s11,0x71689",
80003e6c,sub,s9:fffff84d,,41a00cb3,,"sub	x25,x0,x26","s9,zero,s10",
80003e70,lui,tp:8247c000,,8247c237,,"lui	x4,0x8247c","tp,0x8247c",
80003e74,sltu,t3:00000000,,000bbe33,,"sltu	x28,x23,x0","t3,s7,zero",
80003e78,sra,s9:d4209e1c,,41ba5cb3,,"sra	x25,x20,x27","s9,s4,s11",
80003e7c,srl,t4:000007b3,,01cd5eb3,,"srl	x29,x26,x28","t4,s10,t3",
80003e80,add,a4:48de9000,,011d8733,,"add	x14,x27,x17","a4,s11,a7",
80003e84,sltiu,s4:00000000,,5d573a13,,"sltiu	x20,x14,1493","s4,a4,1493",
80003e88,xor,s0:80014e64,,001c4433,,"xor	x8,x24,x1","s0,s8,ra",
80003e8c,sltiu,sp:00000000,,18243113,,"sltiu	x2,x8,386","sp,s0,386",
80003e90,lui,tp:39eb7000,,39eb7237,,"lui	x4,0x39eb7","tp,0x39eb7",
80003e94,and,s1:00000010,,003874b3,,"and	x9,x16,x3","s1,a6,gp",
80003e98,slt,s1:00000000,,014da4b3,,"slt	x9,x27,x20","s1,s11,s4",
80003e9c,slt,t3:00000001,,00142e33,,"slt	x28,x8,x1","t3,s0,ra",
80003ea0,slt,a6:00000001,,018ba833,,"slt	x16,x23,x24","a6,s7,s8",
80003ea4,srli,sp:003fff3a,,00935113,,"srli	x2,x6,0x9","sp,t1,0x9",
80003ea8,xori,t1:00000402,,402a4313,,"xori	x6,x20,1026","t1,s4,1026",
80003eac,xor,a6:71689034,,003dc833,,"xor	x16,x27,x3","a6,s11,gp",
80003eb4,srli,t0:00000000,,00295293,,"srli	x5,x18,0x2","t0,s2,0x2",
80003eb8,slt,s1:00000000,,019724b3,,"slt	x9,x14,x25","s1,a4,s9",
80003ebc,srl,a1:71689034,,011855b3,,"srl	x11,x16,x17","a1,a6,a7",
80003ec4,lui,s5:14ff8000,,14ff8ab7,,"lui	x21,0x14ff8","s5,0x14ff8",
80003ec8,sltu,sp:00000001,,00bdb133,,"sltu	x2,x27,x11","sp,s11,a1",
80003ecc,andi,s4:39eb7000,,ecd27a13,,"andi	x20,x4,-307","s4,tp,-307",
80003ed0,addi,gp:fffff859,,85948193,,"addi	x3,x9,-1959","gp,s1,-1959",
80003ed4,sltu,t1:00000000,,01443333,,"sltu	x6,x8,x20","t1,s0,s4",
80003ed8,srli,s11:0001ec4f,,0036dd93,,"srli	x27,x13,0x3","s11,a3,0x3",
80003edc,lui,ra:1ade2000,,1ade20b7,,"lui	x1,0x1ade2","ra,0x1ade2",
80003ee4,lui,t1:c24a1000,,c24a1337,,"lui	x6,0xc24a1","t1,0xc24a1",
80003ee8,srl,s10:0000000f,,0019dd33,,"srl	x26,x19,x1","s10,s3,ra",
80003eec,ori,gp:000006df,,6ddd6193,,"ori	x3,x26,1757","gp,s10,1757",
80003ef0,addi,s6:00000031,,03100b13,,"addi	x22,x0,49","s6,zero,49",
80003ef4,srai,s9:00000000,,4176dc93,,"srai	x25,x13,0x17","s9,a3,0x17",
80003ef8,xor,a5:14ff8000,,015947b3,,"xor	x15,x18,x21","a5,s2,s5",
80003f00,srai,a3:001237a4,,40a75693,,"srai	x13,x14,0xa","a3,a4,0xa",
80003f04,sltiu,a3:00000001,,58b4b693,,"sltiu	x13,x9,1419","a3,s1,1419",
80003f08,sll,s6:00008000,,01f39b33,,"sll	x22,x7,x31","s6,t2,t6",
80003f0c,xor,s7:1ade200f,,01a0cbb3,,"xor	x23,x1,x26","s7,ra,s10",
80003f10,addi,a3:8001549e,,63a40693,,"addi	x13,x8,1594","a3,s0,1594",
80003f14,sra,s2:0000073d,,41da5933,,"sra	x18,x20,x29","s2,s4,t4",
80003f18,and,a3:80010c64,,01e476b3,,"and	x13,x8,x30","a3,s0,t5",
80003f1c,andi,t4:00000102,,112ffe93,,"andi	x29,x31,274","t4,t6,274",
80003f20,xor,t0:ffffff2f,,005fc2b3,,"xor	x5,x31,x5","t0,t6,t0",
80003f24,srl,t0:0000039e,,007952b3,,"srl	x5,x18,x7","t0,s2,t2",
80003f28,slli,s6:00000000,,01b71b13,,"slli	x22,x14,0x1b","s6,a4,0x1b",
80003f2c,srl,t3:0000073d,,00995e33,,"srl	x28,x18,x9","t3,s2,s1",
80003f30,srl,s5:00000001,,01225ab3,,"srl	x21,x4,x18","s5,tp,s2",
80003f34,ori,a7:fffffe9a,,e9a7e893,,"ori	x17,x15,-358","a7,a5,-358",
80003f38,sub,a1:80018605,,403f05b3,,"sub	x11,x30,x3","a1,t5,gp",
80003f3c,sll,s5:00000000,,01749ab3,,"sll	x21,x9,x23","s5,s1,s7",
80003f40,srl,s10:80014e64,,00045d33,,"srl	x26,x8,x0","s10,s0,zero",
80003f44,sub,t2:7ffeb19c,,41ac83b3,,"sub	x7,x25,x26","t2,s9,s10",
80003f48,slli,a3:68903400,,00881693,,"slli	x13,x16,0x8","a3,a6,0x8",
80003f4c,sub,s7:80014e64,,41550bb3,,"sub	x23,x10,x21","s7,a0,s5",
80003f50,sltu,a3:00000000,,01bf36b3,,"sltu	x13,x30,x27","a3,t5,s11",
80003f54,lui,t4:f0ba9000,,f0ba9eb7,,"lui	x29,0xf0ba9","t4,0xf0ba9",
80003f58,auipc,a1:d2005f58,,52002597,,"auipc	x11,0x52002","a1,0x52002",
80003f5c,addi,s1:fffffab3,,ab3b0493,,"addi	x9,x22,-1357","s1,s6,-1357",
80003f60,slli,ra:00000000,,008a9093,,"slli	x1,x21,0x8","ra,s5,0x8",
80003f64,xori,s8:fffffa5b,,a5bccc13,,"xori	x24,x25,-1445","s8,s9,-1445",
80003f68,srli,a7:00000800,,014f5893,,"srli	x17,x30,0x14","a7,t5,0x14",
80003f6c,sub,s5:48de95a5,,41870ab3,,"sub	x21,x14,x24","s5,a4,s8",
80003f70,lui,t4:2c31e000,,2c31eeb7,,"lui	x29,0x2c31e","t4,0x2c31e",
80003f74,ori,a7:80018efc,,21cf6893,,"ori	x17,x30,540","a7,t5,540",
80003f78,slli,gp:ffe96c00,,00ac1193,,"slli	x3,x24,0xa","gp,s8,0xa",
80003f7c,slti,s6:00000000,,fa16ab13,,"slti	x22,x13,-95","s6,a3,-95",
80003f80,xori,s7:ffffff36,,56dc4b93,,"xori	x23,x24,1389","s7,s8,1389",
80003f88,sltiu,t3:00000000,,1f3c3e13,,"sltiu	x28,x24,499","t3,s8,499",
80003f8c,sltu,t4:00000000,,0166beb3,,"sltu	x29,x13,x22","t4,a3,s6",
80003f90,sltu,ra:00000001,,018ab0b3,,"sltu	x1,x21,x24","ra,s5,s8",
80003f94,slt,a3:00000001,,015da6b3,,"slt	x13,x27,x21","a3,s11,s5",
80003f98,xori,a4:7ffeb5f0,,b9444713,,"xori	x14,x8,-1132","a4,s0,-1132",
80003f9c,srai,a5:00000000,,416b5793,,"srai	x15,x22,0x16","a5,s6,0x16",
80003fa0,ori,a1:00000170,,170ee593,,"ori	x11,x29,368","a1,t4,368",
80003fa4,xor,t6:0000000f,,013b4fb3,,"xor	x31,x22,x19","t6,s6,s3",
80003fa8,ori,s2:fffffbfb,,3fb4e913,,"ori	x18,x9,1019","s2,s1,1019",
80003fb0,add,s4:00029cc8,,00a40a33,,"add	x20,x8,x10","s4,s0,a0",
80003fb8,sltiu,a2:00000000,,3e0a3613,,"sltiu	x12,x20,992","a2,s4,992",
80003fbc,slt,s2:00000001,,01012933,,"slt	x18,x2,x16","s2,sp,a6",
80003fc0,srl,ra:00000000,,0185d0b3,,"srl	x1,x11,x24","ra,a1,s8",
80003fc4,auipc,sp:0e3cdfc4,,8e3ca117,,"auipc	x2,0x8e3ca","sp,0x8e3ca",
80003fc8,slt,s0:00000000,,0062a433,,"slt	x8,x5,x6","s0,t0,t1",
80003fcc,sll,s0:00000000,,01761433,,"sll	x8,x12,x23","s0,a2,s7",
80003fd0,sub,s8:39eb7000,,40c20c33,,"sub	x24,x4,x12","s8,tp,a2",
80003fd4,sra,t3:38b4481a,,40d85e33,,"sra	x28,x16,x13","t3,a6,a3",
80003fd8,srai,s0:0001ec4f,,400dd413,,"srai	x8,x27,0x0","s0,s11,0x0",
80003fdc,sra,a4:00000000,,40165733,,"sra	x14,x12,x1","a4,a2,ra",
80003fe0,slti,s11:00000001,,584ead93,,"slti	x27,x29,1412","s11,t4,1412",
80003fe4,slli,a7:00100000,,01491893,,"slli	x17,x18,0x14","a7,s2,0x14",
80003fe8,ori,s1:39eb75f7,,5f7c6493,,"ori	x9,x24,1527","s1,s8,1527",
80003fec,sltu,t1:00000001,,01173333,,"sltu	x6,x14,x17","t1,a4,a7",
80003ff8,auipc,s5:dab33ff8,,5ab30a97,,"auipc	x21,0x5ab30","s5,0x5ab30",
80003ffc,lui,s7:52a43000,,52a43bb7,,"lui	x23,0x52a43","s7,0x52a43",
80004000,sra,s10:80014e64,,40ed5d33,,"sra	x26,x26,x14","s10,s10,a4",
80004008,and,s8:00000000,,01dc7c33,,"and	x24,x24,x29","s8,s8,t4",
8000400c,or,s8:39eb75ff,,0099ec33,,"or	x24,x19,x9","s8,s3,s1",
80004014,lui,a3:eb155000,,eb1556b7,,"lui	x13,0xeb155","a3,0xeb155",
80004018,ori,tp:fffff81f,,8149e213,,"ori	x4,x19,-2028","tp,s3,-2028",
8000401c,auipc,s0:077f201c,,877ee417,,"auipc	x8,0x877ee","s0,0x877ee",
80004020,sub,a5:14eab39e,,40d287b3,,"sub	x15,x5,x13","a5,t0,a3",
80004024,lui,s2:692d8000,,692d8937,,"lui	x18,0x692d8","s2,0x692d8",
80004028,sub,a5:8e976fcd,,410307b3,,"sub	x15,x6,x16","a5,t1,a6",
8000402c,srl,t3:00000dab,,010ade33,,"srl	x28,x21,x16","t3,s5,a6",
80004034,andi,a4:0000000e,,bde9f713,,"andi	x14,x19,-1058","a4,s3,-1058",
80004038,andi,s6:00000014,,01d87b13,,"andi	x22,x16,29","s6,a6,29",
8000403c,srai,tp:0000001f,,41a3d213,,"srai	x4,x7,0x1a","tp,t2,0x1a",
80004040,srli,s10:00000000,,00bcdd13,,"srli	x26,x25,0xb","s10,s9,0xb",
80004044,sltiu,ra:00000000,,1bcbb093,,"sltiu	x1,x23,444","ra,s7,444",
80004048,srli,a7:00000000,,00f35893,,"srli	x17,x6,0xf","a7,t1,0xf",
80004050,lui,tp:5c39d000,,5c39d237,,"lui	x4,0x5c39d","tp,0x5c39d",
80004054,xor,s2:00000da5,,01c74933,,"xor	x18,x14,x28","s2,a4,t3",
80004060,sll,s10:00000000,,01859d33,,"sll	x26,x11,x24","s10,a1,s8",
80004064,xor,s4:71689034,,00184a33,,"xor	x20,x16,x1","s4,a6,ra",
80004068,ori,a4:00000488,,488d6713,,"ori	x14,x26,1160","a4,s10,1160",
8000406c,sll,s2:7ffeb19c,,00339933,,"sll	x18,x7,x3","s2,t2,gp",
80004070,sra,t0:000039eb,,40b4d2b3,,"sra	x5,x9,x11","t0,s1,a1",
80004074,sub,sp:0e962168,,41438133,,"sub	x2,x7,x20","sp,t2,s4",
80004078,xori,t4:001692ae,,eae1ce93,,"xori	x29,x3,-338","t4,gp,-338",
8000407c,ori,t2:fffff99d,,98546393,,"ori	x7,x8,-1659","t2,s0,-1659",
80004080,sub,s0:ffffffed,,416d8433,,"sub	x8,x27,x22","s0,s11,s6",
80004084,or,s7:5c39d000,,01926bb3,,"or	x23,x4,x25","s7,tp,s9",
80004088,xor,t2:39eb75f7,,009043b3,,"xor	x7,x0,x9","t2,zero,s1",
8000408c,sltiu,t3:00000001,,82f3be13,,"sltiu	x28,x7,-2001","t3,t2,-2001",
80004090,sltiu,t4:00000001,,41533e93,,"sltiu	x29,x6,1045","t4,t1,1045",
80004094,sltiu,s11:00000001,,9debbd93,,"sltiu	x27,x23,-1570","s11,s7,-1570",
80004098,sltu,gp:00000001,,00d531b3,,"sltu	x3,x10,x13","gp,a0,a3",
8000409c,srl,s7:00000000,,009edbb3,,"srl	x23,x29,x9","s7,t4,s1",
800040a0,sltiu,gp:00000001,,a20eb193,,"sltiu	x3,x29,-1504","gp,t4,-1504",
800040a4,and,s7:00000008,,0029fbb3,,"and	x23,x19,x2","s7,s3,sp",
800040a8,and,s4:00000000,,014d7a33,,"and	x20,x26,x20","s4,s10,s4",
800040ac,srl,sp:71689034,,01485133,,"srl	x2,x16,x20","sp,a6,s4",
800040b0,slt,t6:00000001,,018cafb3,,"slt	x31,x25,x24","t6,s9,s8",
800040b4,sltiu,sp:00000001,,cedc3113,,"sltiu	x2,x24,-787","sp,s8,-787",
800040b8,ori,s5:fffff943,,9430ea93,,"ori	x21,x1,-1725","s5,ra,-1725",
800040bc,slti,sp:00000001,,728da113,,"slti	x2,x27,1832","sp,s11,1832",
800040c0,and,s2:00000000,,01cbf933,,"and	x18,x23,x28","s2,s7,t3",
800040c4,auipc,s1:32b3c0c4,,b2b38497,,"auipc	x9,0xb2b38","s1,0xb2b38",
800040c8,srl,t2:00000000,,00a953b3,,"srl	x7,x18,x10","t2,s2,a0",
800040cc,andi,t0:00000000,,c32df293,,"andi	x5,x27,-974","t0,s11,-974",
800040d0,srai,ra:00000000,,410bd093,,"srai	x1,x23,0x10","ra,s7,0x10",
800040d4,sll,a7:00000001,,000f98b3,,"sll	x17,x31,x0","a7,t6,zero",
800040d8,ori,t3:80014ef4,,0f456e13,,"ori	x28,x10,244","t3,a0,244",
800040dc,and,t1:00000000,,01aa7333,,"and	x6,x20,x26","t1,s4,s10",
800040e0,auipc,s2:d50440e0,,55040917,,"auipc	x18,0x55040","s2,0x55040",
800040e4,xori,t2:000005aa,,5beb4393,,"xori	x7,x22,1470","t2,s6,1470",
800040e8,andi,s2:00000000,,05da7913,,"andi	x18,x20,93","s2,s4,93",
800040ec,sll,ra:00000000,,015090b3,,"sll	x1,x1,x21","ra,ra,s5",
800040f0,sltiu,a6:00000001,,3f88b813,,"sltiu	x16,x17,1016","a6,a7,1016",
800040f4,add,a1:00000000,,001285b3,,"add	x11,x5,x1","a1,t0,ra",
800040f8,andi,s4:00000000,,54c97a13,,"andi	x20,x18,1356","s4,s2,1356",
800040fc,srl,t0:00000000,,016352b3,,"srl	x5,x6,x22","t0,t1,s6",
80004100,sll,t0:00000001,,00dd92b3,,"sll	x5,x27,x13","t0,s11,a3",
80004104,srli,ra:00000000,,01595093,,"srli	x1,x18,0x15","ra,s2,0x15",
80004108,slli,a4:b5400000,,01539713,,"slli	x14,x7,0x15","a4,t2,0x15",
8000410c,srai,sp:fffff800,,414e5113,,"srai	x2,x28,0x14","sp,t3,0x14",
80004110,xori,s4:fffffed4,,ed51ca13,,"xori	x20,x3,-299","s4,gp,-299",
80004114,srli,a4:000001ff,,017a5713,,"srli	x14,x20,0x17","a4,s4,0x17",
80004118,sub,t6:00000800,,402d0fb3,,"sub	x31,x26,x2","t6,s10,sp",
8000411c,slti,sp:00000000,,bd60a113,,"slti	x2,x1,-1066","sp,ra,-1066",
80004120,ori,s0:fffffed6,,cd2a6413,,"ori	x8,x20,-814","s0,s4,-814",
80004124,srai,s7:00000000,,41565b93,,"srai	x23,x12,0x15","s7,a2,0x15",
80004128,slli,tp:00000000,,01b11213,,"slli	x4,x2,0x1b","tp,sp,0x1b",
8000412c,xor,t2:80014ef4,,001e43b3,,"xor	x7,x28,x1","t2,t3,ra",
80004130,srl,s0:7fffff6a,,003a5433,,"srl	x8,x20,x3","s0,s4,gp",
80004134,and,t0:00000000,,002ef2b3,,"and	x5,x29,x2","t0,t4,sp",
80004138,and,a2:00000000,,01747633,,"and	x12,x8,x23","a2,s0,s7",
8000413c,lui,s4:fbaee000,,fbaeea37,,"lui	x20,0xfbaee","s4,0xfbaee",
80004140,srai,t4:00000010,,407fde93,,"srai	x29,x31,0x7","t4,t6,0x7",
80004144,andi,s8:00000000,,8b217c13,,"andi	x24,x2,-1870","s8,sp,-1870",
80004148,slli,s5:00007fc0,,00671a93,,"slli	x21,x14,0x6","s5,a4,0x6",
8000414c,sub,a5:800000a5,,408987b3,,"sub	x15,x19,x8","a5,s3,s0",
80004150,slti,a4:00000000,,e288a713,,"slti	x14,x17,-472","a4,a7,-472",
80004154,slti,s2:00000001,,db86a913,,"slti	x18,x13,-584","s2,a3,-584",
80004158,slti,t2:00000001,,081c2393,,"slti	x7,x24,129","t2,s8,129",
8000415c,srai,gp:00000000,,41ffd193,,"srai	x3,x31,0x1f","gp,t6,0x1f",
80004160,ori,a1:fffffb88,,b88be593,,"ori	x11,x23,-1144","a1,s7,-1144",
80004164,or,t0:00000000,,00c1e2b3,,"or	x5,x3,x12","t0,gp,a2",
80004168,add,gp:00000000,,018001b3,,"add	x3,x0,x24","gp,zero,s8",
80004170,addi,a2:000078ce,,90ea8613,,"addi	x12,x21,-1778","a2,s5,-1778",
80004174,or,sp:00000014,,01ab6133,,"or	x2,x22,x26","sp,s6,s10",
80004178,lui,s2:bf477000,,bf477937,,"lui	x18,0xbf477","s2,0xbf477",
8000417c,xori,s1:7ffffa5e,,afb7c493,,"xori	x9,x15,-1285","s1,a5,-1285",
80004180,sll,t0:00140000,,01db12b3,,"sll	x5,x22,x29","t0,s6,t4",
80004184,slt,ra:00000000,,0162a0b3,,"slt	x1,x5,x22","ra,t0,s6",
80004188,sll,s5:0018ce40,,00af1ab3,,"sll	x21,x30,x10","s5,t5,a0",
8000418c,slt,s10:00000001,,002e2d33,,"slt	x26,x28,x2","s10,t3,sp",
80004190,sra,gp:00000014,,417151b3,,"sra	x3,x2,x23","gp,sp,s7",
80004194,add,s2:7baedf6a,,01440933,,"add	x18,x8,x20","s2,s0,s4",
80004198,sltu,s4:00000000,,0052ba33,,"sltu	x20,x5,x5","s4,t0,t0",
8000419c,sll,t1:00000001,,00039333,,"sll	x6,x7,x0","t1,t2,zero",
800041a0,auipc,gp:770a11a0,,f709d197,,"auipc	x3,0xf709d","gp,0xf709d",
800041a4,sra,ra:00000000,,417c50b3,,"sra	x1,x24,x23","ra,s8,s7",
800041a8,xori,s5:000002cb,,2cb24a93,,"xori	x21,x4,715","s5,tp,715",
800041ac,slti,t0:00000000,,9adfa293,,"slti	x5,x31,-1619","t0,t6,-1619",
800041b0,srl,t6:00000000,,00a8dfb3,,"srl	x31,x17,x10","t6,a7,a0",
800041b4,and,s4:00000000,,01c77a33,,"and	x20,x14,x28","s4,a4,t3",
800041b8,and,a7:00000000,,014f78b3,,"and	x17,x30,x20","a7,t5,s4",
800041c0,add,a2:7ffffa5f,,01a48633,,"add	x12,x9,x26","a2,s1,s10",
800041c4,sltiu,s8:00000000,,3f81bc13,,"sltiu	x24,x3,1016","s8,gp,1016",
800041c8,auipc,s1:afead1c8,,2fea9497,,"auipc	x9,0x2fea9","s1,0x2fea9",
800041cc,sra,a2:00000008,,41bed633,,"sra	x12,x29,x27","a2,t4,s11",
800041d0,sll,a6:a7320000,,01351833,,"sll	x16,x10,x19","a6,a0,s3",
800041d4,slti,t0:00000001,,695f2293,,"slti	x5,x30,1685","t0,t5,1685",
800041d8,xori,t6:00000138,,13934f93,,"xori	x31,x6,313","t6,t1,313",
800041dc,srl,s11:00000000,,0150ddb3,,"srl	x27,x1,x21","s11,ra,s5",
800041e0,sltu,t6:00000001,,0091bfb3,,"sltu	x31,x3,x9","t6,gp,s1",
800041e4,addi,t0:000000b2,,0aa60293,,"addi	x5,x12,170","t0,a2,170",
800041e8,or,a5:000000b2,,0058e7b3,,"or	x15,x17,x5","a5,a7,t0",
800041ec,sltiu,t4:00000000,,1931be93,,"sltiu	x29,x3,403","t4,gp,403",
800041f4,ori,a4:ffffffa1,,fa18e713,,"ori	x14,x17,-95","a4,a7,-95",
800041f8,slli,a3:00000028,,00111693,,"slli	x13,x2,0x1","a3,sp,0x1",
800041fc,ori,a6:80014e64,,04456813,,"ori	x16,x10,68","a6,a0,68",
80004200,slti,ra:00000000,,bc642093,,"slti	x1,x8,-1082","ra,s0,-1082",
80004204,or,s11:770a11a0,,01d1edb3,,"or	x27,x3,x29","s11,gp,t4",
80004208,xor,s2:7baedf6b,,012d4933,,"xor	x18,x26,x18","s2,s10,s2",
8000420c,lui,t4:2989c000,,2989ceb7,,"lui	x29,0x2989c","t4,0x2989c",
80004210,sltu,a1:00000000,,01adb5b3,,"sltu	x11,x27,x26","a1,s11,s10",
80004214,add,a3:0000000f,,013c06b3,,"add	x13,x24,x19","a3,s8,s3",
80004218,and,s6:00000000,,00f07b33,,"and	x22,x0,x15","s6,zero,a5",
8000421c,slli,a1:00000000,,01e51593,,"slli	x11,x10,0x1e","a1,a0,0x1e",
80004220,and,s6:00000000,,01687b33,,"and	x22,x16,x22","s6,a6,s6",
80004224,addi,t2:fffffd22,,d2220393,,"addi	x7,x4,-734","t2,tp,-734",
80004230,srli,t0:00000000,,00cc5293,,"srli	x5,x24,0xc","t0,s8,0xc",
80004234,srl,a4:0000002c,,0077d733,,"srl	x14,x15,x7","a4,a5,t2",
80004238,slt,tp:00000000,,0069a233,,"slt	x4,x19,x6","tp,s3,t1",
8000423c,srai,tp:00000000,,40615213,,"srai	x4,x2,0x6","tp,sp,0x6",
80004240,and,a1:00000000,,0198f5b3,,"and	x11,x17,x25","a1,a7,s9",
80004248,and,a4:80014e64,,01087733,,"and	x14,x16,x16","a4,a6,a6",
8000424c,slt,s11:00000000,,000a2db3,,"slt	x27,x20,x0","s11,s4,zero",
80004250,auipc,s7:0cd0a250,,8cd06b97,,"auipc	x23,0x8cd06","s7,0x8cd06",
80004254,slli,s7:00000000,,01109b93,,"slli	x23,x1,0x11","s7,ra,0x11",
80004258,xor,s6:2989c00f,,013ecb33,,"xor	x22,x29,x19","s6,t4,s3",
8000425c,slti,t4:00000000,,7aceae93,,"slti	x29,x29,1964","t4,t4,1964",
80004260,xori,s10:0000072d,,72d24d13,,"xori	x26,x4,1837","s10,tp,1837",
80004264,sra,sp:0000000f,,4056d133,,"sra	x2,x13,x5","sp,a3,t0",
80004268,srl,gp:00005313,,002b51b3,,"srl	x3,x22,x2","gp,s6,sp",
8000426c,slli,t3:00000000,,01d59e13,,"slli	x28,x11,0x1d","t3,a1,0x1d",
80004270,srl,s6:00000000,,009edb33,,"srl	x22,x29,x9","s6,t4,s1",
80004274,slli,a2:000072d0,,004d1613,,"slli	x12,x26,0x4","a2,s10,0x4",
80004278,sltiu,t2:00000001,,87003393,,"sltiu	x7,x0,-1936","t2,zero,-1936",
8000427c,sltiu,t0:00000001,,a6243293,,"sltiu	x5,x8,-1438","t0,s0,-1438",
80004280,addi,s10:000007b8,,7b8e0d13,,"addi	x26,x28,1976","s10,t3,1976",
80004284,sub,gp:00000000,,411e01b3,,"sub	x3,x28,x17","gp,t3,a7",
80004288,sll,a4:00000001,,00429733,,"sll	x14,x5,x4","a4,t0,tp",
8000428c,srli,t1:00000000,,00f05313,,"srli	x6,x0,0xf","t1,zero,0xf",
80004290,ori,s10:000001aa,,1aaced13,,"ori	x26,x25,426","s10,s9,426",
80004294,sra,gp:00000000,,418351b3,,"sra	x3,x6,x24","gp,t1,s8",
80004298,sub,s10:0000019b,,40dd0d33,,"sub	x26,x26,x13","s10,s10,a3",
8000429c,auipc,s6:8492129c,,0491db17,,"auipc	x22,0x491d","s6,0x491d",
800042a0,xori,t3:0000018b,,18be4e13,,"xori	x28,x28,395","t3,t3,395",
800042a4,sra,s5:00000001,,41775ab3,,"sra	x21,x14,x23","s5,a4,s7",
800042a8,sltiu,t0:00000001,,86503293,,"sltiu	x5,x0,-1947","t0,zero,-1947",
800042ac,slli,a7:00000000,,00601893,,"slli	x17,x0,0x6","a7,zero,0x6",
800042b0,xori,s8:7ffeb0ca,,eae54c13,,"xori	x24,x10,-338","s8,a0,-338",
800042b4,sll,s10:8492129c,,01db1d33,,"sll	x26,x22,x29","s10,s6,t4",
800042b8,slti,ra:00000001,,4e122093,,"slti	x1,x4,1249","ra,tp,1249",
800042bc,xori,s7:80000187,,eed44b93,,"xori	x23,x8,-275","s7,s0,-275",
800042c0,slt,s5:00000000,,00a8aab3,,"slt	x21,x17,x10","s5,a7,a0",
800042c4,add,t0:0000018b,,01c882b3,,"add	x5,x17,x28","t0,a7,t3",
800042c8,sra,t4:00000000,,4185deb3,,"sra	x29,x11,x24","t4,a1,s8",
800042cc,slti,a5:00000000,,c216a793,,"slti	x15,x13,-991","a5,a3,-991",
800042d4,srli,gp:00000000,,01a65193,,"srli	x3,x12,0x1a","gp,a2,0x1a",
800042d8,addi,a4:8492151f,,283b0713,,"addi	x14,x22,643","a4,s6,643",
800042dc,srl,s10:00000000,,00335d33,,"srl	x26,x6,x3","s10,t1,gp",
800042e0,slti,a4:00000001,,18fd2713,,"slti	x14,x26,399","a4,s10,399",
800042e4,sll,s10:000f0000,,00c11d33,,"sll	x26,x2,x12","s10,sp,a2",
800042ec,auipc,s11:bfe222ec,,3fe1ed97,,"auipc	x27,0x3fe1e","s11,0x3fe1e",
800042f0,sra,s0:00000000,,41c3d433,,"sra	x8,x7,x28","s0,t2,t3",
800042f4,or,a7:00000000,,01d7e8b3,,"or	x17,x15,x29","a7,a5,t4",
800042f8,slli,s7:25380000,,011b1b93,,"slli	x23,x22,0x11","s7,s6,0x11",
800042fc,andi,s9:00000001,,f350fc93,,"andi	x25,x1,-203","s9,ra,-203",
80004300,addi,a7:000005db,,45028893,,"addi	x17,x5,1104","a7,t0,1104",
80004304,srli,s11:00000000,,007edd93,,"srli	x27,x29,0x7","s11,t4,0x7",
80004308,sltiu,s4:00000001,,e347ba13,,"sltiu	x20,x15,-460","s4,a5,-460",
8000430c,xori,a2:ffffff88,,f876c613,,"xori	x12,x13,-121","a2,a3,-121",
80004310,slli,s7:00000040,,006a1b93,,"slli	x23,x20,0x6","s7,s4,0x6",
80004318,slti,a4:00000001,,460f2713,,"slti	x14,x30,1120","a4,t5,1120",
8000431c,srai,ra:00000000,,4166d093,,"srai	x1,x13,0x16","ra,a3,0x16",
80004320,srl,s8:00000000,,001ddc33,,"srl	x24,x27,x1","s8,s11,ra",
80004324,slt,a2:00000000,,00baa633,,"slt	x12,x21,x11","a2,s5,a1",
80004328,or,s7:80014e64,,01786bb3,,"or	x23,x16,x23","s7,a6,s7",
8000432c,sltiu,s4:00000001,,ca2fba13,,"sltiu	x20,x31,-862","s4,t6,-862",
80004330,ori,s5:fffffdf9,,d794ea93,,"ori	x21,x9,-647","s5,s1,-647",
80004338,srli,s0:00001000,,01385413,,"srli	x8,x16,0x13","s0,a6,0x13",
8000433c,auipc,ra:f4fb633c,,74fb2097,,"auipc	x1,0x74fb2","ra,0x74fb2",
80004340,sra,t2:00000000,,4058d3b3,,"sra	x7,x17,x5","t2,a7,t0",
80004344,slt,a7:00000000,,001aa8b3,,"slt	x17,x21,x1","a7,s5,ra",
80004348,sub,a3:ffffffff,,41f006b3,,"sub	x13,x0,x31","a3,zero,t6",
8000434c,lui,t2:41631000,,416313b7,,"lui	x7,0x41631","t2,0x41631",
80004350,addi,s4:849215cf,,333b0a13,,"addi	x20,x22,819","s4,s6,819",
80004354,ori,t1:80014fed,,1c9be313,,"ori	x6,x23,457","t1,s7,457",
80004358,xori,sp:fffffb80,,679ac113,,"xori	x2,x21,1657","sp,s5,1657",
8000435c,sltu,tp:00000001,,00a9b233,,"sltu	x4,x19,x10","tp,s3,a0",
80004360,slti,s6:00000001,,2878ab13,,"slti	x22,x17,647","s6,a7,647",
80004364,sltu,s6:00000001,,0142bb33,,"sltu	x22,x5,x20","s6,t0,s4",
80004368,sltu,t6:00000001,,00acbfb3,,"sltu	x31,x25,x10","t6,s9,a0",
8000436c,sll,s6:00000001,,003b1b33,,"sll	x22,x22,x3","s6,s6,gp",
80004370,slli,s5:00000100,,00821a93,,"slli	x21,x4,0x8","s5,tp,0x8",
80004374,xori,s10:84512089,,fe294d13,,"xori	x26,x18,-30","s10,s2,-30",
80004378,srli,t2:00000000,,005b5393,,"srli	x7,x22,0x5","t2,s6,0x5",
8000437c,sll,a2:00000000,,011d9633,,"sll	x12,x27,x17","a2,s11,a7",
80004380,lui,tp:9a91f000,,9a91f237,,"lui	x4,0x9a91f","tp,0x9a91f",
80004384,sll,t0:00029cc8,,00e812b3,,"sll	x5,x16,x14","t0,a6,a4",
80004388,sltiu,t3:00000001,,381dbe13,,"sltiu	x28,x27,897","t3,s11,897",
8000438c,addi,a4:00000986,,98640713,,"addi	x14,x8,-1658","a4,s0,-1658",
80004390,and,s7:00000000,,01a1fbb3,,"and	x23,x3,x26","s7,gp,s10",
80004394,andi,a3:7baedb41,,b5597693,,"andi	x13,x18,-1195","a3,s2,-1195",
80004398,sltiu,s4:00000001,,b770ba13,,"sltiu	x20,x1,-1161","s4,ra,-1161",
8000439c,sltu,a5:00000001,,0167b7b3,,"sltu	x15,x15,x22","a5,a5,s6",
800043a0,sltiu,s0:00000001,,1c6e3413,,"sltiu	x8,x28,454","s0,t3,454",
800043a4,auipc,tp:9f2b83a4,,1f2b4217,,"auipc	x4,0x1f2b4","tp,0x1f2b4",
800043a8,lui,s10:65372000,,65372d37,,"lui	x26,0x65372","s10,0x65372",
800043ac,sltu,s9:00000000,,0174bcb3,,"sltu	x25,x9,x23","s9,s1,s7",
800043b0,sra,a4:00000000,,40c3d733,,"sra	x14,x7,x12","a4,t2,a2",
800043b4,ori,s0:fffff96f,,96f9e413,,"ori	x8,x19,-1681","s0,s3,-1681",
800043bc,sltiu,s4:00000001,,caa33a13,,"sltiu	x20,x6,-854","s4,t1,-854",
800043c0,or,s1:f4fb633c,,001be4b3,,"or	x9,x23,x1","s1,s7,ra",
800043c4,slli,a4:00000000,,00739713,,"slli	x14,x7,0x7","a4,t2,0x7",
800043c8,andi,s8:00000180,,59f17c13,,"andi	x24,x2,1439","s8,sp,1439",
800043cc,or,sp:fffffbef,,00826133,,"or	x2,x4,x8","sp,tp,s0",
800043d0,auipc,gp:c7d6f3d0,,47d6b197,,"auipc	x3,0x47d6b","gp,0x47d6b",
800043d4,xori,a3:0b0498f0,,bcc0c693,,"xori	x13,x1,-1076","a3,ra,-1076",
800043d8,slli,a4:00000001,,000a1713,,"slli	x14,x20,0x0","a4,s4,0x0",
800043dc,sltu,gp:00000000,,004431b3,,"sltu	x3,x8,x4","gp,s0,tp",
800043e0,auipc,s9:1ce4f3e0,,9ce4bc97,,"auipc	x25,0x9ce4b","s9,0x9ce4b",
800043e4,sub,a2:0b049cc4,,40900633,,"sub	x12,x0,x9","a2,zero,s1",
800043e8,xor,s8:6e33b8f0,,01a6cc33,,"xor	x24,x13,x26","s8,a3,s10",
800043ec,andi,a6:00000000,,618bf813,,"andi	x16,x23,1560","a6,s7,1560",
800043f4,add,a2:7baedf6b,,00090633,,"add	x12,x18,x0","a2,s2,zero",
800043f8,srl,s10:00000000,,013add33,,"srl	x26,x21,x19","s10,s5,s3",
800043fc,and,a1:00000000,,009a75b3,,"and	x11,x20,x9","a1,s4,s1",
80004400,andi,s5:00000000,,dabefa93,,"andi	x21,x29,-597","s5,t4,-597",
80004404,slti,s9:00000000,,dd83ac93,,"slti	x25,x7,-552","s9,t2,-552",
80004408,sra,s2:00000000,,417ed933,,"sra	x18,x29,x23","s2,t4,s7",
8000440c,sltu,s7:00000000,,0035bbb3,,"sltu	x23,x11,x3","s7,a1,gp",
80004410,srl,a7:00000000,,0083d8b3,,"srl	x17,x7,x8","a7,t2,s0",
80004418,xori,gp:ffffff51,,f5194193,,"xori	x3,x18,-175","gp,s2,-175",
8000441c,sub,a7:000000af,,403a88b3,,"sub	x17,x21,x3","a7,s5,gp",
80004420,slt,ra:00000000,,005c20b3,,"slt	x1,x24,x5","ra,s8,t0",
80004424,srai,s6:00000000,,414b5b13,,"srai	x22,x22,0x14","s6,s6,0x14",
80004428,lui,s5:9f0d8000,,9f0d8ab7,,"lui	x21,0x9f0d8","s5,0x9f0d8",
8000442c,sra,a3:00000000,,403856b3,,"sra	x13,x16,x3","a3,a6,gp",
80004430,slt,gp:00000000,,00b821b3,,"slt	x3,x16,x11","gp,a6,a1",
80004434,sll,a2:00000000,,00281633,,"sll	x12,x16,x2","a2,a6,sp",
80004438,or,t1:80014fed,,01b36333,,"or	x6,x6,x27","t1,t1,s11",
8000443c,slti,t6:00000001,,db3aaf93,,"slti	x31,x21,-589","t6,s5,-589",
80004440,lui,s11:e66df000,,e66dfdb7,,"lui	x27,0xe66df","s11,0xe66df",
80004444,srli,tp:000f4fb6,,00c4d213,,"srli	x4,x9,0xc","tp,s1,0xc",
80004448,sra,t3:00000001,,415fde33,,"sra	x28,x31,x21","t3,t6,s5",
8000444c,srai,a6:00000000,,4191d813,,"srai	x16,x3,0x19","a6,gp,0x19",
80004450,add,s1:00000000,,000584b3,,"add	x9,x11,x0","s1,a1,zero",
80004454,or,t1:000000af,,0098e333,,"or	x6,x17,x9","t1,a7,s1",
80004458,slli,a6:6771e000,,009c1813,,"slli	x16,x24,0x9","a6,s8,0x9",
8000445c,slti,s0:00000001,,1d632413,,"slti	x8,x6,470","s0,t1,470",
80004460,auipc,a7:64ead460,,e4ea9897,,"auipc	x17,0xe4ea9","a7,0xe4ea9",
80004464,sra,tp:6e33b8f0,,401c5233,,"sra	x4,x24,x1","tp,s8,ra",
80004468,slt,t2:00000000,,0071a3b3,,"slt	x7,x3,x7","t2,gp,t2",
8000446c,sub,t6:91cc4710,,404d0fb3,,"sub	x31,x26,x4","t6,s10,tp",
80004470,lui,s0:f70c5000,,f70c5437,,"lui	x8,0xf70c5","s0,0xf70c5",
80004474,sll,s9:c0000000,,002a9cb3,,"sll	x25,x21,x2","s9,s5,sp",
80004478,addi,sp:fffffd43,,d4360113,,"addi	x2,x12,-701","sp,a2,-701",
8000447c,andi,a3:00000000,,da9b7693,,"andi	x13,x22,-599","a3,s6,-599",
80004480,sltu,t1:00000000,,009a3333,,"sltu	x6,x20,x9","t1,s4,s1",
80004484,andi,s7:00000000,,2c8cfb93,,"andi	x23,x25,712","s7,s9,712",
80004488,lui,t6:aa6fd000,,aa6fdfb7,,"lui	x31,0xaa6fd","t6,0xaa6fd",
8000448c,slt,s2:00000000,,0142a933,,"slt	x18,x5,x20","s2,t0,s4",
8000449c,and,ra:00000000,,01cc70b3,,"and	x1,x24,x28","ra,s8,t3",
800044a0,xor,t4:00000001,,00f34eb3,,"xor	x29,x6,x15","t4,t1,a5",
800044a8,and,t4:000188e0,,01ec7eb3,,"and	x29,x24,x30","t4,s8,t5",
800044ac,or,t0:6e33b8f0,,012262b3,,"or	x5,x4,x18","t0,tp,s2",
800044b0,srai,s11:00000000,,41e7dd93,,"srai	x27,x15,0x1e","s11,a5,0x1e",
800044b4,xori,s5:00000206,,f4514a93,,"xori	x21,x2,-187","s5,sp,-187",
800044b8,xor,s4:6771e000,,00984a33,,"xor	x20,x16,x9","s4,a6,s1",
800044bc,addi,a6:bffffbeb,,bebc8813,,"addi	x16,x25,-1045","a6,s9,-1045",
800044c4,ori,a4:0000078a,,78a1e713,,"ori	x14,x3,1930","a4,gp,1930",
800044c8,andi,sp:00000000,,e50df113,,"andi	x2,x27,-432","sp,s11,-432",
800044cc,srl,t2:6e33b8f0,,019c53b3,,"srl	x7,x24,x25","t2,s8,s9",
800044d0,and,s0:00000000,,00f97433,,"and	x8,x18,x15","s0,s2,a5",
800044d4,slt,a2:00000000,,00aea633,,"slt	x12,x29,x10","a2,t4,a0",
800044dc,sub,s2:00000001,,416e0933,,"sub	x18,x28,x22","s2,t3,s6",
800044e0,and,a2:206ad000,,01f8f633,,"and	x12,x17,x31","a2,a7,t6",
800044e4,srli,s8:00000000,,01395c13,,"srli	x24,x18,0x13","s8,s2,0x13",
800044e8,andi,s6:00000202,,283afb13,,"andi	x22,x21,643","s6,s5,643",
800044ec,add,t0:aa6fd001,,00ff82b3,,"add	x5,x31,x15","t0,t6,a5",
800044f0,and,s4:00000000,,00397a33,,"and	x20,x18,x3","s4,s2,gp",
800044f4,sub,s7:ffffffff,,41c00bb3,,"sub	x23,x0,x28","s7,zero,t3",
800044f8,slt,t6:00000001,,00452fb3,,"slt	x31,x10,x4","t6,a0,tp",
80004504,and,s6:000188e0,,01eefb33,,"and	x22,x29,x30","s6,t4,t5",
80004508,sltiu,a4:00000001,,ed13b713,,"sltiu	x14,x7,-303","a4,t2,-303",
8000450c,auipc,s11:e467650c,,64672d97,,"auipc	x27,0x64672","s11,0x64672",
80004510,auipc,t0:bc96b510,,3c967297,,"auipc	x5,0x3c967","t0,0x3c967",
80004514,auipc,a7:0b687514,,8b683897,,"auipc	x17,0x8b683","a7,0x8b683",
80004518,slt,s2:00000000,,00b9a933,,"slt	x18,x19,x11","s2,s3,a1",
8000451c,add,t1:0b687515,,00f88333,,"add	x6,x17,x15","t1,a7,a5",
80004520,slli,t6:8cee3c00,,00639f93,,"slli	x31,x7,0x6","t6,t2,0x6",
80004524,slli,t1:00000000,,01969313,,"slli	x6,x13,0x19","t1,a3,0x19",
80004528,xori,a6:8cee3ed0,,2d0fc813,,"xori	x16,x31,720","a6,t6,720",
80004530,sltiu,s0:00000001,,8fbc3413,,"sltiu	x8,x24,-1797","s0,s8,-1797",
8000453c,ori,t6:00000257,,253aef93,,"ori	x31,x21,595","t6,s5,595",
80004540,xor,a3:8cee3ed0,,010946b3,,"xor	x13,x18,x16","a3,s2,a6",
80004544,lui,s0:c4ab1000,,c4ab1437,,"lui	x8,0xc4ab1","s0,0xc4ab1",
80004548,xori,sp:fffffa98,,a9804113,,"xori	x2,x0,-1384","sp,zero,-1384",
8000454c,sll,a6:00000000,,00619833,,"sll	x16,x3,x6","a6,gp,t1",
80004550,slt,a5:00000000,,0033a7b3,,"slt	x15,x7,x3","a5,t2,gp",
80004554,sub,s6:fffe7720,,41d30b33,,"sub	x22,x6,x29","s6,t1,t4",
80004558,andi,s4:00000000,,65ccfa13,,"andi	x20,x25,1628","s4,s9,1628",
8000455c,andi,sp:0000000b,,6ab9f113,,"andi	x2,x19,1707","sp,s3,1707",
80004560,srli,s11:00000000,,00185d93,,"srli	x27,x16,0x1","s11,a6,0x1",
80004564,srl,a3:00006e33,,00d3d6b3,,"srl	x13,x7,x13","a3,t2,a3",
8000456c,srai,s0:00000000,,40ad5413,,"srai	x8,x26,0xa","s0,s10,0xa",
80004570,srl,a2:00000000,,00105633,,"srl	x12,x0,x1","a2,zero,ra",
80004574,addi,s1:fffffd3f,,d3ee0493,,"addi	x9,x28,-706","s1,t3,-706",
80004578,andi,a5:00000421,,4216f793,,"andi	x15,x13,1057","a5,a3,1057",
8000457c,xor,tp:c0000000,,010cc233,,"xor	x4,x25,x16","tp,s9,a6",
80004580,andi,a5:00000000,,006df793,,"andi	x15,x27,6","a5,s11,6",
80004584,slli,a4:00000000,,00c91713,,"slli	x14,x18,0xc","a4,s2,0xc",
80004588,xor,a6:00000000,,0085c833,,"xor	x16,x11,x8","a6,a1,s0",
8000458c,srl,a7:0b687514,,0008d8b3,,"srl	x17,x17,x0","a7,a7,zero",
80004590,sltiu,t4:00000001,,ed8cbe93,,"sltiu	x29,x25,-296","t4,s9,-296",
80004594,sll,t6:00000000,,01bc1fb3,,"sll	x31,x24,x27","t6,s8,s11",
80004598,srl,s6:ffffffff,,00bbdb33,,"srl	x22,x23,x11","s6,s7,a1",
8000459c,srai,a2:00000000,,40205613,,"srai	x12,x0,0x2","a2,zero,0x2",
800045a0,xori,a5:ffff95d1,,be26c793,,"xori	x15,x13,-1054","a5,a3,-1054",
800045a4,xori,a3:fffff8e5,,8e594693,,"xori	x13,x18,-1819","a3,s2,-1819",
800045ac,lui,s8:e5653000,,e5653c37,,"lui	x24,0xe5653","s8,0xe5653",
800045b0,sltu,ra:00000000,,008eb0b3,,"sltu	x1,x29,x8","ra,t4,s0",
800045b4,sll,t2:6e33b8f0,,019393b3,,"sll	x7,x7,x25","t2,t2,s9",
800045b8,lui,t6:0a84b000,,0a84bfb7,,"lui	x31,0xa84b","t6,0xa84b",
800045bc,auipc,s8:8e9175bc,,0e913c17,,"auipc	x24,0xe913","s8,0xe913",
800045c0,auipc,t0:02c445c0,,82c40297,,"auipc	x5,0x82c40","t0,0x82c40",
800045c4,sltiu,s8:00000001,,b4793c13,,"sltiu	x24,x18,-1209","s8,s2,-1209",
800045c8,ori,s0:fffffae7,,a426e413,,"ori	x8,x13,-1470","s0,a3,-1470",
800045cc,srai,s0:ffe00063,,40af5413,,"srai	x8,x30,0xa","s0,t5,0xa",
800045d0,srl,a1:00000000,,01ca55b3,,"srl	x11,x20,x28","a1,s4,t3",
800045d4,xori,a4:001ff85b,,83844713,,"xori	x14,x8,-1992","a4,s0,-1992",
800045d8,srl,a3:00000000,,01cdd6b3,,"srl	x13,x27,x28","a3,s11,t3",
800045dc,sra,a4:00000000,,40885733,,"sra	x14,x16,x8","a4,a6,s0",
800045e0,srai,s6:00000000,,404ddb13,,"srai	x22,x27,0x4","s6,s11,0x4",
800045e4,sll,t4:00000000,,01a91eb3,,"sll	x29,x18,x26","t4,s2,s10",
800045e8,xori,a1:fd3bbf51,,a912c593,,"xori	x11,x5,-1391","a1,t0,-1391",
800045ec,add,s0:80014e64,,00d50433,,"add	x8,x10,x13","s0,a0,a3",
800045f0,xori,s5:0000017e,,17e34a93,,"xori	x21,x6,382","s5,t1,382",
800045f4,addi,t1:fffffe91,,e9118313,,"addi	x6,x3,-367","t1,gp,-367",
800045fc,lui,tp:d353b000,,d353b237,,"lui	x4,0xd353b","tp,0xd353b",
80004600,slli,s7:00000000,,00f71b93,,"slli	x23,x14,0xf","s7,a4,0xf",
80004604,sll,a6:00000000,,01d01833,,"sll	x16,x0,x29","a6,zero,t4",
80004608,srli,t1:00000150,,013fd313,,"srli	x6,x31,0x13","t1,t6,0x13",
8000460c,lui,s5:ad294000,,ad294ab7,,"lui	x21,0xad294","s5,0xad294",
80004610,andi,a5:00000000,,04727793,,"andi	x15,x4,71","a5,tp,71",
80004614,or,s10:00000000,,0017ed33,,"or	x26,x15,x1","s10,a5,ra",
80004618,srl,t1:00000000,,01465333,,"srl	x6,x12,x20","t1,a2,s4",
8000461c,xori,a4:00000766,,7667c713,,"xori	x14,x15,1894","a4,a5,1894",
80004620,xor,s7:82c5c924,,005f4bb3,,"xor	x23,x30,x5","s7,t5,t0",
80004624,and,t0:00000000,,0056f2b3,,"and	x5,x13,x5","t0,a3,t0",
80004628,sra,a6:00000000,,41d1d833,,"sra	x16,x3,x29","a6,gp,t4",
8000462c,slli,s0:00000000,,014a1413,,"slli	x8,x20,0x14","s0,s4,0x14",
80004630,slt,s2:00000000,,019b2933,,"slt	x18,x22,x25","s2,s6,s9",
80004634,slt,s4:00000000,,0196aa33,,"slt	x20,x13,x25","s4,a3,s9",
80004638,xori,s0:00000342,,342ec413,,"xori	x8,x29,834","s0,t4,834",
8000463c,sub,ra:00000000,,401000b3,,"sub	x1,x0,x1","ra,zero,ra",
80004640,sltu,a3:00000001,,01f436b3,,"sltu	x13,x8,x31","a3,s0,t6",
80004644,slt,s11:00000000,,01b82db3,,"slt	x27,x16,x27","s11,a6,s11",
80004648,sltiu,t2:00000000,,9954b393,,"sltiu	x7,x9,-1643","t2,s1,-1643",
8000464c,slli,s5:00000000,,00b91a93,,"slli	x21,x18,0xb","s5,s2,0xb",
80004650,lui,a2:aff99000,,aff99637,,"lui	x12,0xaff99","a2,0xaff99",
80004654,addi,s10:fffffc7b,,c7bd8d13,,"addi	x26,x27,-901","s10,s11,-901",
80004658,addi,t0:fffff8f8,,8f800293,,"addi	x5,x0,-1800","t0,zero,-1800",
8000465c,sub,a5:80014e63,,41c507b3,,"sub	x15,x10,x28","a5,a0,t3",
80004660,sll,t4:80018ce4,,003f1eb3,,"sll	x29,x30,x3","t4,t5,gp",
80004668,xor,t2:0000000f,,0079c3b3,,"xor	x7,x19,x7","t2,s3,t2",
8000466c,sltu,a1:00000001,,00c9b5b3,,"sltu	x11,x19,x12","a1,s3,a2",
80004670,sltiu,s9:00000000,,4522bc93,,"sltiu	x25,x5,1106","s9,t0,1106",
80004674,srli,gp:00000000,,00815193,,"srli	x3,x2,0x8","gp,sp,0x8",
80004678,sll,t6:00000766,,01271fb3,,"sll	x31,x14,x18","t6,a4,s2",
8000467c,and,s9:00000000,,01ea7cb3,,"and	x25,x20,x30","s9,s4,t5",
80004680,sltu,t1:00000001,,0048b333,,"sltu	x6,x17,x4","t1,a7,tp",
80004684,srai,a4:00000000,,40985713,,"srai	x14,x16,0x9","a4,a6,0x9",
80004688,and,s5:00000000,,0191fab3,,"and	x21,x3,x25","s5,gp,s9",
8000468c,add,tp:00000351,,01340233,,"add	x4,x8,x19","tp,s0,s3",
80004690,slli,s5:319c8000,,00df1a93,,"slli	x21,x30,0xd","s5,t5,0xd",
80004694,srl,t1:00000000,,0111d333,,"srl	x6,x3,x17","t1,gp,a7",
80004698,slli,s5:0ea28000,,00d89a93,,"slli	x21,x17,0xd","s5,a7,0xd",
8000469c,add,a5:0b687514,,006887b3,,"add	x15,x17,x6","a5,a7,t1",
800046a4,sub,t0:00000000,,414d82b3,,"sub	x5,x27,x20","t0,s11,s4",
800046a8,sub,t2:80018993,,404e83b3,,"sub	x7,x29,x4","t2,t4,tp",
800046ac,sll,gp:00000342,,010411b3,,"sll	x3,x8,x16","gp,s0,a6",
800046b0,lui,a7:639ec000,,639ec8b7,,"lui	x17,0x639ec","a7,0x639ec",
800046b4,sltiu,s7:00000001,,b3503b93,,"sltiu	x23,x0,-1227","s7,zero,-1227",
800046bc,xor,s7:00000342,,01944bb3,,"xor	x23,x8,x25","s7,s0,s9",
800046c0,auipc,a1:4e5586c0,,ce554597,,"auipc	x11,0xce554","a1,0xce554",
800046c4,addi,gp:000000a5,,d5420193,,"addi	x3,x4,-684","gp,tp,-684",
800046c8,xor,s7:0000000a,,0026cbb3,,"xor	x23,x13,x2","s7,a3,sp",
800046cc,slt,s2:00000001,,017f2933,,"slt	x18,x30,x23","s2,t5,s7",
800046d0,andi,t4:00000200,,68027e93,,"andi	x29,x4,1664","t4,tp,1664",
800046d4,andi,s5:00000000,,4ecefa93,,"andi	x21,x29,1260","s5,t4,1260",
800046d8,auipc,ra:7c75a6d8,,fc756097,,"auipc	x1,0xfc756","ra,0xfc756",
800046dc,auipc,t1:9d1c16dc,,1d1bd317,,"auipc	x6,0x1d1bd","t1,0x1d1bd",
800046e0,lui,tp:75f8e000,,75f8e237,,"lui	x4,0x75f8e","tp,0x75f8e",
800046e4,xori,s1:0000035d,,3f81c493,,"xori	x9,x3,1016","s1,gp,1016",
800046e8,lui,a4:cd9d1000,,cd9d1737,,"lui	x14,0xcd9d1","a4,0xcd9d1",
800046ec,xor,a7:75f8e0a5,,0041c8b3,,"xor	x17,x3,x4","a7,gp,tp",
800046f0,addi,s0:00000242,,042e8413,,"addi	x8,x29,66","s0,t4,66",
800046f4,slti,s7:00000001,,7f56ab93,,"slti	x23,x13,2037","s7,a3,2037",
800046f8,srli,a3:0002da1d,,00a7d693,,"srli	x13,x15,0xa","a3,a5,0xa",
800046fc,lui,s7:63ae7000,,63ae7bb7,,"lui	x23,0x63ae7","s7,0x63ae7",
80004700,ori,s5:fffffbc7,,bc7eea93,,"ori	x21,x29,-1081","s5,t4,-1081",
80004704,ori,s7:fffff877,,87726b93,,"ori	x23,x4,-1929","s7,tp,-1929",
80004708,auipc,s0:a639b708,,26397417,,"auipc	x8,0x26397","s0,0x26397",
8000470c,srl,s2:00000005,,01c15933,,"srl	x18,x2,x28","s2,sp,t3",
80004714,auipc,t4:b2e2a714,,32e26e97,,"auipc	x29,0x32e26","t4,0x32e26",
80004718,auipc,a3:58c4f718,,d8c4b697,,"auipc	x13,0xd8c4b","a3,0xd8c4b",
8000471c,addi,s9:0b686e35,,92178c93,,"addi	x25,x15,-1759","s9,a5,-1759",
80004720,srl,t0:fffffc7b,,010d52b3,,"srl	x5,x26,x16","t0,s10,a6",
80004724,sltu,s2:00000001,,00a93933,,"sltu	x18,x18,x10","s2,s2,a0",
80004728,xori,gp:0b6872aa,,7be7c193,,"xori	x3,x15,1982","gp,a5,1982",
8000472c,xor,s6:fffffbc7,,01504b33,,"xor	x22,x0,x21","s6,zero,s5",
80004730,slti,s5:00000001,,70eaaa93,,"slti	x21,x21,1806","s5,s5,1806",
80004734,add,ra:7c75a6d9,,001a80b3,,"add	x1,x21,x1","ra,s5,ra",
80004738,slli,sp:fff1ec00,,00a29113,,"slli	x2,x5,0xa","sp,t0,0xa",
8000473c,xori,s10:0000037c,,37d94d13,,"xori	x26,x18,893","s10,s2,893",
80004744,sltiu,s2:00000000,,3907b913,,"sltiu	x18,x15,912","s2,a5,912",
80004748,srai,a1:000003af,,41525593,,"srai	x11,x4,0x15","a1,tp,0x15",
8000474c,sltiu,a5:00000000,,0e5eb793,,"sltiu	x15,x29,229","a5,t4,229",
80004750,sll,a4:00000000,,00691733,,"sll	x14,x18,x6","a4,s2,t1",
80004754,lui,s5:483fa000,,483faab7,,"lui	x21,0x483fa","s5,0x483fa",
80004758,lui,ra:41a46000,,41a460b7,,"lui	x1,0x41a46","ra,0x41a46",
8000475c,slt,t6:00000000,,014cafb3,,"slt	x31,x25,x20","t6,s9,s4",
80004760,xori,a7:75f8e71c,,71c24893,,"xori	x17,x4,1820","a7,tp,1820",
80004764,slli,gp:5ff32000,,00161193,,"slli	x3,x12,0x1","gp,a2,0x1",
80004768,xor,a2:58c4f718,,0146c633,,"xor	x12,x13,x20","a2,a3,s4",
8000476c,sub,s8:00000000,,41bf8c33,,"sub	x24,x31,x27","s8,t6,s11",
80004770,sltiu,a1:00000001,,d18c3593,,"sltiu	x11,x24,-744","a1,s8,-744",
80004774,sra,tp:00000000,,40ce5233,,"sra	x4,x28,x12","tp,t3,a2",
80004778,add,a6:80018ce5,,00bf0833,,"add	x16,x30,x11","a6,t5,a1",
8000477c,slti,t4:00000000,,13362e93,,"slti	x29,x12,307","t4,a2,307",
80004784,andi,tp:80018804,,80ff7213,,"andi	x4,x30,-2033","tp,t5,-2033",
80004788,add,s11:58c4f718,,00dd8db3,,"add	x27,x27,x13","s11,s11,a3",
80004790,srl,s11:3afc738e,,00b8ddb3,,"srl	x27,x17,x11","s11,a7,a1",
80004794,lui,a5:16219000,,162197b7,,"lui	x15,0x16219","a5,0x16219",
8000479c,slti,s4:00000001,,13a12a13,,"slti	x20,x2,314","s4,sp,314",
800047a0,sra,t1:20d23000,,41c0d333,,"sra	x6,x1,x28","t1,ra,t3",
800047a4,addi,a1:ffffff8a,,f8af8593,,"addi	x11,x31,-118","a1,t6,-118",
800047a8,srai,s6:ffffffff,,4125db13,,"srai	x22,x11,0x12","s6,a1,0x12",
800047ac,sltu,s5:00000001,,017a3ab3,,"sltu	x21,x20,x23","s5,s4,s7",
800047b0,and,tp:00000000,,00007233,,"and	x4,x0,x0","tp,zero,zero",
800047b4,ori,t4:fffffbdf,,8964ee93,,"ori	x29,x9,-1898","t4,s1,-1898",
800047b8,sltu,gp:00000001,,014fb1b3,,"sltu	x3,x31,x20","gp,t6,s4",
800047bc,slli,ra:6313dc60,,00261093,,"slli	x1,x12,0x2","ra,a2,0x2",
800047c0,or,s10:00000001,,004a6d33,,"or	x26,x20,x4","s10,s4,tp",
800047c4,add,t1:3afc7009,,005d8333,,"add	x6,x27,x5","t1,s11,t0",
800047c8,srai,gp:f000319c,,403f5193,,"srai	x3,x30,0x3","gp,t5,0x3",
800047d0,sltiu,a1:00000000,,1a52b593,,"sltiu	x11,x5,421","a1,t0,421",
800047d4,or,a7:00000001,,015068b3,,"or	x17,x0,x21","a7,zero,s5",
800047d8,lui,t6:c68d6000,,c68d6fb7,,"lui	x31,0xc68d6","t6,0xc68d6",
800047dc,ori,s7:000007dd,,6dd4eb93,,"ori	x23,x9,1757","s7,s1,1757",
800047e0,sltiu,a2:00000000,,0ea33613,,"sltiu	x12,x6,234","a2,t1,234",
800047e4,slli,gp:ffffbdf0,,004e9193,,"slli	x3,x29,0x4","gp,t4,0x4",
800047e8,xor,s8:0000035d,,00974c33,,"xor	x24,x14,x9","s8,a4,s1",
800047ec,sub,a6:fffffff0,,413b0833,,"sub	x16,x22,x19","a6,s6,s3",
800047f0,and,s2:00000000,,0115f933,,"and	x18,x11,x17","s2,a1,a7",
800047f4,slt,a5:00000000,,00cba7b3,,"slt	x15,x23,x12","a5,s7,a2",
800047f8,add,a1:00000000,,00c605b3,,"add	x11,x12,x12","a1,a2,a2",
800047fc,slt,a5:00000001,,018827b3,,"slt	x15,x16,x24","a5,a6,s8",
80004800,addi,gp:0000072f,,73f80193,,"addi	x3,x16,1855","gp,a6,1855",
80004804,auipc,s8:012a8804,,812a4c17,,"auipc	x24,0x812a4","s8,0x812a4",
80004808,andi,s7:00000311,,311bfb93,,"andi	x23,x23,785","s7,s7,785",
8000480c,xori,s8:fffff824,,82424c13,,"xori	x24,x4,-2012","s8,tp,-2012",
80004810,addi,a5:0000011c,,11be0793,,"addi	x15,x28,283","a5,t3,283",
80004814,srl,t6:00000000,,00f9dfb3,,"srl	x31,x19,x15","t6,s3,a5",
8000481c,auipc,sp:1b3b581c,,9b3b1117,,"auipc	x2,0x9b3b1","sp,0x9b3b1",
80004820,andi,t2:00000604,,6141f393,,"andi	x7,x3,1556","t2,gp,1556",
80004824,srai,tp:00000000,,4153d213,,"srai	x4,x7,0x15","tp,t2,0x15",
80004828,slt,t1:00000001,,001a2333,,"slt	x6,x20,x1","t1,s4,ra",
8000482c,srli,s8:00001fff,,01385c13,,"srli	x24,x16,0x13","s8,a6,0x13",
80004830,lui,s1:e5d44000,,e5d444b7,,"lui	x9,0xe5d44","s1,0xe5d44",
80004834,andi,a7:00000000,,ce727893,,"andi	x17,x4,-793","a7,tp,-793",
80004838,andi,a4:00000000,,a6177713,,"andi	x14,x14,-1439","a4,a4,-1439",
8000483c,or,s0:0000000f,,0119e433,,"or	x8,x19,x17","s0,s3,a7",
80004840,auipc,s11:20ac7840,,a0ac3d97,,"auipc	x27,0xa0ac3","s11,0xa0ac3",
80004844,srli,s0:00000000,,01dc5413,,"srli	x8,x24,0x1d","s0,s8,0x1d",
8000484c,srai,t0:00000000,,41c35293,,"srai	x5,x6,0x1c","t0,t1,0x1c",
80004850,sltu,tp:00000000,,00b8b233,,"sltu	x4,x17,x11","tp,a7,a1",
80004854,sltu,s6:00000000,,01f0bb33,,"sltu	x22,x1,x31","s6,ra,t6",
80004858,slti,a3:00000000,,8fea2693,,"slti	x13,x20,-1794","a3,s4,-1794",
8000485c,sltiu,a6:00000000,,6fd83813,,"sltiu	x16,x16,1789","a6,a6,1789",
80004860,ori,t6:fffffaa5,,aa436f93,,"ori	x31,x6,-1372","t6,t1,-1372",
80004864,ori,sp:fffffdc3,,dc32e113,,"ori	x2,x5,-573","sp,t0,-573",
80004868,auipc,t3:03117868,,83113e17,,"auipc	x28,0x83113","t3,0x83113",
8000486c,slli,a5:00200000,,015d1793,,"slli	x15,x26,0x15","a5,s10,0x15",
80004870,sltu,gp:00000000,,000eb1b3,,"sltu	x3,x29,x0","gp,t4,zero",
80004874,xor,t6:20ac784f,,013dcfb3,,"xor	x31,x27,x19","t6,s11,s3",
80004878,slti,s6:00000000,,819cab13,,"slti	x22,x25,-2023","s6,s9,-2023",
8000487c,slt,s10:00000001,,018aad33,,"slt	x26,x21,x24","s10,s5,s8",
80004880,andi,tp:00000444,,5d757213,,"andi	x4,x10,1495","tp,a0,1495",
80004884,add,s7:83c054af,,001f8bb3,,"add	x23,x31,x1","s7,t6,ra",
80004888,lui,a4:3a9e3000,,3a9e3737,,"lui	x14,0x3a9e3","a4,0x3a9e3",
8000488c,xor,t2:00000001,,003a43b3,,"xor	x7,x20,x3","t2,s4,gp",
80004890,ori,t1:00000533,,5331e313,,"ori	x6,x3,1331","t1,gp,1331",
80004894,srl,a1:00000000,,0179d5b3,,"srl	x11,x19,x23","a1,s3,s7",
80004898,srai,ra:00000000,,41105093,,"srai	x1,x0,0x11","ra,zero,0x11",
8000489c,and,sp:01104000,,009e7133,,"and	x2,x28,x9","sp,t3,s1",
800048a0,sltu,s8:00000000,,00d8bc33,,"sltu	x24,x17,x13","s8,a7,a3",
800048a4,srli,t4:00000000,,013d5e93,,"srli	x29,x26,0x13","t4,s10,0x13",
800048a8,srai,ra:00000000,,4180d093,,"srai	x1,x1,0x18","ra,ra,0x18",
800048ac,and,s10:00000000,,01e8fd33,,"and	x26,x17,x30","s10,a7,t5",
800048b0,slt,a4:00000001,,00eea733,,"slt	x14,x29,x14","a4,t4,a4",
800048b4,slt,tp:00000001,,01f72233,,"slt	x4,x14,x31","tp,a4,t6",
800048b8,andi,a2:00000000,,27a07613,,"andi	x12,x0,634","a2,zero,634",
800048bc,slli,s11:02000000,,01921d93,,"slli	x27,x4,0x19","s11,tp,0x19",
800048c0,auipc,s8:ba6f88c0,,3a6f4c17,,"auipc	x24,0x3a6f4","s8,0x3a6f4",
800048c4,slli,s7:00000000,,01e69b93,,"slli	x23,x13,0x1e","s7,a3,0x1e",
800048c8,xori,t3:ffffffd1,,fd11ce13,,"xori	x28,x3,-47","t3,gp,-47",
800048cc,srai,s9:ffffff97,,4164dc93,,"srai	x25,x9,0x16","s9,s1,0x16",
800048d0,andi,a1:00000000,,6c6df593,,"andi	x11,x27,1734","a1,s11,1734",
800048d4,xori,s5:fffff89d,,89c24a93,,"xori	x21,x4,-1892","s5,tp,-1892",
800048d8,srai,s5:f000319c,,403f5a93,,"srai	x21,x30,0x3","s5,t5,0x3",
800048dc,sub,t0:20ac784f,,405f82b3,,"sub	x5,x31,x5","t0,t6,t0",
800048e0,sltu,s1:00000001,,013a34b3,,"sltu	x9,x20,x19","s1,s4,s3",
800048e4,sltu,a2:00000001,,004d3633,,"sltu	x12,x26,x4","a2,s10,tp",
800048e8,srli,s0:00000000,,003bd413,,"srli	x8,x23,0x3","s0,s7,0x3",
800048ec,lui,s0:3e1c5000,,3e1c5437,,"lui	x8,0x3e1c5","s0,0x3e1c5",
800048f0,lui,t2:fe671000,,fe6713b7,,"lui	x7,0xfe671","t2,0xfe671",
800048f4,xori,t6:459070bd,,87dc4f93,,"xori	x31,x24,-1923","t6,s8,-1923",
800048f8,lui,t0:c270b000,,c270b2b7,,"lui	x5,0xc270b","t0,0xc270b",
800048fc,slt,a7:00000000,,0128a8b3,,"slt	x17,x17,x18","a7,a7,s2",
80004900,sltiu,s6:00000001,,03723b13,,"sltiu	x22,x4,55","s6,tp,55",
80004904,xori,t2:80018ec9,,22df4393,,"xori	x7,x30,557","t2,t5,557",
80004908,add,tp:00000001,,01480233,,"add	x4,x16,x20","tp,a6,s4",
8000490c,srl,tp:00000001,,01a25233,,"srl	x4,x4,x26","tp,tp,s10",
80004914,lui,ra:13b3d000,,13b3d0b7,,"lui	x1,0x13b3d","ra,0x13b3d",
80004918,sub,s1:00000001,,400484b3,,"sub	x9,x9,x0","s1,s1,zero",
8000491c,or,t2:80018ec9,,007be3b3,,"or	x7,x23,x7","t2,s7,t2",
80004920,sub,t2:00000001,,400a03b3,,"sub	x7,x20,x0","t2,s4,zero",
80004924,sll,sp:80018ce4,,012f1133,,"sll	x2,x30,x18","sp,t5,s2",
80004928,sub,s5:ffffffd0,,409e0ab3,,"sub	x21,x28,x9","s5,t3,s1",
8000492c,slli,s0:00000100,,00871413,,"slli	x8,x14,0x8","s0,a4,0x8",
80004930,srl,s11:80014e64,,01755db3,,"srl	x27,x10,x23","s11,a0,s7",
80004934,srl,s2:80018ce4,,00df5933,,"srl	x18,x30,x13","s2,t5,a3",
80004938,lui,a6:139cc000,,139cc837,,"lui	x16,0x139cc","a6,0x139cc",
8000493c,lui,s7:47f03000,,47f03bb7,,"lui	x23,0x47f03","s7,0x47f03",
80004940,sra,t3:f80018ce,,40215e33,,"sra	x28,x2,x2","t3,sp,sp",
80004944,xori,t1:fffffa71,,a715c313,,"xori	x6,x11,-1423","t1,a1,-1423",
80004948,slt,ra:00000000,,0188a0b3,,"slt	x1,x17,x24","ra,a7,s8",
8000494c,sub,s5:ba6f9043,,41f40ab3,,"sub	x21,x8,x31","s5,s0,t6",
80004950,and,s9:00000000,,01267cb3,,"and	x25,x12,x18","s9,a2,s2",
80004954,srl,s0:00000001,,00175433,,"srl	x8,x14,x1","s0,a4,ra",
80004958,xori,s1:000004ea,,4ebb4493,,"xori	x9,x22,1259","s1,s6,1259",
8000495c,srai,a4:00000000,,40f4d713,,"srai	x14,x9,0xf","a4,s1,0xf",
80004960,srai,t1:00000020,,4107d313,,"srai	x6,x15,0x10","t1,a5,0x10",
80004964,srl,s0:00000000,,0165d433,,"srl	x8,x11,x22","s0,a1,s6",
80004968,sltu,a4:00000000,,003ab733,,"sltu	x14,x21,x3","a4,s5,gp",
8000496c,sra,a1:80018ce4,,401155b3,,"sra	x11,x2,x1","a1,sp,ra",
80004970,xori,a3:fffffd6f,,d6e3c693,,"xori	x13,x7,-658","a3,t2,-658",
80004974,slt,t0:00000000,,00e722b3,,"slt	x5,x14,x14","t0,a4,a4",
80004978,add,s11:00000001,,01d38db3,,"add	x27,x7,x29","s11,t2,t4",
8000497c,xor,gp:00000001,,00edc1b3,,"xor	x3,x27,x14","gp,s11,a4",
80004980,or,a1:00000001,,007ce5b3,,"or	x11,x25,x7","a1,s9,t2",
80004984,add,a2:80018ce5,,00710633,,"add	x12,x2,x7","a2,sp,t2",
80004988,srli,t1:00000000,,001dd313,,"srli	x6,x27,0x1","t1,s11,0x1",
8000498c,srai,tp:00000000,,41305213,,"srai	x4,x0,0x13","tp,zero,0x13",
80004990,add,a7:0000000f,,01a988b3,,"add	x17,x19,x26","a7,s3,s10",
80004994,xor,a6:b80fcd6f,,00dbc833,,"xor	x16,x23,x13","a6,s7,a3",
80004998,slli,s9:00000000,,014b9c93,,"slli	x25,x23,0x14","s9,s7,0x14",
8000499c,sltiu,s0:00000000,,09c93413,,"sltiu	x8,x18,156","s0,s2,156",
800049a0,srai,t4:ffffffff,,41c6de93,,"srai	x29,x13,0x1c","t4,a3,0x1c",
800049a8,srli,t1:00000000,,0061d313,,"srli	x6,x3,0x6","t1,gp,0x6",
800049ac,add,s11:b26fa911,,01ca8db3,,"add	x27,x21,x28","s11,s5,t3",
800049b0,sra,s4:80018ce4,,40095a33,,"sra	x20,x18,x0","s4,s2,zero",
800049b4,slti,t2:00000001,,2ba32393,,"slti	x7,x6,698","t2,t1,698",
800049b8,slli,s10:90000000,,01af1d13,,"slli	x26,x30,0x1a","s10,t5,0x1a",
800049bc,xori,t1:7ffe713e,,dda14313,,"xori	x6,x2,-550","t1,sp,-550",
800049c0,sub,tp:fffffd6e,,40b68233,,"sub	x4,x13,x11","tp,a3,a1",
800049c4,or,a2:ba6f88c0,,018ce633,,"or	x12,x25,x24","a2,s9,s8",
800049c8,xor,ra:07ffe731,,01cec0b3,,"xor	x1,x29,x28","ra,t4,t3",
800049cc,lui,t3:0fdc3000,,0fdc3e37,,"lui	x28,0xfdc3","t3,0xfdc3",
800049d0,sub,tp:45907741,,40c18233,,"sub	x4,x3,x12","tp,gp,a2",
800049d4,sra,s7:80018ce4,,419f5bb3,,"sra	x23,x30,x25","s7,t5,s9",
800049d8,auipc,a5:fad479d8,,7ad43797,,"auipc	x15,0x7ad43","a5,0x7ad43",
800049dc,srli,s2:00000002,,01ea5913,,"srli	x18,x20,0x1e","s2,s4,0x1e",
800049e0,or,s5:07ffe731,,00e0eab3,,"or	x21,x1,x14","s5,ra,a4",
800049e4,ori,a1:459072fd,,2f8fe593,,"ori	x11,x31,760","a1,t6,760",
800049e8,auipc,a2:e50709e8,,6506c617,,"auipc	x12,0x6506c","a2,0x6506c",
800049ec,xor,s9:00000001,,003cccb3,,"xor	x25,x25,x3","s9,s9,gp",
800049f0,srai,sp:ffffffff,,40fed113,,"srai	x2,x29,0xf","sp,t4,0xf",
800049f4,srai,sp:fdc07e6b,,40585113,,"srai	x2,x16,0x5","sp,a6,0x5",
800049fc,andi,tp:00000000,,39ee7213,,"andi	x4,x28,926","tp,t3,926",
80004a00,and,a3:0000002a,,009376b3,,"and	x13,x6,x9","a3,t1,s1",
80004a04,sub,t2:ffffffff,,412383b3,,"sub	x7,x7,x18","t2,t2,s2",
80004a08,andi,t6:00000009,,fe99ff93,,"andi	x31,x19,-23","t6,s3,-23",
80004a0c,srli,s6:00000000,,00f95b13,,"srli	x22,x18,0xf","s6,s2,0xf",
80004a14,ori,s2:0000027f,,2709e913,,"ori	x18,x19,624","s2,s3,624",
80004a18,and,a4:b80fcd6f,,01d87733,,"and	x14,x16,x29","a4,a6,t4",
80004a1c,add,s0:17dc1731,,01c08433,,"add	x8,x1,x28","s0,ra,t3",
80004a20,add,s4:327135f5,,01bf0a33,,"add	x20,x30,x27","s4,t5,s11",
80004a24,sltu,s8:00000000,,01533c33,,"sltu	x24,x6,x21","s8,t1,s5",
80004a28,xor,s8:7801960f,,01534c33,,"xor	x24,x6,x21","s8,t1,s5",
80004a2c,xor,a4:c8a54c2d,,0147c733,,"xor	x14,x15,x20","a4,a5,s4",
80004a30,xori,s0:cd8ecf13,,ae6a4413,,"xori	x8,x20,-1306","s0,s4,-1306",
80004a34,sub,t6:47cff492,,40258fb3,,"sub	x31,x11,x2","t6,a1,sp",
80004a38,sll,s5:00000000,,011b1ab3,,"sll	x21,x22,x17","s5,s6,a7",
80004a40,slt,a2:00000001,,003aa633,,"slt	x12,x21,x3","a2,s5,gp",
80004a44,sra,t2:19389afa,,419a53b3,,"sra	x7,x20,x25","t2,s4,s9",
80004a48,sra,s6:00000000,,41b1db33,,"sra	x22,x3,x27","s6,gp,s11",
80004a4c,lui,s2:3c91f000,,3c91f937,,"lui	x18,0x3c91f","s2,0x3c91f",
80004a50,sltu,s6:00000000,,000cbb33,,"sltu	x22,x25,x0","s6,s9,zero",
80004a54,xor,s9:7ffe7131,,01334cb3,,"xor	x25,x6,x19","s9,t1,s3",
80004a58,sltu,s5:00000000,,00943ab3,,"sltu	x21,x8,x9","s5,s0,s1",
80004a5c,srli,gp:00000400,,01555193,,"srli	x3,x10,0x15","gp,a0,0x15",
80004a60,andi,ra:00000000,,ece07093,,"andi	x1,x0,-306","ra,zero,-306",
80004a64,and,a6:7dc0702a,,00237833,,"and	x16,x6,x2","a6,t1,sp",
80004a68,srl,a4:00010003,,018bd733,,"srl	x14,x23,x24","a4,s7,s8",
80004a6c,ori,a3:fffffe7f,,a3716693,,"ori	x13,x2,-1481","a3,sp,-1481",
80004a70,slli,tp:6bea0000,,011a1213,,"slli	x4,x20,0x11","tp,s4,0x11",
80004a74,andi,a5:0fdc3000,,e49e7793,,"andi	x15,x28,-439","a5,t3,-439",
80004a78,slt,a6:00000001,,01fba833,,"slt	x16,x23,x31","a6,s7,t6",
80004a7c,srai,a3:00019389,,40da5693,,"srai	x13,x20,0xd","a3,s4,0xd",
80004a80,slt,s9:00000000,,01e0acb3,,"slt	x25,x1,x30","s9,ra,t5",
80004a84,andi,a1:00000000,,00af7593,,"andi	x11,x30,10","a1,t5,10",
80004a88,add,gp:80018ce5,,01e801b3,,"add	x3,x16,x30","gp,a6,t5",
80004a8c,or,a6:0001938f,,00d8e833,,"or	x16,x17,x13","a6,a7,a3",
80004a90,sltiu,t3:00000001,,37dabe13,,"sltiu	x28,x21,893","t3,s5,893",
80004a94,srai,t1:fff701f9,,40615313,,"srai	x6,x2,0x6","t1,sp,0x6",
80004a98,slli,s4:80000000,,003d1a13,,"slli	x20,x26,0x3","s4,s10,0x3",
80004a9c,sub,s8:37f3c492,,40ff8c33,,"sub	x24,x31,x15","s8,t6,a5",
80004aa0,slli,a2:1938f000,,00c81613,,"slli	x12,x16,0xc","a2,a6,0xc",
80004aa4,lui,t6:0cea3000,,0cea3fb7,,"lui	x31,0xcea3","t6,0xcea3",
80004aa8,xori,s5:7ffe7103,,de7f4a93,,"xori	x21,x30,-537","s5,t5,-537",
80004aac,sll,s7:cf124800,,009c1bb3,,"sll	x23,x24,x9","s7,s8,s1",
80004ab0,srai,s4:fffd937d,,40ddda13,,"srai	x20,x27,0xd","s4,s11,0xd",
80004ab4,sltu,s2:00000000,,00563933,,"sltu	x18,x12,x5","s2,a2,t0",
80004ab8,srl,ra:00000000,,0165d0b3,,"srl	x1,x11,x22","ra,a1,s6",
80004ac0,slli,a6:c0000000,,01e89813,,"slli	x16,x17,0x1e","a6,a7,0x1e",
80004ac4,srai,s2:00000000,,4099d913,,"srai	x18,x19,0x9","s2,s3,0x9",
80004ac8,sub,a6:cd8ecf13,,40140833,,"sub	x16,x8,x1","a6,s0,ra",
80004acc,slli,s7:00000000,,018c9b93,,"slli	x23,x25,0x18","s7,s9,0x18",
80004ad0,lui,t1:7f8c9000,,7f8c9337,,"lui	x6,0x7f8c9","t1,0x7f8c9",
80004ad4,xor,a2:e6c70fff,,01d64633,,"xor	x12,x12,x29","a2,a2,t4",
80004ad8,xor,t4:859c6d83,,01bc4eb3,,"xor	x29,x24,x27","t4,s8,s11",
80004adc,sub,t4:7ffe731c,,41e08eb3,,"sub	x29,x1,x30","t4,ra,t5",
80004ae0,and,t1:fdc01269,,01417333,,"and	x6,x2,x20","t1,sp,s4",
80004ae4,srl,t2:0000000e,,01d653b3,,"srl	x7,x12,x29","t2,a2,t4",
80004ae8,sltiu,s7:00000001,,be0cbb93,,"sltiu	x23,x25,-1056","s7,s9,-1056",
80004aec,sltu,s5:00000001,,01d7bab3,,"sltu	x21,x15,x29","s5,a5,t4",
80004af0,slti,a3:00000001,,0d882693,,"slti	x13,x16,216","a3,a6,216",
80004af4,srai,a4:00000000,,4072d713,,"srai	x14,x5,0x7","a4,t0,0x7",
80004af8,slti,a4:00000000,,4f5c2713,,"slti	x14,x24,1269","a4,s8,1269",
80004afc,xori,s9:cd8ec9a3,,6b084c93,,"xori	x25,x16,1712","s9,a6,1712",
80004b00,add,s6:4d905bf8,,00380b33,,"add	x22,x16,x3","s6,a6,gp",
80004b04,sra,sp:3fff398e,,41ced133,,"sra	x2,x29,x28","sp,t4,t3",
80004b08,slti,s9:00000000,,8610ac93,,"slti	x25,x1,-1951","s9,ra,-1951",
80004b0c,and,a1:0d8c0000,,00f875b3,,"and	x11,x16,x15","a1,a6,a5",
80004b14,slli,a3:48880000,,013d9693,,"slli	x13,x27,0x13","a3,s11,0x13",
80004b18,auipc,ra:0654fb18,,8654b097,,"auipc	x1,0x8654b","ra,0x8654b",
80004b1c,sltiu,a7:00000001,,add8b893,,"sltiu	x17,x17,-1315","a7,a7,-1315",
80004b20,or,s11:c8898ce5,,00d1edb3,,"or	x27,x3,x13","s11,gp,a3",
80004b24,xor,s9:000004e4,,0093ccb3,,"xor	x25,x7,x9","s9,t2,s1",
80004b28,sll,ra:11000000,,003690b3,,"sll	x1,x13,x3","ra,a3,gp",
80004b30,srl,s5:080018ce,,00a1dab3,,"srl	x21,x3,x10","s5,gp,a0",
80004b38,lui,s1:6ade5000,,6ade54b7,,"lui	x9,0x6ade5","s1,0x6ade5",
80004b40,slt,t6:00000001,,001cafb3,,"slt	x31,x25,x1","t6,s9,ra",
80004b44,and,a7:0000000e,,007af8b3,,"and	x17,x21,x7","a7,s5,t2",
80004b48,lui,s11:01719000,,01719db7,,"lui	x27,0x1719","s11,0x1719",
80004b4c,srl,tp:00000000,,00175233,,"srl	x4,x14,x1","tp,a4,ra",
80004b50,addi,s5:00000083,,07498a93,,"addi	x21,x19,116","s5,s3,116",
80004b54,lui,s10:ae315000,,ae315d37,,"lui	x26,0xae315","s10,0xae315",
80004b58,srl,s0:00000000,,003bd433,,"srl	x8,x23,x3","s0,s7,gp",
80004b5c,ori,t2:fffd937f,,053a6393,,"ori	x7,x20,83","t2,s4,83",
80004b60,ori,a3:ae315245,,245d6693,,"ori	x13,x26,581","a3,s10,581",
80004b68,lui,s7:8bac1000,,8bac1bb7,,"lui	x23,0x8bac1","s7,0x8bac1",
80004b6c,addi,t4:000001f0,,1f090e93,,"addi	x29,x18,496","t4,s2,496",
80004b70,sll,s11:0fdc3000,,00f79db3,,"sll	x27,x15,x15","s11,a5,a5",
80004b74,sub,t3:92e1c269,,40930e33,,"sub	x28,x6,x9","t3,t1,s1",
80004b78,sub,s8:424d60ed,,41078c33,,"sub	x24,x15,x16","s8,a5,a6",
80004b7c,sltu,s7:00000001,,01c0bbb3,,"sltu	x23,x1,x28","s7,ra,t3",
80004b80,srl,a2:80014e64,,00555633,,"srl	x12,x10,x5","a2,a0,t0",
80004b84,srai,a2:07ee1800,,401dd613,,"srai	x12,x27,0x1","a2,s11,0x1",
80004b88,srl,s5:ae315000,,005d5ab3,,"srl	x21,x26,x5","s5,s10,t0",
80004b8c,sub,t3:10ffffff,,41f08e33,,"sub	x28,x1,x31","t3,ra,t6",
80004b90,lui,s7:63e0a000,,63e0abb7,,"lui	x23,0x63e0a","s7,0x63e0a",
80004b94,andi,a7:00000535,,535e7893,,"andi	x17,x28,1333","a7,t3,1333",
80004b98,srai,sp:fae31500,,404d5113,,"srai	x2,x26,0x4","sp,s10,0x4",
80004b9c,and,t4:000000e4,,019c7eb3,,"and	x29,x24,x25","t4,s8,s9",
80004ba4,slt,s7:00000000,,01a92bb3,,"slt	x23,x18,x26","s7,s2,s10",
80004ba8,xori,t0:fae310e5,,5e514293,,"xori	x5,x2,1509","t0,sp,1509",
80004bac,sltu,sp:00000001,,01543133,,"sltu	x2,x8,x21","sp,s0,s5",
80004bb0,sra,a5:00000000,,41b457b3,,"sra	x15,x8,x27","a5,s0,s11",
80004bb4,slti,s2:00000000,,a8c12913,,"slti	x18,x2,-1396","s2,sp,-1396",
80004bb8,slli,t2:b8600000,,00a61393,,"slli	x7,x12,0xa","t2,a2,0xa",
80004bbc,xori,s6:000003aa,,74eccb13,,"xori	x22,x25,1870","s6,s9,1870",
80004bc0,srai,s6:00000000,,4139db13,,"srai	x22,x19,0x13","s6,s3,0x13",
80004bc4,or,s0:0fdc3001,,002de433,,"or	x8,x27,x2","s0,s11,sp",
80004bc8,andi,a3:00000000,,e6c7f693,,"andi	x13,x15,-404","a3,a5,-404",
80004bcc,srai,t2:0000010f,,414e5393,,"srai	x7,x28,0x14","t2,t3,0x14",
80004bd0,ori,s5:ffffffff,,dcee6a93,,"ori	x21,x28,-562","s5,t3,-562",
80004bd8,or,s7:fffd937d,,0146ebb3,,"or	x23,x13,x20","s7,a3,s4",
80004bdc,srl,t3:000000e4,,00dede33,,"srl	x28,x29,x13","t3,t4,a3",
80004be0,sltiu,s10:00000001,,e0ffbd13,,"sltiu	x26,x31,-497","s10,t6,-497",
80004be4,xor,s11:0fdc3001,,00894db3,,"xor	x27,x18,x8","s11,s2,s0",
80004be8,slti,a4:00000001,,7b282713,,"slti	x14,x16,1970","a4,a6,1970",
80004bec,srl,tp:00066c76,,01885233,,"srl	x4,x16,x24","tp,a6,s8",
80004bf0,andi,s1:00000406,,58f27493,,"andi	x9,x4,1423","s1,tp,1423",
80004bf4,add,a7:424d65d1,,019c08b3,,"add	x17,x24,x25","a7,s8,s9",
80004bf8,andi,tp:00000060,,360e7213,,"andi	x4,x28,864","tp,t3,864",
80004bfc,slt,s1:00000001,,019124b3,,"slt	x9,x2,x25","s1,sp,s9",
80004c04,add,s4:80018ce6,,00310a33,,"add	x20,x2,x3","s4,sp,gp",
80004c08,slt,s10:00000001,,0017ad33,,"slt	x26,x15,x1","s10,a5,ra",
80004c0c,addi,a1:ffffffae,,fae68593,,"addi	x11,x13,-82","a1,a3,-82",
80004c10,lui,t3:12492000,,12492e37,,"lui	x28,0x12492","t3,0x12492",
80004c14,sltiu,a5:00000001,,80de3793,,"sltiu	x15,x28,-2035","a5,t3,-2035",
80004c18,srli,t6:00000000,,01075f93,,"srli	x31,x14,0x10","t6,a4,0x10",
80004c1c,srli,tp:00000000,,01ad5213,,"srli	x4,x26,0x1a","tp,s10,0x1a",
80004c20,slli,s0:00000000,,01e61413,,"slli	x8,x12,0x1e","s0,a2,0x1e",
80004c24,srai,t0:0007ee18,,409dd293,,"srai	x5,x27,0x9","t0,s11,0x9",
80004c28,sltu,s5:00000000,,0131bab3,,"sltu	x21,x3,x19","s5,gp,s3",
80004c2c,slti,a3:00000000,,9c492693,,"slti	x13,x18,-1596","a3,s2,-1596",
80004c30,xori,s2:000003b8,,3b94c913,,"xori	x18,x9,953","s2,s1,953",
80004c34,lui,a1:e0c2f000,,e0c2f5b7,,"lui	x11,0xe0c2f","a1,0xe0c2f",
80004c38,srai,s0:00000000,,40445413,,"srai	x8,x8,0x4","s0,s0,0x4",
80004c40,slti,s8:00000001,,75bbac13,,"slti	x24,x23,1883","s8,s7,1883",
80004c44,sub,s2:edb6e001,,41cd0933,,"sub	x18,x26,x28","s2,s10,t3",
80004c48,sltu,s9:00000000,,000cbcb3,,"sltu	x25,x25,x0","s9,s9,zero",
80004c4c,srli,s10:00000000,,00305d13,,"srli	x26,x0,0x3","s10,zero,0x3",
80004c50,addi,gp:80014e82,,01e50193,,"addi	x3,x10,30","gp,a0,30",
80004c54,xor,t4:80014e64,,01554eb3,,"xor	x29,x10,x21","t4,a0,s5",
80004c58,add,s1:11000000,,000084b3,,"add	x9,x1,x0","s1,ra,zero",
80004c5c,sra,s5:00000000,,402c5ab3,,"sra	x21,x24,x2","s5,s8,sp",
80004c60,add,s4:80014e64,,00d50a33,,"add	x20,x10,x13","s4,a0,a3",
80004c64,andi,gp:00000618,,65b2f193,,"andi	x3,x5,1627","gp,t0,1627",
80004c68,srli,s5:00000049,,016e5a93,,"srli	x21,x28,0x16","s5,t3,0x16",
80004c6c,sltu,s7:00000000,,01033bb3,,"sltu	x23,x6,x16","s7,t1,a6",
80004c70,xori,s7:00000212,,21244b93,,"xori	x23,x8,530","s7,s0,530",
80004c74,ori,s9:0000031f,,3159ec93,,"ori	x25,x19,789","s9,s3,789",
80004c78,srli,ra:00000000,,010fd093,,"srli	x1,x31,0x10","ra,t6,0x10",
80004c7c,lui,tp:b0a16000,,b0a16237,,"lui	x4,0xb0a16","tp,0xb0a16",
80004c80,sltiu,s4:00000001,,9b35ba13,,"sltiu	x20,x11,-1613","s4,a1,-1613",
80004c84,ori,s10:fffffc50,,c50b6d13,,"ori	x26,x22,-944","s10,s6,-944",
80004c88,andi,s8:00000000,,36277c13,,"andi	x24,x14,866","s8,a4,866",
80004c8c,add,s8:11000001,,01448c33,,"add	x24,x9,x20","s8,s1,s4",
80004c90,xori,a3:fdc01038,,25134693,,"xori	x13,x6,593","a3,t1,593",
80004c98,or,t0:00000618,,003062b3,,"or	x5,x0,x3","t0,zero,gp",
80004c9c,xor,a3:304edf2b,,00d846b3,,"xor	x13,x16,x13","a3,a6,a3",
80004ca0,and,tp:00000000,,01f57233,,"and	x4,x10,x31","tp,a0,t6",
80004ca4,srli,ra:00000000,,00405093,,"srli	x1,x0,0x4","ra,zero,0x4",
80004ca8,andi,t2:00000000,,f470f393,,"andi	x7,x1,-185","t2,ra,-185",
80004cac,or,a7:0000000f,,0049e8b3,,"or	x17,x19,x4","a7,s3,tp",
80004cb0,sll,s9:0018ce40,,01ef1cb3,,"sll	x25,x30,x30","s9,t5,t5",
80004cb4,add,s1:00000000,,000b04b3,,"add	x9,x22,x0","s1,s6,zero",
80004cb8,xor,t6:0000040a,,0172cfb3,,"xor	x31,x5,x23","t6,t0,s7",
80004cc0,slti,t4:00000001,,574a2e93,,"slti	x29,x20,1396","t4,s4,1396",
80004cc4,slti,ra:00000000,,98842093,,"slti	x1,x8,-1656","ra,s0,-1656",
80004cc8,addi,t0:e0c2f377,,37758293,,"addi	x5,x11,887","t0,a1,887",
80004cd0,sub,a2:cfb11d25,,40dd0633,,"sub	x12,x26,x13","a2,s10,a3",
80004cd4,addi,tp:fffffa25,,a2540213,,"addi	x4,x8,-1499","tp,s0,-1499",
80004cd8,sub,s2:12492409,,412f8933,,"sub	x18,x31,x18","s2,t6,s2",
80004cdc,slli,sp:00000848,,002b9113,,"slli	x2,x23,0x2","sp,s7,0x2",
80004ce0,srli,s11:00000002,,01bc5d93,,"srli	x27,x24,0x1b","s11,s8,0x1b",
80004ce4,lui,s11:5a821000,,5a821db7,,"lui	x27,0x5a821","s11,0x5a821",
80004ce8,andi,s11:00000404,,51ef7d93,,"andi	x27,x30,1310","s11,t5,1310",
80004cec,xori,t2:fffffe10,,e100c393,,"xori	x7,x1,-496","t2,ra,-496",
80004cf0,sra,t6:00000000,,41f4dfb3,,"sra	x31,x9,x31","t6,s1,t6",
80004cf4,sltu,t2:00000000,,01fa33b3,,"sltu	x7,x20,x31","t2,s4,t6",
80004cf8,and,t3:00000000,,0063fe33,,"and	x28,x7,x6","t3,t2,t1",
80004d00,xor,a3:80018cad,,015f46b3,,"xor	x13,x30,x21","a3,t5,s5",
80004d04,add,s7:00000002,,01da0bb3,,"add	x23,x20,x29","s7,s4,t4",
80004d08,andi,s7:00000000,,7363fb93,,"andi	x23,x7,1846","s7,t2,1846",
80004d0c,sub,t0:cd8ecf13,,416802b3,,"sub	x5,x16,x22","t0,a6,s6",
80004d10,xori,s8:eefffdb5,,db4c4c13,,"xori	x24,x24,-588","s8,s8,-588",
80004d14,add,s4:cd8ecb63,,01a80a33,,"add	x20,x16,x26","s4,a6,s10",
80004d18,add,s4:eefff7da,,01820a33,,"add	x20,x4,x24","s4,tp,s8",
80004d1c,sll,s0:00000000,,006b9433,,"sll	x8,x23,x6","s0,s7,t1",
80004d20,and,t2:00000000,,01f373b3,,"and	x7,x6,x31","t2,t1,t6",
80004d24,sra,t0:00000000,,40ffd2b3,,"sra	x5,x31,x15","t0,t6,a5",
80004d28,xori,sp:ffffffe7,,fe89c113,,"xori	x2,x19,-24","sp,s3,-24",
80004d2c,or,t3:00000001,,00eeee33,,"or	x28,x29,x14","t3,t4,a4",
80004d30,sub,a5:00000001,,417787b3,,"sub	x15,x15,x23","a5,a5,s7",
80004d34,sub,t1:fffffc69,,402d0333,,"sub	x6,x26,x2","t1,s10,sp",
80004d38,auipc,s8:95faad38,,15fa6c17,,"auipc	x24,0x15fa6","s8,0x15fa6",
80004d3c,addi,s7:00000363,,36308b93,,"addi	x23,x1,867","s7,ra,867",
80004d40,lui,a2:cf51b000,,cf51b637,,"lui	x12,0xcf51b","a2,0xcf51b",
80004d44,slti,t2:00000001,,c20a2393,,"slti	x7,x20,-992","t2,s4,-992",
80004d48,andi,ra:00000003,,06787093,,"andi	x1,x16,103","ra,a6,103",
80004d4c,slt,a5:00000001,,003ea7b3,,"slt	x15,x29,x3","a5,t4,gp",
80004d50,xori,a7:fffffcd0,,cd004893,,"xori	x17,x0,-816","a7,zero,-816",
80004d58,xori,s10:cd8ecd5a,,24984d13,,"xori	x26,x16,585","s10,a6,585",
80004d5c,sra,s9:00000000,,40445cb3,,"sra	x25,x8,x4","s9,s0,tp",
80004d60,slti,s2:00000001,,23bf2913,,"slti	x18,x30,571","s2,t5,571",
80004d64,sll,s1:00000003,,008094b3,,"sll	x9,x1,x8","s1,ra,s0",
80004d68,sra,s5:00000000,,4100dab3,,"sra	x21,x1,x16","s5,ra,a6",
80004d6c,sltiu,a4:00000001,,297ab713,,"sltiu	x14,x21,663","a4,s5,663",
80004d70,ori,s9:fffffb05,,b053ec93,,"ori	x25,x7,-1275","s9,t2,-1275",
80004d74,srli,ra:00000000,,016bd093,,"srli	x1,x23,0x16","ra,s7,0x16",
80004d78,slli,ra:b1d9e260,,00581093,,"slli	x1,x16,0x5","ra,a6,0x5",
80004d7c,sub,tp:30ae4fe7,,40c10233,,"sub	x4,x2,x12","tp,sp,a2",
80004d80,lui,a2:02d20000,,02d20637,,"lui	x12,0x2d20","a2,0x2d20",
80004d84,slt,s5:00000000,,0149aab3,,"slt	x21,x19,x20","s5,s3,s4",
80004d88,slt,s9:00000000,,00692cb3,,"slt	x25,x18,x6","s9,s2,t1",
80004d8c,addi,s1:80018660,,9b368493,,"addi	x9,x13,-1613","s1,a3,-1613",
80004d90,sltu,ra:00000000,,008030b3,,"sltu	x1,x0,x8","ra,zero,s0",
80004d94,sltiu,t6:00000001,,2262bf93,,"sltiu	x31,x5,550","t6,t0,550",
80004d98,lui,t4:cd5be000,,cd5beeb7,,"lui	x29,0xcd5be","t4,0xcd5be",
80004d9c,sltu,s1:00000001,,003db4b3,,"sltu	x9,x27,x3","s1,s11,gp",
80004da0,andi,a3:00000000,,77c5f693,,"andi	x13,x11,1916","a3,a1,1916",
80004da4,or,s2:eefff7da,,014ce933,,"or	x18,x25,x20","s2,s9,s4",
80004da8,sra,t6:00000001,,4007dfb3,,"sra	x31,x15,x0","t6,a5,zero",
80004dac,or,s11:ffffffe7,,0024edb3,,"or	x27,x9,x2","s11,s1,sp",
80004db0,addi,a5:ffffff56,,f5570793,,"addi	x15,x14,-171","a5,a4,-171",
80004db4,and,s6:00000000,,005e7b33,,"and	x22,x28,x5","s6,t3,t0",
80004db8,addi,s10:00000644,,65d10d13,,"addi	x26,x2,1629","s10,sp,1629",
80004dc0,sltiu,s1:00000001,,c7f2b493,,"sltiu	x9,x5,-897","s1,t0,-897",
80004dc4,slt,s10:00000001,,019ead33,,"slt	x26,x29,x25","s10,t4,s9",
80004dc8,sltiu,gp:00000001,,73c1b193,,"sltiu	x3,x3,1852","gp,gp,1852",
80004dcc,sltiu,s10:00000000,,8257bd13,,"sltiu	x26,x15,-2011","s10,a5,-2011",
80004dd0,slli,s2:70000000,,01cd9913,,"slli	x18,x27,0x1c","s2,s11,0x1c",
80004dd4,srli,t6:00000000,,01975f93,,"srli	x31,x14,0x19","t6,a4,0x19",
80004dd8,andi,sp:02d20000,,ba867113,,"andi	x2,x12,-1112","sp,a2,-1112",
80004ddc,auipc,s6:10edaddc,,90ed6b17,,"auipc	x22,0x90ed6","s6,0x90ed6",
80004de0,andi,a5:00000000,,2650f793,,"andi	x15,x1,613","a5,ra,613",
80004de4,ori,sp:fffff86a,,86ace113,,"ori	x2,x25,-1942","sp,s9,-1942",
80004dec,sll,gp:615c9fce,,009211b3,,"sll	x3,x4,x9","gp,tp,s1",
80004df0,andi,s0:00000020,,1b117413,,"andi	x8,x2,433","s0,sp,433",
80004df4,or,t1:ffffffe7,,00ade333,,"or	x6,x27,x10","t1,s11,a0",
80004df8,ori,gp:fffffe7c,,c5856193,,"ori	x3,x10,-936","gp,a0,-936",
80004dfc,andi,s10:00000000,,caa77d13,,"andi	x26,x14,-854","s10,a4,-854",
80004e00,ori,s6:fffff9fc,,9fc5eb13,,"ori	x22,x11,-1540","s6,a1,-1540",
80004e04,slli,a4:615c9fce,,00121713,,"slli	x14,x4,0x1","a4,tp,0x1",
80004e08,sltu,s7:00000001,,0166bbb3,,"sltu	x23,x13,x22","s7,a3,s6",
80004e0c,or,s5:ffffffe7,,01b06ab3,,"or	x21,x0,x27","s5,zero,s11",
80004e10,sll,a7:00000780,,015998b3,,"sll	x17,x19,x21","a7,s3,s5",
80004e14,lui,t0:8f839000,,8f8392b7,,"lui	x5,0x8f839","t0,0x8f839",
80004e18,addi,s8:cd8ecc57,,d4480c13,,"addi	x24,x16,-700","s8,a6,-700",
80004e1c,ori,sp:ffffffe2,,fe2fe113,,"ori	x2,x31,-30","sp,t6,-30",
80004e20,lui,tp:d4110000,,d4110237,,"lui	x4,0xd4110","tp,0xd4110",
80004e24,add,t3:70000000,,01268e33,,"add	x28,x13,x18","t3,a3,s2",
80004e28,add,gp:d4110000,,001201b3,,"add	x3,x4,x1","gp,tp,ra",
80004e2c,slt,s11:00000001,,01d2adb3,,"slt	x27,x5,x29","s11,t0,t4",
80004e30,sra,gp:fffff9fc,,41cb51b3,,"sra	x3,x22,x28","gp,s6,t3",
80004e34,lui,a5:3fa44000,,3fa447b7,,"lui	x15,0x3fa44","a5,0x3fa44",
80004e38,srli,s10:001c0000,,00a95d13,,"srli	x26,x18,0xa","s10,s2,0xa",
80004e3c,srl,s10:00000000,,015ddd33,,"srl	x26,x27,x21","s10,s11,s5",
80004e44,srl,s7:ffffffe7,,011adbb3,,"srl	x23,x21,x17","s7,s5,a7",
80004e48,or,tp:df939000,,0042e233,,"or	x4,x5,x4","tp,t0,tp",
80004e4c,or,t1:02d20020,,00866333,,"or	x6,x12,x8","t1,a2,s0",
80004e50,xor,s9:df939001,,0044ccb3,,"xor	x25,x9,x4","s9,s1,tp",
80004e54,add,t4:80014e64,,00d50eb3,,"add	x29,x10,x13","t4,a0,a3",
80004e58,xori,t6:11000cd3,,b09a4f93,,"xori	x31,x20,-1271","t6,s4,-1271",
80004e5c,add,t3:cd8ecf22,,01098e33,,"add	x28,x19,x16","t3,s3,a6",
80004e60,sltiu,a4:00000000,,189f3713,,"sltiu	x14,x30,393","a4,t5,393",
80004e64,srai,a2:002d2000,,40465613,,"srai	x12,x12,0x4","a2,a2,0x4",
80004e68,sub,tp:cd8ecf13,,40e80233,,"sub	x4,x16,x14","tp,a6,a4",
80004e70,sub,t4:00000613,,40398eb3,,"sub	x29,x19,x3","t4,s3,gp",
80004e74,xor,s10:00000000,,01a6cd33,,"xor	x26,x13,x26","s10,a3,s10",
80004e78,slt,sp:00000000,,0143a133,,"slt	x2,x7,x20","sp,t2,s4",
80004e7c,sub,t4:217128c7,,404a0eb3,,"sub	x29,x20,x4","t4,s4,tp",
80004e80,sltiu,t3:00000001,,ecc6be13,,"sltiu	x28,x13,-308","t3,a3,-308",
80004e84,sltu,a3:00000001,,0086b6b3,,"sltu	x13,x13,x8","a3,a3,s0",
80004e88,srli,t3:00000000,,00a15e13,,"srli	x28,x2,0xa","t3,sp,0xa",
80004e8c,lui,s8:f7b35000,,f7b35c37,,"lui	x24,0xf7b35","s8,0xf7b35",
80004e90,sra,t4:ffff0002,,41355eb3,,"sra	x29,x10,x19","t4,a0,s3",
80004e94,srai,s4:00000000,,4164da13,,"srai	x20,x9,0x16","s4,s1,0x16",
80004e98,add,s4:8f839001,,00d28a33,,"add	x20,x5,x13","s4,t0,a3",
80004e9c,sub,s1:eefff32d,,41f704b3,,"sub	x9,x14,x31","s1,a4,t6",
80004ea0,sra,s7:fdf93900,,41ecdbb3,,"sra	x23,x25,x30","s7,s9,t5",
80004ea4,slt,s1:00000001,,009f24b3,,"slt	x9,x30,x9","s1,t5,s1",
80004ea8,sltu,s7:00000000,,008fbbb3,,"sltu	x23,x31,x8","s7,t6,s0",
80004eac,slt,t3:00000000,,016dae33,,"slt	x28,x27,x22","t3,s11,s6",
80004eb0,lui,a6:b391d000,,b391d837,,"lui	x16,0xb391d","a6,0xb391d",
80004eb4,srli,ra:000000ff,,018b5093,,"srli	x1,x22,0x18","ra,s6,0x18",
80004eb8,xor,t0:70000001,,0124c2b3,,"xor	x5,x9,x18","t0,s1,s2",
80004ebc,sltiu,ra:00000000,,0f3ab093,,"sltiu	x1,x21,243","ra,s5,243",
80004ec0,addi,t3:ffffff6e,,57218e13,,"addi	x28,x3,1394","t3,gp,1394",
80004ec4,auipc,a4:c140eec4,,4140a717,,"auipc	x14,0x4140a","a4,0x4140a",
80004ec8,srli,s0:00000000,,001d5413,,"srli	x8,x26,0x1","s0,s10,0x1",
80004ecc,or,a2:0000000f,,01346633,,"or	x12,x8,x19","a2,s0,s3",
80004ed0,xor,s6:8f839001,,0140cb33,,"xor	x22,x1,x20","s6,ra,s4",
80004ed4,add,a5:3140eec5,,005707b3,,"add	x15,x14,x5","a5,a4,t0",
80004ed8,srai,s9:0000000b,,41635c93,,"srai	x25,x6,0x16","s9,t1,0x16",
80004edc,xori,s9:0000002e,,7ae8cc93,,"xori	x25,x17,1966","s9,a7,1966",
80004ee0,sltu,a5:00000001,,016337b3,,"sltu	x15,x6,x22","a5,t1,s6",
80004ee4,sra,s5:00000000,,4046dab3,,"sra	x21,x13,x4","s5,a3,tp",
80004ee8,sltu,t1:00000000,,016e3333,,"sltu	x6,x28,x22","t1,t3,s6",
80004eec,addi,t2:6ffff93a,,93928393,,"addi	x7,x5,-1735","t2,t0,-1735",
80004ef0,srl,s7:00000000,,0076dbb3,,"srl	x23,x13,x7","s7,a3,t2",
80004ef8,add,s1:fffef9fe,,01d184b3,,"add	x9,x3,x29","s1,gp,t4",
80004efc,or,s1:00000000,,0080e4b3,,"or	x9,x1,x8","s1,ra,s0",
80004f04,srli,a6:00000000,,015d5813,,"srli	x16,x26,0x15","a6,s10,0x15",
80004f08,sll,s5:00000000,,00cb9ab3,,"sll	x21,x23,x12","s5,s7,a2",
80004f0c,sltiu,a6:00000000,,35f5b813,,"sltiu	x16,x11,863","a6,a1,863",
80004f10,sltiu,t6:00000000,,1d193f93,,"sltiu	x31,x18,465","t6,s2,465",
80004f14,sltiu,t2:00000000,,0c4b3393,,"sltiu	x7,x22,196","t2,s6,196",
80004f18,sltu,t6:00000001,,00e33fb3,,"sltu	x31,x6,x14","t6,t1,a4",
80004f1c,add,t4:cd8ecf14,,01f20eb3,,"add	x29,x4,x31","t4,tp,t6",
80004f20,addi,sp:fffffb60,,b60a8113,,"addi	x2,x21,-1184","sp,s5,-1184",
80004f28,sra,s5:00000000,,40c3dab3,,"sra	x21,x7,x12","s5,t2,a2",
80004f2c,xori,a4:1f3d0f99,,f995c713,,"xori	x14,x11,-103","a4,a1,-103",
80004f30,srli,tp:00000000,,0070d213,,"srli	x4,x1,0x7","tp,ra,0x7",
80004f34,xor,t0:fffffb60,,004142b3,,"xor	x5,x2,x4","t0,sp,tp",
80004f38,xor,t0:6f416001,,0145c2b3,,"xor	x5,x11,x20","t0,a1,s4",
80004f3c,sltu,a1:00000000,,013f35b3,,"sltu	x11,x30,x19","a1,t5,s3",
80004f40,lui,s1:db92a000,,db92a4b7,,"lui	x9,0xdb92a","s1,0xdb92a",
80004f44,sltu,s6:00000000,,00ae3b33,,"sltu	x22,x28,x10","s6,t3,a0",
80004f48,slti,a6:00000001,,dd11a813,,"slti	x16,x3,-559","a6,gp,-559",
80004f4c,ori,a2:fffffffe,,e361e613,,"ori	x12,x3,-458","a2,gp,-458",
80004f50,xori,a3:00000549,,549d4693,,"xori	x13,x26,1353","a3,s10,1353",
80004f54,and,s10:00000000,,006ffd33,,"and	x26,x31,x6","s10,t6,t1",
80004f58,xori,s10:00000651,,65e9cd13,,"xori	x26,x19,1630","s10,s3,1630",
80004f5c,andi,s6:00000000,,45127b13,,"andi	x22,x4,1105","s6,tp,1105",
80004f60,or,t2:00000549,,00dbe3b3,,"or	x7,x23,x13","t2,s7,a3",
80004f64,addi,sp:000006e0,,6dff8113,,"addi	x2,x31,1759","sp,t6,1759",
80004f6c,add,t1:1f3d0f99,,00070333,,"add	x6,x14,x0","t1,a4,zero",
80004f70,or,s10:fffffffe,,00ceed33,,"or	x26,x29,x12","s10,t4,a2",
80004f74,srl,a1:1f3d0f99,,012355b3,,"srl	x11,x6,x18","a1,t1,s2",
80004f78,lui,tp:c1919000,,c1919237,,"lui	x4,0xc1919","tp,0xc1919",
80004f7c,add,t4:7000000f,,01298eb3,,"add	x29,x19,x18","t4,s3,s2",
80004f80,sltu,sp:00000000,,00b33133,,"sltu	x2,x6,x11","sp,t1,a1",
80004f84,or,a4:f7b35001,,01bc6733,,"or	x14,x24,x27","a4,s8,s11",
80004f88,xori,s1:0000062b,,6249c493,,"xori	x9,x19,1572","s1,s3,1572",
80004f8c,sra,a2:ffffffb7,,40ee5633,,"sra	x12,x28,x14","a2,t3,a4",
80004f90,lui,a2:e68c3000,,e68c3637,,"lui	x12,0xe68c3","a2,0xe68c3",
80004f94,addi,a1:00000705,,704f8593,,"addi	x11,x31,1796","a1,t6,1796",
80004f98,srai,s9:37a0b000,,4012dc93,,"srai	x25,x5,0x1","s9,t0,0x1",
80004f9c,slli,s5:64000000,,00e21a93,,"slli	x21,x4,0xe","s5,tp,0xe",
80004fa0,srai,a7:00000000,,41b9d893,,"srai	x17,x19,0x1b","a7,s3,0x1b",
80004fa4,auipc,s6:4e57bfa4,,ce577b17,,"auipc	x22,0xce577","s6,0xce577",
80004fa8,addi,s9:fffffc1c,,22018c93,,"addi	x25,x3,544","s9,gp,544",
80004fac,sltu,sp:00000000,,00f63133,,"sltu	x2,x12,x15","sp,a2,a5",
80004fb0,or,s2:00000549,,01b6e933,,"or	x18,x13,x27","s2,a3,s11",
80004fb4,or,s7:f7b35001,,010c6bb3,,"or	x23,x24,x16","s7,s8,a6",
80004fb8,slli,s5:00003c00,,00a99a93,,"slli	x21,x19,0xa","s5,s3,0xa",
80004fbc,sltu,s2:00000000,,01fbb933,,"sltu	x18,x23,x31","s2,s7,t6",
80004fc0,srli,tp:00000000,,00385213,,"srli	x4,x16,0x3","tp,a6,0x3",
80004fc4,sra,s11:00003c00,,404addb3,,"sra	x27,x21,x4","s11,s5,tp",
80004fc8,auipc,a4:ca148fc8,,4a144717,,"auipc	x14,0x4a144","a4,0x4a144",
80004fcc,srli,s11:00000000,,00c05d93,,"srli	x27,x0,0xc","s11,zero,0xc",
80004fd0,sltu,sp:00000000,,013f3133,,"sltu	x2,x30,x19","sp,t5,s3",
80004fd4,sra,a5:00000000,,4198d7b3,,"sra	x15,x17,x25","a5,a7,s9",
80004fd8,sltiu,t2:00000001,,2238b393,,"sltiu	x7,x17,547","t2,a7,547",
80004fdc,andi,s2:7000000a,,d4aef913,,"andi	x18,x29,-694","s2,t4,-694",
80004fe0,auipc,s6:fd1aefe0,,7d1aab17,,"auipc	x22,0x7d1aa","s6,0x7d1aa",
80004fe4,xori,a5:00000644,,645fc793,,"xori	x15,x31,1605","a5,t6,1605",
80004fe8,slti,t1:00000000,,acbda313,,"slti	x6,x27,-1333","t1,s11,-1333",
80004fec,lui,a5:788af000,,788af7b7,,"lui	x15,0x788af","a5,0x788af",
80004ff0,slti,s7:00000001,,759e2b93,,"slti	x23,x28,1881","s7,t3,1881",
80004ff4,srl,gp:0001ef66,,01dc51b3,,"srl	x3,x24,x29","gp,s8,t4",
80004ffc,lui,a7:0097c000,,0097c8b7,,"lui	x17,0x97c","a7,0x97c",
80005000,and,a5:00000000,,002d77b3,,"and	x15,x26,x2","a5,s10,sp",
80005008,srl,s8:00000000,,01e9dc33,,"srl	x24,x19,x30","s8,s3,t5",
80005010,xor,s8:00000705,,0185cc33,,"xor	x24,x11,x24","s8,a1,s8",
80005014,or,a4:0000000f,,0179e733,,"or	x14,x19,x23","a4,s3,s7",
80005018,slli,a4:80000000,,01fb9713,,"slli	x14,x23,0x1f","a4,s7,0x1f",
8000501c,slti,s8:00000000,,9375ac13,,"slti	x24,x11,-1737","s8,a1,-1737",
80005020,slli,a6:ffff0000,,00fd1813,,"slli	x16,x26,0xf","a6,s10,0xf",
80005024,slt,s8:00000001,,01b62c33,,"slt	x24,x12,x27","s8,a2,s11",
8000502c,srai,a4:ffffffff,,41f75713,,"srai	x14,x14,0x1f","a4,a4,0x1f",
80005030,slt,t3:00000000,,0132ae33,,"slt	x28,x5,x19","t3,t0,s3",
80005034,xor,s4:00000001,,0063ca33,,"xor	x20,x7,x6","s4,t2,t1",
80005038,xor,s9:7000000f,,01ddccb3,,"xor	x25,x27,x29","s9,s11,t4",
8000503c,sltu,s0:00000001,,00c53433,,"sltu	x8,x10,x12","s0,a0,a2",
80005040,and,a3:00000000,,00c176b3,,"and	x13,x2,x12","a3,sp,a2",
80005044,xor,t2:6f416001,,005dc3b3,,"xor	x7,x27,x5","t2,s11,t0",
80005048,ori,s8:00000118,,11826c13,,"ori	x24,x4,280","s8,tp,280",
80005050,sltu,sp:00000000,,000eb133,,"sltu	x2,x29,x0","sp,t4,zero",
80005054,and,s0:00000000,,016df433,,"and	x8,x27,x22","s0,s11,s6",
80005058,sub,s7:ffffffff,,41710bb3,,"sub	x23,x2,x23","s7,sp,s7",
8000505c,srli,a5:00000000,,0067d793,,"srli	x15,x15,0x6","a5,a5,0x6",
80005060,sltu,s10:00000000,,01873d33,,"sltu	x26,x14,x24","s10,a4,s8",
80005064,sub,s1:00000000,,403184b3,,"sub	x9,x3,x3","s1,gp,gp",
80005068,ori,s9:fffff93b,,93196c93,,"ori	x25,x18,-1743","s9,s2,-1743",
8000506c,ori,sp:ffffff14,,f1446113,,"ori	x2,x8,-236","sp,s0,-236",
80005070,sub,s10:fffff93b,,406c8d33,,"sub	x26,x25,x6","s10,s9,t1",
80005074,sltu,a6:00000000,,00853833,,"sltu	x16,x10,x8","a6,a0,s0",
80005078,addi,t4:80014b44,,ce050e93,,"addi	x29,x10,-800","t4,a0,-800",
8000507c,and,t1:00000000,,013b7333,,"and	x6,x22,x19","t1,s6,s3",
80005080,andi,s5:80014a60,,b6b57a93,,"andi	x21,x10,-1173","s5,a0,-1173",
80005084,sll,t3:00000000,,00301e33,,"sll	x28,x0,x3","t3,zero,gp",
80005088,sub,t1:90be9fff,,40540333,,"sub	x6,x8,x5","t1,s0,t0",
8000508c,lui,t1:b2d5f000,,b2d5f337,,"lui	x6,0xb2d5f","t1,0xb2d5f",
80005090,sltiu,a6:00000001,,ee253813,,"sltiu	x16,x10,-286","a6,a0,-286",
80005098,srai,t2:000000e0,,41795393,,"srai	x7,x18,0x17","t2,s2,0x17",
8000509c,auipc,a5:0279d09c,,82798797,,"auipc	x15,0x82798","a5,0x82798",
800050a0,sltiu,s4:00000001,,0bbdba13,,"sltiu	x20,x27,187","s4,s11,187",
800050a4,lui,s1:8809e000,,8809e4b7,,"lui	x9,0x8809e","s1,0x8809e",
800050a8,srl,a5:00000001,,007fd7b3,,"srl	x15,x31,x7","a5,t6,t2",
800050ac,ori,s7:0097c674,,6748eb93,,"ori	x23,x17,1652","s7,a7,1652",
800050b0,sltiu,t1:00000000,,48463313,,"sltiu	x6,x12,1156","t1,a2,1156",
800050b4,sltiu,s2:00000000,,8d373913,,"sltiu	x18,x14,-1837","s2,a4,-1837",
800050b8,sra,t1:00000000,,403a5333,,"sra	x6,x20,x3","t1,s4,gp",
800050bc,auipc,t0:dc99f0bc,,5c99a297,,"auipc	x5,0x5c99a","t0,0x5c99a",
800050c4,slti,tp:00000000,,e9272213,,"slti	x4,x14,-366","tp,a4,-366",
800050c8,sltiu,s0:00000001,,dcb9b413,,"sltiu	x8,x19,-565","s0,s3,-565",
800050cc,sltu,a7:00000000,,010f38b3,,"sltu	x17,x30,x16","a7,t5,a6",
800050d0,sub,s0:ffffffff,,40f30433,,"sub	x8,x6,x15","s0,t1,a5",
800050d4,or,t1:e68c3000,,00166333,,"or	x6,x12,x1","t1,a2,ra",
800050dc,andi,tp:00000001,,c519f213,,"andi	x4,x19,-943","tp,s3,-943",
800050e0,slti,a2:00000000,,f187a613,,"slti	x12,x15,-232","a2,a5,-232",
800050e8,lui,a3:20469000,,204696b7,,"lui	x13,0x20469","a3,0x20469",
800050ec,slti,t4:00000000,,f89a2e93,,"slti	x29,x20,-119","t4,s4,-119",
800050f0,sll,t0:ffffffff,,01d712b3,,"sll	x5,x14,x29","t0,a4,t4",
800050f4,add,s5:00000001,,010d8ab3,,"add	x21,x27,x16","s5,s11,a6",
800050f8,add,t2:00000002,,00fa83b3,,"add	x7,x21,x15","t2,s5,a5",
800050fc,srli,a4:00000000,,0090d713,,"srli	x14,x1,0x9","a4,ra,0x9",
80005100,and,s8:00008000,,00df7c33,,"and	x24,x30,x13","s8,t5,a3",
80005104,auipc,s5:dc12d104,,5c128a97,,"auipc	x21,0x5c128","s5,0x5c128",
80005108,srl,sp:0097c674,,001bd133,,"srl	x2,x23,x1","sp,s7,ra",
8000510c,sub,s7:fffff93b,,41bd0bb3,,"sub	x23,x26,x27","s7,s10,s11",
80005110,sll,sp:000319c8,,004f1133,,"sll	x2,x30,x4","sp,t5,tp",
80005114,slti,s6:00000001,,0cff2b13,,"slti	x22,x30,207","s6,t5,207",
8000511c,and,s5:00000000,,01e67ab3,,"and	x21,x12,x30","s5,a2,t5",
80005120,ori,gp:fffff82e,,82e8e193,,"ori	x3,x17,-2002","gp,a7,-2002",
80005124,sltu,t3:00000000,,00cebe33,,"sltu	x28,x29,x12","t3,t4,a2",
80005128,sltu,s9:00000000,,0031bcb3,,"sltu	x25,x3,x3","s9,gp,gp",
80005130,addi,t3:00031e45,,47d10e13,,"addi	x28,x2,1149","t3,sp,1149",
80005134,ori,a2:fffffb56,,b5606613,,"ori	x12,x0,-1194","a2,zero,-1194",
80005138,auipc,s0:ca06a138,,4a065417,,"auipc	x8,0x4a065","s0,0x4a065",
8000513c,sub,s0:00000000,,415a8433,,"sub	x8,x21,x21","s0,s5,s5",
80005140,sub,tp:8809e7d2,,40348233,,"sub	x4,x9,x3","tp,s1,gp",
80005144,xori,s6:80014d96,,3f254b13,,"xori	x22,x10,1010","s6,a0,1010",
80005148,sra,s0:fffffed5,,40765433,,"sra	x8,x12,x7","s0,a2,t2",
8000514c,addi,t3:00008047,,047c0e13,,"addi	x28,x24,71","t3,s8,71",
80005150,srli,t2:00000000,,00ea5393,,"srli	x7,x20,0xe","t2,s4,0xe",
80005154,and,ra:20469000,,0176f0b3,,"and	x1,x13,x23","ra,a3,s7",
80005158,addi,s1:000000c4,,56e60493,,"addi	x9,x12,1390","s1,a2,1390",
8000515c,srli,s5:00000000,,01205a93,,"srli	x21,x0,0x12","s5,zero,0x12",
80005160,slt,s6:00000000,,01762b33,,"slt	x22,x12,x23","s6,a2,s7",
80005164,and,s4:00000000,,01eefa33,,"and	x20,x29,x30","s4,t4,t5",
80005168,lui,s4:0d874000,,0d874a37,,"lui	x20,0xd874","s4,0xd874",
8000516c,addi,s4:fffffef0,,ee198a13,,"addi	x20,x19,-287","s4,s3,-287",
80005170,sub,a2:fffff93b,,411d0633,,"sub	x12,x26,x17","a2,s10,a7",
80005174,slli,a3:08000000,,01bf9693,,"slli	x13,x31,0x1b","a3,t6,0x1b",
80005178,and,ra:00000000,,00ccf0b3,,"and	x1,x25,x12","ra,s9,a2",
8000517c,ori,s11:fffff85c,,85c76d93,,"ori	x27,x14,-1956","s11,a4,-1956",
80005180,slt,s5:00000001,,013caab3,,"slt	x21,x25,x19","s5,s9,s3",
80005184,sra,gp:00000000,,402b51b3,,"sra	x3,x22,x2","gp,s6,sp",
8000518c,slli,s2:08000000,,01b79913,,"slli	x18,x15,0x1b","s2,a5,0x1b",
80005190,srl,t0:00000000,,0139d2b3,,"srl	x5,x19,x19","t0,s3,s3",
80005194,sub,t6:000006c5,,40c88fb3,,"sub	x31,x17,x12","t6,a7,a2",
80005198,slti,s11:00000000,,99c42d93,,"slti	x27,x8,-1636","s11,s0,-1636",
8000519c,auipc,s1:fa43619c,,7a431497,,"auipc	x9,0x7a431","s1,0x7a431",
800051a0,auipc,t2:223d31a0,,a23ce397,,"auipc	x7,0xa23ce","t2,0xa23ce",
800051a4,slti,sp:00000000,,af99a113,,"slti	x2,x19,-1287","sp,s3,-1287",
800051a8,xori,ra:ddc2cc72,,dd23c093,,"xori	x1,x7,-558","ra,t2,-558",
800051b0,sra,a3:00000001,,400ad6b3,,"sra	x13,x21,x0","a3,s5,zero",
800051b4,or,t2:00000001,,00fae3b3,,"or	x7,x21,x15","t2,s5,a5",
800051b8,slt,t4:00000000,,009baeb3,,"slt	x29,x23,x9","t4,s7,s1",
800051bc,or,s2:00000000,,00516933,,"or	x18,x2,x5","s2,sp,t0",
800051c0,lui,t3:931b6000,,931b6e37,,"lui	x28,0x931b6","t3,0x931b6",
800051c8,addi,t3:0000030b,,30b00e13,,"addi	x28,x0,779","t3,zero,779",
800051cc,sub,s9:e68c3000,,41d30cb3,,"sub	x25,x6,x29","s9,t1,t4",
800051d0,addi,tp:fffffd6a,,42fd0213,,"addi	x4,x26,1071","tp,s10,1071",
800051d4,srai,a3:ffffffff,,41625693,,"srai	x13,x4,0x16","a3,tp,0x16",
800051d8,slti,t0:00000001,,10302293,,"slti	x5,x0,259","t0,zero,259",
800051dc,or,a3:00000000,,01d8e6b3,,"or	x13,x17,x29","a3,a7,t4",
800051e0,slti,s11:00000000,,91e42d93,,"slti	x27,x8,-1762","s11,s0,-1762",
800051e4,or,s9:e68c3000,,00676cb3,,"or	x25,x14,x6","s9,a4,t1",
800051e8,add,s4:ddc2cb62,,01408a33,,"add	x20,x1,x20","s4,ra,s4",
800051ec,or,a5:0000000f,,013ee7b3,,"or	x15,x29,x19","a5,t4,s3",
800051f0,srli,ra:00000000,,0138d093,,"srli	x1,x17,0x13","ra,a7,0x13",
800051f4,sub,s10:e68c36c5,,40c30d33,,"sub	x26,x6,x12","s10,t1,a2",
800051f8,slt,s1:00000001,,018724b3,,"slt	x9,x14,x24","s1,a4,s8",
800051fc,andi,t4:fffff923,,d2367e93,,"andi	x29,x12,-733","t4,a2,-733",
80005200,and,t3:00000000,,0002fe33,,"and	x28,x5,x0","t3,t0,zero",
80005204,andi,a6:00000000,,759b7813,,"andi	x16,x22,1881","a6,s6,1881",
80005208,srli,t3:00000000,,00b05e13,,"srli	x28,x0,0xb","t3,zero,0xb",
8000520c,sltiu,s0:00000001,,81ecb413,,"sltiu	x8,x25,-2018","s0,s9,-2018",
80005210,sra,t0:ffffffff,,413652b3,,"sra	x5,x12,x19","t0,a2,s3",
80005214,xor,a5:00000001,,015747b3,,"xor	x15,x14,x21","a5,a4,s5",
80005218,sra,s7:00000000,,417c5bb3,,"sra	x23,x24,x23","s7,s8,s7",
8000521c,xor,s9:00000000,,002e4cb3,,"xor	x25,x28,x2","s9,t3,sp",
80005220,srl,s2:00000000,,01595933,,"srl	x18,x18,x21","s2,s2,s5",
80005224,srl,s4:00000020,,004c5a33,,"srl	x20,x24,x4","s4,s8,tp",
80005228,and,a7:00000000,,001178b3,,"and	x17,x2,x1","a7,sp,ra",
8000522c,add,t3:00000000,,00e18e33,,"add	x28,x3,x14","t3,gp,a4",
80005230,sltiu,a3:00000001,,e4ed3693,,"sltiu	x13,x26,-434","a3,s10,-434",
80005234,srl,a2:00000000,,01d45633,,"srl	x12,x8,x29","a2,s0,t4",
80005238,andi,sp:00000001,,2dd7f113,,"andi	x2,x15,733","sp,a5,733",
8000523c,srai,t2:fffff800,,41455393,,"srai	x7,x10,0x14","t2,a0,0x14",
80005240,srl,gp:e68c36c5,,007d51b3,,"srl	x3,x26,x7","gp,s10,t2",
80005244,slt,a5:00000000,,00d6a7b3,,"slt	x15,x13,x13","a5,a3,a3",
8000524c,srai,t1:00000000,,41815313,,"srai	x6,x2,0x18","t1,sp,0x18",
80005250,andi,t4:00000000,,31fcfe93,,"andi	x29,x25,799","t4,s9,799",
80005254,and,a7:000006c5,,01f1f8b3,,"and	x17,x3,x31","a7,gp,t6",
80005258,slli,gp:014e6400,,00851193,,"slli	x3,x10,0x8","gp,a0,0x8",
8000525c,ori,s7:ffffff6f,,d6b5eb93,,"ori	x23,x11,-661","s7,a1,-661",
80005260,sub,s11:ffffffff,,40c28db3,,"sub	x27,x5,x12","s11,t0,a2",
80005264,srli,sp:0000ffff,,0103d113,,"srli	x2,x7,0x10","sp,t2,0x10",
80005268,srli,t6:00000000,,01385f93,,"srli	x31,x16,0x13","t6,a6,0x13",
8000526c,add,s2:fffff7ff,,007d8933,,"add	x18,x27,x7","s2,s11,t2",
80005270,addi,s9:80014e9d,,03950c93,,"addi	x25,x10,57","s9,a0,57",
80005274,srl,s9:00000007,,019ddcb3,,"srl	x25,x27,x25","s9,s11,s9",
80005278,srl,s2:00000000,,019a5933,,"srl	x18,x20,x25","s2,s4,s9",
8000527c,andi,s7:00000000,,7e847b93,,"andi	x23,x8,2024","s7,s0,2024",
80005280,slt,s0:00000000,,005da433,,"slt	x8,x27,x5","s0,s11,t0",
80005284,ori,t6:000002f3,,2f30ef93,,"ori	x31,x1,755","t6,ra,755",
80005288,sltu,t1:00000001,,00afb333,,"sltu	x6,x31,x10","t1,t6,a0",
8000528c,and,a7:00000000,,0012f8b3,,"and	x17,x5,x1","a7,t0,ra",
80005290,srli,tp:00000000,,01f95213,,"srli	x4,x18,0x1f","tp,s2,0x1f",
80005294,or,sp:00000001,,0096e133,,"or	x2,x13,x9","sp,a3,s1",
80005298,addi,a6:00000e41,,73c58813,,"addi	x16,x11,1852","a6,a1,1852",
8000529c,or,a5:80018ce4,,014f67b3,,"or	x15,x30,x20","a5,t5,s4",
800052a0,srli,s2:00000800,,014f5913,,"srli	x18,x30,0x14","s2,t5,0x14",
800052a4,auipc,a5:9a8722a4,,1a86d797,,"auipc	x15,0x1a86d","a5,0x1a86d",
800052a8,add,a2:e68c36c5,,004d0633,,"add	x12,x26,x4","a2,s10,tp",
800052ac,sltu,a3:00000000,,017cb6b3,,"sltu	x13,x25,x23","a3,s9,s7",
800052b0,sll,s9:ffffffff,,00e29cb3,,"sll	x25,x5,x14","s9,t0,a4",
800052b4,and,s11:00000000,,016efdb3,,"and	x27,x29,x22","s11,t4,s6",
800052b8,xori,t0:00000615,,615bc293,,"xori	x5,x23,1557","t0,s7,1557",
800052bc,srai,s9:00000000,,4125dc93,,"srai	x25,x11,0x12","s9,a1,0x12",
800052c0,xor,s7:00000000,,00de4bb3,,"xor	x23,x28,x13","s7,t3,a3",
800052c4,slt,t2:00000000,,01a6a3b3,,"slt	x7,x13,x26","t2,a3,s10",
800052cc,sra,t1:00000000,,408dd333,,"sra	x6,x27,x8","t1,s11,s0",
800052d0,sub,s0:1973c93b,,40c70433,,"sub	x8,x14,x12","s0,a4,a2",
800052d4,sltu,t4:00000000,,00bc3eb3,,"sltu	x29,x24,x11","t4,s8,a1",
800052d8,xori,a5:00000278,,46d2c793,,"xori	x15,x5,1133","a5,t0,1133",
800052dc,andi,s9:00000001,,fab4fc93,,"andi	x25,x9,-85","s9,s1,-85",
800052e0,slli,a6:00100000,,00991813,,"slli	x16,x18,0x9","a6,s2,0x9",
800052e4,sll,s4:00010000,,00c91a33,,"sll	x20,x18,x12","s4,s2,a2",
800052e8,slti,s9:00000001,,1f74ac93,,"slti	x25,x9,503","s9,s1,503",
800052ec,slli,s11:80000000,,01df1d93,,"slli	x27,x30,0x1d","s11,t5,0x1d",
800052f4,srli,gp:00000000,,010ad193,,"srli	x3,x21,0x10","gp,s5,0x10",
800052f8,sub,t6:1973c93a,,40940fb3,,"sub	x31,x8,x9","t6,s0,s1",
800052fc,addi,a1:fffff805,,805e0593,,"addi	x11,x28,-2043","a1,t3,-2043",
80005300,srl,a2:e68c36c5,,004d5633,,"srl	x12,x26,x4","a2,s10,tp",
80005304,sra,ra:ffffffe6,,40f650b3,,"sra	x1,x12,x15","ra,a2,a5",
80005308,slti,s8:00000001,,c98dac13,,"slti	x24,x27,-872","s8,s11,-872",
80005310,sltiu,sp:00000001,,d3a7b113,,"sltiu	x2,x15,-710","sp,a5,-710",
80005314,ori,s5:fffffa99,,a99b6a93,,"ori	x21,x22,-1383","s5,s6,-1383",
80005318,srli,ra:00000000,,00d05093,,"srli	x1,x0,0xd","ra,zero,0xd",
8000531c,sll,s0:e4000000,,00ff1433,,"sll	x8,x30,x15","s0,t5,a5",
80005320,srl,s9:00100000,,00185cb3,,"srl	x25,x16,x1","s9,a6,ra",
80005324,sltiu,s7:00000001,,d372bb93,,"sltiu	x23,x5,-713","s7,t0,-713",
80005328,xori,s4:80014847,,62354a13,,"xori	x20,x10,1571","s4,a0,1571",
8000532c,sub,t3:00000001,,41110e33,,"sub	x28,x2,x17","t3,sp,a7",
80005334,and,s6:00000000,,0036fb33,,"and	x22,x13,x3","s6,a3,gp",
80005338,slli,s1:00000000,,00d89493,,"slli	x9,x17,0xd","s1,a7,0xd",
8000533c,or,s7:fffff847,,00ba6bb3,,"or	x23,x20,x11","s7,s4,a1",
80005340,ori,a5:ffffffdb,,f52ae793,,"ori	x15,x21,-174","a5,s5,-174",
80005344,slti,s9:00000000,,87e6ac93,,"slti	x25,x13,-1922","s9,a3,-1922",
80005348,slli,s9:00000000,,00971c93,,"slli	x25,x14,0x9","s9,a4,0x9",
8000534c,slli,s2:00000000,,016e9913,,"slli	x18,x29,0x16","s2,t4,0x16",
80005350,srli,a3:00000000,,00d35693,,"srli	x13,x6,0xd","a3,t1,0xd",
80005354,xori,a2:00000782,,d1bac613,,"xori	x12,x21,-741","a2,s5,-741",
80005358,andi,s9:1973c808,,8cdffc93,,"andi	x25,x31,-1843","s9,t6,-1843",
8000535c,srli,t1:00000000,,00b25313,,"srli	x6,x4,0xb","t1,tp,0xb",
80005360,and,s1:00000000,,01b774b3,,"and	x9,x14,x27","s1,a4,s11",
80005364,and,t1:00000000,,01e27333,,"and	x6,x4,x30","t1,tp,t5",
80005368,srli,s0:00000000,,019ed413,,"srli	x8,x29,0x19","s0,t4,0x19",
8000536c,xori,s8:000004ed,,4ece4c13,,"xori	x24,x28,1260","s8,t3,1260",
80005370,slt,a6:00000000,,00a32833,,"slt	x16,x6,x10","a6,t1,a0",
80005374,add,t6:0000000f,,01370fb3,,"add	x31,x14,x19","t6,a4,s3",
80005378,auipc,s2:58680378,,d867b917,,"auipc	x18,0xd867b","s2,0xd867b",
8000537c,srl,s4:00000000,,0179da33,,"srl	x20,x19,x23","s4,s3,s7",
80005380,srl,a6:00000000,,01215833,,"srl	x16,x2,x18","a6,sp,s2",
80005384,xor,t3:0000000f,,0089ce33,,"xor	x28,x19,x8","t3,s3,s0",
80005388,slti,s1:00000000,,caee2493,,"slti	x9,x28,-850","s1,t3,-850",
8000538c,andi,s9:e68c3080,,882d7c93,,"andi	x25,x26,-1918","s9,s10,-1918",
80005390,addi,t3:fffff920,,92018e13,,"addi	x28,x3,-1760","t3,gp,-1760",
80005394,sra,t0:80000000,,416dd2b3,,"sra	x5,x27,x22","t0,s11,s6",
80005398,sub,s7:00000034,,40f98bb3,,"sub	x23,x19,x15","s7,s3,a5",
8000539c,xori,t3:fffffdaa,,48ae4e13,,"xori	x28,x28,1162","t3,t3,1162",
800053a0,ori,tp:fffffb7d,,b7dbe213,,"ori	x4,x23,-1155","tp,s7,-1155",
800053a4,sltiu,t0:00000001,,dfc43293,,"sltiu	x5,x8,-516","t0,s0,-516",
800053ac,slti,a6:00000000,,fdd1a813,,"slti	x16,x3,-35","a6,gp,-35",
800053b4,xori,a1:000004ac,,041c4593,,"xori	x11,x24,65","a1,s8,65",
800053bc,auipc,s0:dec333bc,,5ec2e417,,"auipc	x8,0x5ec2e","s0,0x5ec2e",
800053c0,or,t6:80018ce4,,01e1efb3,,"or	x31,x3,x30","t6,gp,t5",
800053c4,xori,a7:7ffe719b,,d7ffc893,,"xori	x17,x31,-641","a7,t6,-641",
800053c8,and,s6:00000000,,01027b33,,"and	x22,x4,x16","s6,tp,a6",
800053cc,sra,sp:00000000,,41d1d133,,"sra	x2,x3,x29","sp,gp,t4",
800053d0,add,ra:dec333bc,,008380b3,,"add	x1,x7,x8","ra,t2,s0",
800053d4,and,t6:00000000,,014a7fb3,,"and	x31,x20,x20","t6,s4,s4",
800053d8,srai,t1:00000000,,41a2d313,,"srai	x6,x5,0x1a","t1,t0,0x1a",
800053dc,sltu,t2:00000001,,015bb3b3,,"sltu	x7,x23,x21","t2,s7,s5",
800053e0,ori,a1:fffff93d,,909be593,,"ori	x11,x23,-1783","a1,s7,-1783",
800053e4,addi,s6:00000660,,66048b13,,"addi	x22,x9,1632","s6,s1,1632",
800053e8,slt,s7:00000000,,0004abb3,,"slt	x23,x9,x0","s7,s1,zero",
800053ec,sltiu,s4:00000000,,9727ba13,,"sltiu	x20,x15,-1678","s4,a5,-1678",
800053f0,sltu,ra:00000000,,010130b3,,"sltu	x1,x2,x16","ra,sp,a6",
800053f4,sltu,s11:00000000,,01093db3,,"sltu	x27,x18,x16","s11,s2,a6",
800053f8,and,a6:00000001,,0059f833,,"and	x16,x19,x5","a6,s3,t0",
800053fc,or,a1:e68c36c5,,01fd65b3,,"or	x11,x26,x31","a1,s10,t6",
80005400,addi,a5:00000777,,77748793,,"addi	x15,x9,1911","a5,s1,1911",
80005404,ori,a5:ffffffb9,,d29ae793,,"ori	x15,x21,-727","a5,s5,-727",
80005408,xor,t6:ffffffb9,,00d7cfb3,,"xor	x31,x15,x13","t6,a5,a3",
8000540c,xor,s1:00000000,,0140c4b3,,"xor	x9,x1,x20","s1,ra,s4",
80005410,slli,t4:00319c80,,005f1e93,,"slli	x29,x30,0x5","t4,t5,0x5",
80005418,xor,a7:668d78a1,,00a5c8b3,,"xor	x17,x11,x10","a7,a1,a0",
8000541c,or,s10:58680379,,01286d33,,"or	x26,x16,x18","s10,a6,s2",
80005420,sub,s7:fffffbc4,,40f20bb3,,"sub	x23,x4,x15","s7,tp,a5",
80005424,slti,s9:00000000,,b94b2c93,,"slti	x25,x22,-1132","s9,s6,-1132",
80005428,slti,tp:00000001,,3156a213,,"slti	x4,x13,789","tp,a3,789",
8000542c,auipc,t3:9464142c,,1463ce17,,"auipc	x28,0x1463c","t3,0x1463c",
80005430,slt,s10:00000001,,019bad33,,"slt	x26,x23,x25","s10,s7,s9",
80005434,andi,s7:58680338,,bb897b93,,"andi	x23,x18,-1096","s7,s2,-1096",
80005438,or,tp:0000000f,,0079e233,,"or	x4,x19,x7","tp,s3,t2",
8000543c,andi,a1:00000000,,f251f593,,"andi	x11,x3,-219","a1,gp,-219",
80005440,slli,s11:04000000,,01a81d93,,"slli	x27,x16,0x1a","s11,a6,0x1a",
80005444,xor,s0:00319c80,,00eec433,,"xor	x8,x29,x14","s0,t4,a4",
8000544c,auipc,s6:5fa1144c,,dfa0cb17,,"auipc	x22,0xdfa0c","s6,0xdfa0c",
80005450,sll,t0:0f000000,,017212b3,,"sll	x5,x4,x23","t0,tp,s7",
80005454,slli,t2:00000000,,01f41393,,"slli	x7,x8,0x1f","t2,s0,0x1f",
80005458,or,t1:00000000,,00d76333,,"or	x6,x14,x13","t1,a4,a3",
8000545c,sub,tp:0f000000,,40128233,,"sub	x4,x5,x1","tp,t0,ra",
80005460,andi,t2:58680128,,928bf393,,"andi	x7,x23,-1752","t2,s7,-1752",
80005468,xori,t4:00000018,,0185ce93,,"xori	x29,x11,24","t4,a1,24",
8000546c,srli,a1:00000003,,01efd593,,"srli	x11,x31,0x1e","a1,t6,0x1e",
80005470,and,ra:00000000,,002df0b3,,"and	x1,x27,x2","ra,s11,sp",
80005474,sub,s9:00000018,,414e8cb3,,"sub	x25,x29,x20","s9,t4,s4",
80005478,sltiu,t6:00000000,,01cabf93,,"sltiu	x31,x21,28","t6,s5,28",
8000547c,srai,s6:00000000,,40015b13,,"srai	x22,x2,0x0","s6,sp,0x0",
80005484,addi,t4:00000096,,09630e93,,"addi	x29,x6,150","t4,t1,150",
80005488,auipc,sp:7a560488,,fa55b117,,"auipc	x2,0xfa55b","sp,0xfa55b",
8000548c,srli,t3:00080018,,00cf5e13,,"srli	x28,x30,0xc","t3,t5,0xc",
80005490,add,ra:0f319c80,,004400b3,,"add	x1,x8,x4","ra,s0,tp",
80005494,sltiu,s10:00000001,,cfef3d13,,"sltiu	x26,x30,-770","s10,t5,-770",
80005498,sltiu,s10:00000001,,4e683d13,,"sltiu	x26,x16,1254","s10,a6,1254",
8000549c,sltu,s2:00000001,,00183933,,"sltu	x18,x16,x1","s2,a6,ra",
800054a0,lui,t2:a7f82000,,a7f823b7,,"lui	x7,0xa7f82","t2,0xa7f82",
800054a4,and,a6:00000000,,00e87833,,"and	x16,x16,x14","a6,a6,a4",
800054a8,sra,s9:80018ce4,,401f5cb3,,"sra	x25,x30,x1","s9,t5,ra",
800054ac,andi,s0:00000000,,3370f413,,"andi	x8,x1,823","s0,ra,823",
800054b0,or,s1:00000097,,01d5e4b3,,"or	x9,x11,x29","s1,a1,t4",
800054b4,sll,s11:00000000,,01681db3,,"sll	x27,x16,x22","s11,a6,s6",
800054b8,andi,a7:00000000,,f2a37893,,"andi	x17,x6,-214","a7,t1,-214",
800054bc,add,t0:000004a6,,00fc02b3,,"add	x5,x24,x15","t0,s8,a5",
800054c0,srl,s6:00000009,,01eedb33,,"srl	x22,x29,x30","s6,t4,t5",
800054c4,lui,s9:2dbae000,,2dbaecb7,,"lui	x25,0x2dbae","s9,0x2dbae",
800054c8,auipc,tp:6567e4c8,,e5679217,,"auipc	x4,0xe5679","tp,0xe5679",
800054cc,sra,t6:7a560488,,40015fb3,,"sra	x31,x2,x0","t6,sp,zero",
800054d0,slli,s4:00000000,,01701a13,,"slli	x20,x0,0x17","s4,zero,0x17",
800054d4,sltiu,sp:00000000,,66b13113,,"sltiu	x2,x2,1643","sp,sp,1643",
800054d8,sra,s10:fffffea6,,40cadd33,,"sra	x26,x21,x12","s10,s5,a2",
800054dc,srai,t1:ffffffff,,40cad313,,"srai	x6,x21,0xc","t1,s5,0xc",
800054e0,srl,s7:2dbae000,,01bcdbb3,,"srl	x23,x25,x27","s7,s9,s11",
800054e4,xori,s2:fffffcc8,,cc88c913,,"xori	x18,x17,-824","s2,a7,-824",
800054e8,sub,s0:00000000,,41140433,,"sub	x8,x8,x17","s0,s0,a7",
800054ec,lui,t6:e2729000,,e2729fb7,,"lui	x31,0xe2729","t6,0xe2729",
800054f0,sub,tp:00000003,,40d58233,,"sub	x4,x11,x13","tp,a1,a3",
800054f4,srl,s11:e2729000,,017fddb3,,"srl	x27,x31,x23","s11,t6,s7",
800054f8,xor,s4:00000000,,01ad4a33,,"xor	x20,x26,x26","s4,s10,s10",
800054fc,auipc,a1:4bd084fc,,cbd03597,,"auipc	x11,0xcbd03","a1,0xcbd03",
80005500,or,s6:fffffcc8,,01096b33,,"or	x22,x18,x16","s6,s2,a6",
80005504,sltu,t0:00000000,,012d32b3,,"sltu	x5,x26,x18","t0,s10,s2",
80005508,add,t3:fffffb6e,,012d0e33,,"add	x28,x26,x18","t3,s10,s2",
8000550c,and,s5:e2729000,,01bd7ab3,,"and	x21,x26,x27","s5,s10,s11",
80005510,andi,s4:4bd084e4,,ce65fa13,,"andi	x20,x11,-794","s4,a1,-794",
80005518,slti,a1:00000001,,4043a593,,"slti	x11,x7,1028","a1,t2,1028",
8000551c,add,a2:00000004,,00b20633,,"add	x12,x4,x11","a2,tp,a1",
80005520,xori,a7:fffff94d,,6f47c893,,"xori	x17,x15,1780","a7,a5,1780",
80005524,and,t0:00000000,,00ed72b3,,"and	x5,x26,x14","t0,s10,a4",
80005528,srl,s4:a7f82000,,00e3da33,,"srl	x20,x7,x14","s4,t2,a4",
8000552c,srai,a2:ffa7f820,,408a5613,,"srai	x12,x20,0x8","a2,s4,0x8",
80005530,andi,a3:00000000,,2b4df693,,"andi	x13,x27,692","a3,s11,692",
80005534,or,gp:ffffffb9,,0027e1b3,,"or	x3,x15,x2","gp,a5,sp",
80005538,srli,s10:00000000,,0172dd13,,"srli	x26,x5,0x17","s10,t0,0x17",
8000553c,xor,a4:ffffffff,,00614733,,"xor	x14,x2,x6","a4,sp,t1",
80005540,sub,a1:7ffe7809,,41ec05b3,,"sub	x11,x24,x30","a1,s8,t5",
80005548,srli,t4:00000000,,01945e93,,"srli	x29,x8,0x19","t4,s0,0x19",
8000554c,srli,t0:0001ffff,,00f8d293,,"srli	x5,x17,0xf","t0,a7,0xf",
80005550,xor,s1:2dbae000,,019144b3,,"xor	x9,x2,x25","s1,sp,s9",
80005554,auipc,t0:3f3c0554,,bf3bb297,,"auipc	x5,0xbf3bb","t0,0xbf3bb",
80005558,sltu,gp:00000000,,008831b3,,"sltu	x3,x16,x8","gp,a6,s0",
8000555c,auipc,s9:f080f55c,,7080ac97,,"auipc	x25,0x7080a","s9,0x7080a",
80005564,srli,sp:001ff4ff,,00b65113,,"srli	x2,x12,0xb","sp,a2,0xb",
80005568,ori,a2:0f319ca1,,0a10e613,,"ori	x12,x1,161","a2,ra,161",
80005570,slt,a7:00000000,,0129a8b3,,"slt	x17,x19,x18","a7,s3,s2",
80005574,srli,a5:00000b6e,,0124d793,,"srli	x15,x9,0x12","a5,s1,0x12",
80005578,and,a1:00000000,,014275b3,,"and	x11,x4,x20","a1,tp,s4",
8000557c,or,s9:a7f82003,,01426cb3,,"or	x25,x4,x20","s9,tp,s4",
80005580,xori,t4:fffff83d,,83dd4e93,,"xori	x29,x26,-1987","t4,s10,-1987",
80005584,sub,a1:1d8d74ed,,41fc05b3,,"sub	x11,x24,x31","a1,s8,t6",
80005588,addi,a6:00000253,,25300813,,"addi	x16,x0,595","a6,zero,595",
8000558c,xori,s10:fffffba2,,76a94d13,,"xori	x26,x18,1898","s10,s2,1898",
80005590,xor,t1:a7f82000,,00da4333,,"xor	x6,x20,x13","t1,s4,a3",
80005594,auipc,t0:45564594,,c555f297,,"auipc	x5,0xc555f","t0,0xc555f",
80005598,addi,s9:a7f81d64,,d61c8c93,,"addi	x25,x25,-671","s9,s9,-671",
8000559c,sra,s7:80014e64,,41555bb3,,"sra	x23,x10,x21","s7,a0,s5",
800055a0,addi,s5:a7f81cf7,,cf7a0a93,,"addi	x21,x20,-777","s5,s4,-777",
800055a4,xori,a7:0000068f,,97074893,,"xori	x17,x14,-1680","a7,a4,-1680",
800055a8,sltu,a7:00000001,,019038b3,,"sltu	x17,x0,x25","a7,zero,s9",
800055ac,and,t6:00000000,,00807fb3,,"and	x31,x0,x8","t6,zero,s0",
800055b0,xori,s1:00000785,,b4db4493,,"xori	x9,x22,-1203","s1,s6,-1203",
800055b4,add,s4:00000004,,00488a33,,"add	x20,x17,x4","s4,a7,tp",
800055b8,and,a1:80018cc0,,01e975b3,,"and	x11,x18,x30","a1,s2,t5",
800055bc,lui,ra:40e87000,,40e870b7,,"lui	x1,0x40e87","ra,0x40e87",
800055c0,sll,s8:00002530,,01481c33,,"sll	x24,x16,x20","s8,a6,s4",
800055c4,sltu,tp:00000000,,0097b233,,"sltu	x4,x15,x9","tp,a5,s1",
800055c8,sub,s4:5807e00f,,40698a33,,"sub	x20,x19,x6","s4,s3,t1",
800055cc,slli,s4:80000000,,01309a13,,"slli	x20,x1,0x13","s4,ra,0x13",
800055d0,lui,s1:d562d000,,d562d4b7,,"lui	x9,0xd562d","s1,0xd562d",
800055d4,or,t3:ffffffff,,00e06e33,,"or	x28,x0,x14","t3,zero,a4",
800055d8,sub,s9:40e87000,,40308cb3,,"sub	x25,x1,x3","s9,ra,gp",
800055e0,ori,s2:fffffb6e,,b467e913,,"ori	x18,x15,-1210","s2,a5,-1210",
800055e8,srl,s4:80014e64,,00355a33,,"srl	x20,x10,x3","s4,a0,gp",
800055ec,andi,t2:00000030,,2fec7393,,"andi	x7,x24,766","t2,s8,766",
800055f0,auipc,s9:0fdd05f0,,8fdcbc97,,"auipc	x25,0x8fdcb","s9,0x8fdcb",
800055f4,or,s1:00000b6e,,00d7e4b3,,"or	x9,x15,x13","s1,a5,a3",
800055f8,srl,a6:00fdd05f,,014cd833,,"srl	x16,x25,x20","a6,s9,s4",
80005600,sltu,t1:00000000,,0182b333,,"sltu	x6,x5,x24","t1,t0,s8",
80005604,ori,s0:fffffa1e,,a1e36413,,"ori	x8,x6,-1506","s0,t1,-1506",
80005608,or,t3:001ff4ff,,00236e33,,"or	x28,x6,x2","t3,t1,sp",
8000560c,andi,t2:000004a4,,5bdf7393,,"andi	x7,x30,1469","t2,t5,1469",
80005610,xori,tp:0000053a,,53a34213,,"xori	x4,x6,1338","tp,t1,1338",
80005614,srl,t1:0000a7f8,,019ad333,,"srl	x6,x21,x25","t1,s5,s9",
80005618,slti,a6:00000000,,c9f6a813,,"slti	x16,x13,-865","a6,a3,-865",
8000561c,slli,s6:00053990,,00251b13,,"slli	x22,x10,0x2","s6,a0,0x2",
80005620,sra,s8:0000014e,,41a25c33,,"sra	x24,x4,x26","s8,tp,s10",
80005624,slt,a1:00000000,,01e425b3,,"slt	x11,x8,x30","a1,s0,t5",
80005628,addi,t0:40e87171,,17108293,,"addi	x5,x1,369","t0,ra,369",
8000562c,sra,s0:00000000,,4137d433,,"sra	x8,x15,x19","s0,a5,s3",
80005630,sltu,s5:00000000,,00d0bab3,,"sltu	x21,x1,x13","s5,ra,a3",
80005634,srli,a2:000003ff,,01675613,,"srli	x12,x14,0x16","a2,a4,0x16",
80005638,slli,a4:ffba2000,,00cd1713,,"slli	x14,x26,0xc","a4,s10,0xc",
8000563c,sra,a3:fe272900,,414dd6b3,,"sra	x13,x27,x20","a3,s11,s4",
80005644,xori,t1:fffff8ee,,dd424313,,"xori	x6,x4,-556","t1,tp,-556",
80005648,add,s2:0000053a,,00458933,,"add	x18,x11,x4","s2,a1,tp",
8000564c,add,a2:0000054d,,01860633,,"add	x12,x12,x24","a2,a2,s8",
80005650,sltiu,t0:00000000,,5c0b3293,,"sltiu	x5,x22,1472","t0,s6,1472",
80005654,srl,s10:00000000,,015add33,,"srl	x26,x21,x21","s10,s5,s5",
80005658,srai,t3:00000000,,40cade13,,"srai	x28,x21,0xc","t3,s5,0xc",
8000565c,xori,t2:00000d4b,,6254c393,,"xori	x7,x9,1573","t2,s1,1573",
80005660,sll,s2:0fdd05f0,,008c9933,,"sll	x18,x25,x8","s2,s9,s0",
80005664,ori,s10:fffffd94,,d945ed13,,"ori	x26,x11,-620","s10,a1,-620",
80005668,auipc,a6:31b7a668,,b1b75817,,"auipc	x16,0xb1b75","a6,0xb1b75",
8000566c,andi,a4:00000000,,c11af713,,"andi	x14,x21,-1007","a4,s5,-1007",
80005670,lui,s2:e6239000,,e6239937,,"lui	x18,0xe6239","s2,0xe6239",
80005674,xori,s9:00000139,,13974c93,,"xori	x25,x14,313","s9,a4,313",
80005678,srli,s9:00000000,,0169dc93,,"srli	x25,x19,0x16","s9,s3,0x16",
80005680,addi,t0:0000027e,,27e28293,,"addi	x5,x5,638","t0,t0,638",
80005684,or,s6:e6239000,,01246b33,,"or	x22,x8,x18","s6,s0,s2",
80005688,or,s0:0000077e,,00526433,,"or	x8,x4,x5","s0,tp,t0",
8000568c,slti,s0:00000001,,98c32413,,"slti	x8,x6,-1652","s0,t1,-1652",
80005690,auipc,t3:38876690,,b8871e17,,"auipc	x28,0xb8871","t3,0xb8871",
80005694,sll,s2:ffff8ee0,,01e31933,,"sll	x18,x6,x30","s2,t1,t5",
80005698,slti,a4:00000001,,0d0a2713,,"slti	x14,x20,208","a4,s4,208",
800056a0,addi,t0:80014b7f,,d1ba0293,,"addi	x5,x20,-741","t0,s4,-741",
800056a8,xori,t6:7ffeb7b3,,ccc2cf93,,"xori	x31,x5,-820","t6,t0,-820",
800056ac,auipc,a1:fd1636ac,,7d15e597,,"auipc	x11,0x7d15e","a1,0x7d15e",
800056b0,sltu,s6:00000000,,01633b33,,"sltu	x22,x6,x22","s6,t1,s6",
800056b4,srli,s8:00000000,,0169dc13,,"srli	x24,x19,0x16","s8,s3,0x16",
800056b8,xori,t4:00000518,,518c4e93,,"xori	x29,x24,1304","t4,s8,1304",
800056bc,srai,s10:0000007f,,418fdd13,,"srai	x26,x31,0x18","s10,t6,0x18",
800056c0,xor,tp:80014b7e,,0082c233,,"xor	x4,x5,x8","tp,t0,s0",
800056c4,slt,a7:00000000,,0154a8b3,,"slt	x17,x9,x21","a7,s1,s5",
800056cc,sltu,t3:00000001,,00bdbe33,,"sltu	x28,x27,x11","t3,s11,a1",
800056d0,lui,s9:e37c2000,,e37c2cb7,,"lui	x25,0xe37c2","s9,0xe37c2",
800056d4,auipc,s2:475cb6d4,,c75c6917,,"auipc	x18,0xc75c6","s2,0xc75c6",
800056d8,addi,a5:800153af,,54b50793,,"addi	x15,x10,1355","a5,a0,1355",
800056dc,srli,s6:00000000,,01cb5b13,,"srli	x22,x22,0x1c","s6,s6,0x1c",
800056e0,sll,t4:00007f00,,010d1eb3,,"sll	x29,x26,x16","t4,s10,a6",
800056e8,slli,a1:37c20000,,004c9593,,"slli	x11,x25,0x4","a1,s9,0x4",
800056f0,ori,t2:fffffae6,,ae606393,,"ori	x7,x0,-1306","t2,zero,-1306",
800056f4,andi,a1:80014a04,,a042f593,,"andi	x11,x5,-1532","a1,t0,-1532",
800056f8,slti,ra:00000001,,2b672093,,"slti	x1,x14,694","ra,a4,694",
800056fc,xor,s9:00000000,,0008ccb3,,"xor	x25,x17,x0","s9,a7,zero",
80005700,sub,s10:800153a0,,41378d33,,"sub	x26,x15,x19","s10,a5,s3",
80005704,srl,s0:00000000,,00ee5433,,"srl	x8,x28,x14","s0,t3,a4",
80005708,srl,t3:00000800,,012bde33,,"srl	x28,x23,x18","t3,s7,s2",
8000570c,andi,t6:00000001,,aa50ff93,,"andi	x31,x1,-1371","t6,ra,-1371",
80005710,slt,s8:00000000,,000fac33,,"slt	x24,x31,x0","s8,t6,zero",
80005714,and,a2:00000000,,00607633,,"and	x12,x0,x6","a2,zero,t1",
80005718,xori,s5:7ffeab8c,,82cd4a93,,"xori	x21,x26,-2004","s5,s10,-2004",
8000571c,xor,t4:00001dc4,,01abceb3,,"xor	x29,x23,x26","t4,s7,s10",
80005720,ori,a2:001ff6ff,,6eb16613,,"ori	x12,x2,1771","a2,sp,1771",
80005724,andi,a3:80014a26,,e262f693,,"andi	x13,x5,-474","a3,t0,-474",
80005728,add,s11:001ff700,,00c70db3,,"add	x27,x14,x12","s11,a4,a2",
8000572c,srli,gp:00000000,,013cd193,,"srli	x3,x25,0x13","gp,s9,0x13",
80005730,slti,a7:00000000,,d8afa893,,"slti	x17,x31,-630","a7,t6,-630",
80005734,ori,a6:00000093,,093ce813,,"ori	x16,x25,147","a6,s9,147",
8000573c,slli,tp:e3000000,,016a9213,,"slli	x4,x21,0x16","tp,s5,0x16",
80005740,sll,t6:00000000,,00dc9fb3,,"sll	x31,x25,x13","t6,s9,a3",
80005744,andi,s4:80014a02,,e826fa13,,"andi	x20,x13,-382","s4,a3,-382",
80005748,srli,s6:00000000,,00345b13,,"srli	x22,x8,0x3","s6,s0,0x3",
8000574c,sll,a7:00000000,,002a18b3,,"sll	x17,x20,x2","a7,s4,sp",
80005750,slt,s2:00000000,,00192933,,"slt	x18,x18,x1","s2,s2,ra",
80005754,ori,a4:fffffbbd,,bb5ae713,,"ori	x14,x21,-1099","a4,s5,-1099",
8000575c,srai,a1:00000000,,41f0d593,,"srai	x11,x1,0x1f","a1,ra,0x1f",
80005760,sltiu,s11:00000001,,b09e3d93,,"sltiu	x27,x28,-1271","s11,t3,-1271",
80005764,xori,s0:fffffd8f,,d8f1c413,,"xori	x8,x3,-625","s0,gp,-625",
80005768,slli,ra:00000000,,00fc1093,,"slli	x1,x24,0xf","ra,s8,0xf",
8000576c,slt,gp:00000000,,00e021b3,,"slt	x3,x0,x14","gp,zero,a4",
80005770,slti,s8:00000000,,a603ac13,,"slti	x24,x7,-1440","s8,t2,-1440",
80005774,and,s9:00000000,,00107cb3,,"and	x25,x0,x1","s9,zero,ra",
80005778,or,t6:00000800,,01c5efb3,,"or	x31,x11,x28","t6,a1,t3",
8000577c,xori,tp:000007bd,,7bcdc213,,"xori	x4,x27,1980","tp,s11,1980",
80005780,slli,s9:80000000,,01e39c93,,"slli	x25,x7,0x1e","s9,t2,0x1e",
80005784,slt,s10:00000000,,014f2d33,,"slt	x26,x30,x20","s10,t5,s4",
80005788,sltu,ra:00000001,,007530b3,,"sltu	x1,x10,x7","ra,a0,t2",
80005790,slt,s9:00000001,,01c7acb3,,"slt	x25,x15,x28","s9,a5,t3",
80005794,sll,t1:e0000000,,00e41333,,"sll	x6,x8,x14","t1,s0,a4",
80005798,xor,s10:80014e64,,01654d33,,"xor	x26,x10,x22","s10,a0,s6",
8000579c,and,s9:00000000,,012a7cb3,,"and	x25,x20,x18","s9,s4,s2",
800057a0,slti,t6:00000001,,d467af93,,"slti	x31,x15,-698","t6,a5,-698",
800057a4,lui,t2:527c5000,,527c53b7,,"lui	x7,0x527c5","t2,0x527c5",
800057a8,ori,s10:ffffff7f,,d5a2ed13,,"ori	x26,x5,-678","s10,t0,-678",
800057ac,srai,gp:00000000,,413c5193,,"srai	x3,x24,0x13","gp,s8,0x13",
800057b0,sub,sp:80014a26,,41668133,,"sub	x2,x13,x22","sp,a3,s6",
800057b4,ori,s5:fffffbbd,,88576a93,,"ori	x21,x14,-1915","s5,a4,-1915",
800057b8,slli,a6:54ebc000,,00e79813,,"slli	x16,x15,0xe","a6,a5,0xe",
800057bc,sra,t3:00000000,,414fde33,,"sra	x28,x31,x20","t3,t6,s4",
800057c0,sub,s9:ffffedaa,,41d48cb3,,"sub	x25,x9,x29","s9,s1,t4",
800057c4,srai,a3:fffc000c,,40df5693,,"srai	x13,x30,0xd","a3,t5,0xd",
800057c8,lui,s10:efc63000,,efc63d37,,"lui	x26,0xefc63","s10,0xefc63",
800057cc,addi,tp:fffffe8c,,e8c18213,,"addi	x4,x3,-372","tp,gp,-372",
800057d0,srli,s11:00000000,,01aedd93,,"srli	x27,x29,0x1a","s11,t4,0x1a",
800057d4,srl,s9:00000000,,0125dcb3,,"srl	x25,x11,x18","s9,a1,s2",
800057d8,sltu,s0:00000000,,016db433,,"sltu	x8,x27,x22","s0,s11,s6",
800057dc,or,a4:d4ebcce4,,010f6733,,"or	x14,x30,x16","a4,t5,a6",
800057e0,xor,a5:e0000001,,006fc7b3,,"xor	x15,x31,x6","a5,t6,t1",
800057e4,andi,t2:00000000,,5136f393,,"andi	x7,x13,1299","t2,a3,1299",
800057e8,sltu,s0:00000000,,00ad3433,,"sltu	x8,x26,x10","s0,s10,a0",
800057ec,sub,s2:ffffe23c,,41dd8933,,"sub	x18,x27,x29","s2,s11,t4",
800057f0,sub,a5:7ffe731c,,41eb07b3,,"sub	x15,x22,x30","a5,s6,t5",
800057f4,or,s0:d4ebcce4,,00ef6433,,"or	x8,x30,x14","s0,t5,a4",
800057f8,sll,s4:7ffe731c,,01679a33,,"sll	x20,x15,x22","s4,a5,s6",
800057fc,slti,a1:00000001,,017aa593,,"slti	x11,x21,23","a1,s5,23",
80005800,lui,t4:3ccca000,,3cccaeb7,,"lui	x29,0x3ccca","t4,0x3ccca",
80005804,xor,a1:0fc63000,,01a345b3,,"xor	x11,x6,x26","a1,t1,s10",
80005808,sltiu,a2:00000000,,2155b613,,"sltiu	x12,x11,533","a2,a1,533",
8000580c,srl,a5:4000a732,,01fbd7b3,,"srl	x15,x23,x31","a5,s7,t6",
80005810,slli,s2:00000000,,01861913,,"slli	x18,x12,0x18","s2,a2,0x18",
80005814,sll,t4:00000000,,014d1eb3,,"sll	x29,x26,x20","t4,s10,s4",
80005818,srl,t0:00000000,,018cd2b3,,"srl	x5,x25,x24","t0,s9,s8",
8000581c,addi,s11:fffffd3f,,d3f38d93,,"addi	x27,x7,-705","s11,t2,-705",
80005820,ori,t1:00000176,,17606313,,"ori	x6,x0,374","t1,zero,374",
80005824,addi,t6:0fc62ed4,,ed458f93,,"addi	x31,x11,-300","t6,a1,-300",
80005828,slli,s8:90000000,,01af1c13,,"slli	x24,x30,0x1a","s8,t5,0x1a",
8000582c,slt,s8:00000000,,00842c33,,"slt	x24,x8,x8","s8,s0,s0",
80005830,srli,s11:00000000,,0101dd93,,"srli	x27,x3,0x10","s11,gp,0x10",
80005834,srl,t1:0d4ebcce,,01745333,,"srl	x6,x8,x23","t1,s0,s7",
80005838,or,t6:0fc62ed4,,011fefb3,,"or	x31,x31,x17","t6,t6,a7",
8000583c,srl,gp:080014a2,,008151b3,,"srl	x3,x2,x8","gp,sp,s0",
80005840,add,t4:6fc77e64,,01a50eb3,,"add	x29,x10,x26","t4,a0,s10",
80005844,srli,s8:00000000,,011e5c13,,"srli	x24,x28,0x11","s8,t3,0x11",
80005848,xor,s8:0fc62ed4,,01cfcc33,,"xor	x24,x31,x28","s8,t6,t3",
8000584c,sltiu,s4:00000000,,4011ba13,,"sltiu	x20,x3,1025","s4,gp,1025",
80005850,sltiu,t4:00000001,,68503e93,,"sltiu	x29,x0,1669","t4,zero,1669",
80005854,or,s7:0d4ebccf,,00136bb3,,"or	x23,x6,x1","s7,t1,ra",
80005858,sll,a5:00000000,,015c97b3,,"sll	x15,x25,x21","a5,s9,s5",
8000585c,addi,s10:d4ebd3f7,,71340d13,,"addi	x26,x8,1811","s10,s0,1811",
80005860,srl,a5:00000000,,004957b3,,"srl	x15,x18,x4","a5,s2,tp",
80005864,srli,s9:fffffe8c,,00025c93,,"srli	x25,x4,0x0","s9,tp,0x0",
80005868,add,s7:fffffd18,,004c8bb3,,"add	x23,x25,x4","s7,s9,tp",
8000586c,add,tp:fffc000d,,01d68233,,"add	x4,x13,x29","tp,a3,t4",
80005870,srai,a5:f0002944,,40315793,,"srai	x15,x2,0x3","a5,sp,0x3",
80005874,sra,a5:c000a732,,401557b3,,"sra	x15,x10,x1","a5,a0,ra",
80005878,srai,s7:ffffffc0,,40c25b93,,"srai	x23,x4,0xc","s7,tp,0xc",
8000587c,xor,sp:fffffe8c,,000cc133,,"xor	x2,x25,x0","sp,s9,zero",
80005880,sra,t6:00000000,,402b5fb3,,"sra	x31,x22,x2","t6,s6,sp",
80005884,lui,t0:a51be000,,a51be2b7,,"lui	x5,0xa51be","t0,0xa51be",
80005888,addi,tp:a51be6ed,,6ed28213,,"addi	x4,x5,1773","tp,t0,1773",
8000588c,add,s9:080014b1,,00398cb3,,"add	x25,x19,x3","s9,s3,gp",
80005890,andi,s5:d4ebc880,,98977a93,,"andi	x21,x14,-1655","s5,a4,-1655",
80005894,and,s11:80000004,,00d57db3,,"and	x27,x10,x13","s11,a0,a3",
80005898,sub,s4:2b143740,,415b8a33,,"sub	x20,x23,x21","s4,s7,s5",
8000589c,sub,s0:0fc63000,,41158433,,"sub	x8,x11,x17","s0,a1,a7",
800058a0,ori,s8:54ebc258,,25886c13,,"ori	x24,x16,600","s8,a6,600",
800058a4,slt,sp:00000001,,017f2133,,"slt	x2,x30,x23","sp,t5,s7",
800058a8,or,s2:0000000f,,01f9e933,,"or	x18,x19,x31","s2,s3,t6",
800058ac,slli,t3:40000000,,01ec9e13,,"slli	x28,x25,0x1e","t3,s9,0x1e",
800058b4,addi,t4:08000e8c,,9ea18e93,,"addi	x29,x3,-1558","t4,gp,-1558",
800058b8,srli,a5:00000fff,,014bd793,,"srli	x15,x23,0x14","a5,s7,0x14",
800058bc,srli,t3:0001a9d7,,00fd5e13,,"srli	x28,x26,0xf","t3,s10,0xf",
800058c0,add,s2:d4ed4ce4,,010f0933,,"add	x18,x30,x16","s2,t5,a6",
800058c4,slt,gp:00000001,,008021b3,,"slt	x3,x0,x8","gp,zero,s0",
800058c8,sltu,a7:00000001,,010338b3,,"sltu	x17,x6,x16","a7,t1,a6",
800058d0,xor,t3:d9a5702a,,00e34e33,,"xor	x28,x6,x14","t3,t1,a4",
800058d4,andi,a1:00000440,,5d157593,,"andi	x11,x10,1489","a1,a0,1489",
800058d8,srai,s8:00000000,,40f0dc13,,"srai	x24,x1,0xf","s8,ra,0xf",
800058dc,and,a1:00000000,,01bcf5b3,,"and	x11,x25,x27","a1,s9,s11",
800058e0,xor,s2:fffc000c,,0166c933,,"xor	x18,x13,x22","s2,a3,s6",
800058e4,and,a5:00000000,,018c77b3,,"and	x15,x24,x24","a5,s8,s8",
800058e8,xori,sp:fffff956,,95714113,,"xori	x2,x2,-1705","sp,sp,-1705",
800058ec,addi,s1:8001483c,,9d850493,,"addi	x9,x10,-1576","s1,a0,-1576",
800058f0,and,s6:00000001,,0039fb33,,"and	x22,x19,x3","s6,s3,gp",
800058f8,slt,t1:00000000,,0030a333,,"slt	x6,x1,x3","t1,ra,gp",
80005900,add,a7:d9a5702a,,01c008b3,,"add	x17,x0,x28","a7,zero,t3",
80005904,slli,t0:20000000,,01d09293,,"slli	x5,x1,0x1d","t0,ra,0x1d",
80005908,sub,a4:f039d000,,40860733,,"sub	x14,x12,x8","a4,a2,s0",
8000590c,ori,s0:fffffa73,,a73fe413,,"ori	x8,x31,-1421","s0,t6,-1421",
80005910,slti,a6:00000001,,e7472813,,"slti	x16,x14,-396","a6,a4,-396",
80005914,slti,a4:00000001,,3bb3a713,,"slti	x14,x7,955","a4,t2,955",
80005918,srai,s2:ffffffff,,413bd913,,"srai	x18,x23,0x13","s2,s7,0x13",
8000591c,sltu,a7:00000000,,019138b3,,"sltu	x17,x2,x25","a7,sp,s9",
80005920,srl,a1:00000000,,0190d5b3,,"srl	x11,x1,x25","a1,ra,s9",
80005924,and,a2:00000000,,0090f633,,"and	x12,x1,x9","a2,ra,s1",
80005928,slti,s9:00000000,,93b62c93,,"slti	x25,x12,-1733","s9,a2,-1733",
8000592c,sub,s6:80018ce3,,401f0b33,,"sub	x22,x30,x1","s6,t5,ra",
80005930,slti,t6:00000000,,9d75af93,,"slti	x31,x11,-1577","t6,a1,-1577",
80005934,lui,s5:5bdf2000,,5bdf2ab7,,"lui	x21,0x5bdf2","s5,0x5bdf2",
8000593c,and,s2:00000000,,0165f933,,"and	x18,x11,x22","s2,a1,s6",
80005940,srl,s0:00000000,,00dc5433,,"srl	x8,x24,x13","s0,s8,a3",
80005944,lui,a7:ac517000,,ac5178b7,,"lui	x17,0xac517","a7,0xac517",
80005948,or,s4:ac517001,,0018ea33,,"or	x20,x17,x1","s4,a7,ra",
8000594c,add,s9:80014e64,,01950cb3,,"add	x25,x10,x25","s9,a0,s9",
80005950,slt,s7:00000001,,007dabb3,,"slt	x23,x27,x7","s7,s11,t2",
80005954,andi,s5:8001481c,,f1e4fa93,,"andi	x21,x9,-226","s5,s1,-226",
80005958,srai,a5:00000000,,41535793,,"srai	x15,x6,0x15","a5,t1,0x15",
8000595c,slti,a7:00000001,,2467a893,,"slti	x17,x15,582","a7,a5,582",
80005960,srai,s7:00000000,,41335b93,,"srai	x23,x6,0x13","s7,t1,0x13",
80005964,ori,s5:000005ff,,5f29ea93,,"ori	x21,x19,1522","s5,s3,1522",
80005968,lui,t6:2f0e4000,,2f0e4fb7,,"lui	x31,0x2f0e4","t6,0x2f0e4",
8000596c,srli,s11:00000004,,01dddd93,,"srli	x27,x27,0x1d","s11,s11,0x1d",
80005970,auipc,s9:45d08970,,c5d03c97,,"auipc	x25,0xc5d03","s9,0xc5d03",
80005974,lui,s6:09ac0000,,09ac0b37,,"lui	x22,0x9ac0","s6,0x9ac0",
80005978,sra,s9:a51be6ed,,41225cb3,,"sra	x25,x4,x18","s9,tp,s2",
8000597c,auipc,s5:3803f97c,,b803aa97,,"auipc	x21,0xb803a","s5,0xb803a",
80005984,srai,s10:00000000,,4053dd13,,"srai	x26,x7,0x5","s10,t2,0x5",
80005988,xor,ra:00000000,,0085c0b3,,"xor	x1,x11,x8","ra,a1,s0",
8000598c,srl,ra:000a51be,,01d250b3,,"srl	x1,x4,x29","ra,tp,t4",
80005994,sll,a6:be6ed000,,00d21833,,"sll	x16,x4,x13","a6,tp,a3",
80005998,sll,s9:00000040,,01bd9cb3,,"sll	x25,x27,x27","s9,s11,s11",
8000599c,addi,a5:fffff911,,91130793,,"addi	x15,x6,-1775","a5,t1,-1775",
800059a0,slli,s6:f9560000,,01011b13,,"slli	x22,x2,0x10","s6,sp,0x10",
800059a8,or,a4:3803f97c,,000ae733,,"or	x14,x21,x0","a4,s5,zero",
800059ac,xori,s1:08000b0e,,582ec493,,"xori	x9,x29,1410","s1,t4,1410",
800059b0,sub,a7:ffffffc0,,419d08b3,,"sub	x17,x26,x25","a7,s10,s9",
800059b4,ori,s10:f9560691,,691b6d13,,"ori	x26,x22,1681","s10,s6,1681",
800059b8,auipc,s7:9db4d9b8,,1db48b97,,"auipc	x23,0x1db48","s7,0x1db48",
800059bc,xor,s9:265a897c,,01c14cb3,,"xor	x25,x2,x28","s9,sp,t3",
800059c0,add,a7:f955f911,,00fb08b3,,"add	x17,x22,x15","a7,s6,a5",
800059c4,or,a1:8001cee4,,00af65b3,,"or	x11,x30,x10","a1,t5,a0",
800059c8,xori,s10:c7fc06bb,,fc7acd13,,"xori	x26,x21,-57","s10,s5,-57",
800059cc,add,a3:f9a5702a,,005e06b3,,"add	x13,x28,x5","a3,t3,t0",
800059d0,andi,a4:00000102,,12317713,,"andi	x14,x2,291","a4,sp,291",
800059d4,sll,t0:00000004,,01fd92b3,,"sll	x5,x27,x31","t0,s11,t6",
800059d8,sub,a6:7ffe311c,,40b60833,,"sub	x16,x12,x11","a6,a2,a1",
800059dc,sra,a2:fff9db4d,,41dbd633,,"sra	x12,x23,x29","a2,s7,t4",
800059e0,xor,t3:f6ab302a,,01fe4e33,,"xor	x28,x28,x31","t3,t3,t6",
800059e4,addi,s2:8001511f,,2bb50913,,"addi	x18,x10,699","s2,a0,699",
800059e8,xori,t1:80018c6e,,08af4313,,"xori	x6,x30,138","t1,t5,138",
800059ec,xor,s9:2f0e4000,,018fccb3,,"xor	x25,x31,x24","s9,t6,s8",
800059f0,slli,a5:00003c00,,00a99793,,"slli	x15,x19,0xa","a5,s3,0xa",
800059f4,sltu,s5:00000000,,0180bab3,,"sltu	x21,x1,x24","s5,ra,s8",
800059f8,sub,s1:3803f945,,41ac04b3,,"sub	x9,x24,x26","s1,s8,s10",
800059fc,xori,a7:7ffeb700,,96454893,,"xori	x17,x10,-1692","a7,a0,-1692",
80005a00,or,t4:fffff9fe,,002beeb3,,"or	x29,x23,x2","t4,s7,sp",
80005a04,slli,s2:00040800,,00a71913,,"slli	x18,x14,0xa","s2,a4,0xa",
80005a08,srai,a5:00000000,,407c5793,,"srai	x15,x24,0x7","a5,s8,0x7",
80005a0c,lui,s4:8fbcd000,,8fbcda37,,"lui	x20,0x8fbcd","s4,0x8fbcd",
80005a10,xor,s0:fffffffe,,01a4c433,,"xor	x8,x9,x26","s0,s1,s10",
80005a1c,sub,s10:80018ce4,,40ff0d33,,"sub	x26,x30,x15","s10,t5,a5",
80005a20,add,t3:00042d0b,,00c08e33,,"add	x28,x1,x12","t3,ra,a2",
80005a24,auipc,s0:ef937a24,,6f932417,,"auipc	x8,0x6f932","s0,0x6f932",
80005a28,xori,a7:f9a57158,,1726c893,,"xori	x17,x13,370","a7,a3,370",
80005a2c,srl,t1:08fbcd00,,008a5333,,"srl	x6,x20,x8","t1,s4,s0",
80005a30,srl,s6:0007ffff,,004edb33,,"srl	x22,x29,x4","s6,t4,tp",
80005a34,addi,s1:9db4de89,,4d1b8493,,"addi	x9,x23,1233","s1,s7,1233",
80005a38,slli,t6:00000000,,00d39f93,,"slli	x31,x7,0xd","t6,t2,0xd",
80005a3c,slt,s2:00000001,,0114a933,,"slt	x18,x9,x17","s2,s1,a7",
80005a40,sll,sp:00008000,,00429133,,"sll	x2,x5,x4","sp,t0,tp",
80005a44,ori,s5:ffffff60,,f6006a93,,"ori	x21,x0,-160","s5,zero,-160",
80005a48,andi,sp:00000000,,8867f113,,"andi	x2,x15,-1914","sp,a5,-1914",
80005a50,slt,s6:00000000,,011cab33,,"slt	x22,x25,x17","s6,s9,a7",
80005a54,and,a4:00000004,,01e2f733,,"and	x14,x5,x30","a4,t0,t5",
80005a58,sub,t0:000000a0,,415382b3,,"sub	x5,x7,x21","t0,t2,s5",
80005a5c,sll,sp:00000000,,01d11133,,"sll	x2,x2,x29","sp,sp,t4",
80005a60,and,t6:00000000,,0186ffb3,,"and	x31,x13,x24","t6,a3,s8",
80005a68,lui,s1:9a99a000,,9a99a4b7,,"lui	x9,0x9a99a","s1,0x9a99a",
80005a6c,auipc,gp:8ccafa6c,,0ccaa197,,"auipc	x3,0xccaa","gp,0xccaa",
80005a70,srl,a7:00000000,,004958b3,,"srl	x17,x18,x4","a7,s2,tp",
80005a74,andi,s2:7ffe3118,,bf887913,,"andi	x18,x16,-1032","s2,a6,-1032",
80005a78,sltu,sp:00000001,,0037b133,,"sltu	x2,x15,x3","sp,a5,gp",
80005a80,slli,a4:9b000000,,01619713,,"slli	x14,x3,0x16","a4,gp,0x16",
80005a84,xor,tp:9db4d9b7,,0179c233,,"xor	x4,x19,x23","tp,s3,s7",
80005a88,sll,a6:fe000000,,017e9833,,"sll	x16,x29,x23","a6,t4,s7",
80005a8c,ori,ra:000004b1,,4b18e093,,"ori	x1,x17,1201","ra,a7,1201",
80005a90,or,a2:9b000000,,01676633,,"or	x12,x14,x22","a2,a4,s6",
80005a94,srai,s5:000005e1,,413cda93,,"srai	x21,x25,0x13","s5,s9,0x13",
80005a98,and,t3:00000000,,010afe33,,"and	x28,x21,x16","t3,s5,a6",
80005a9c,sltu,t4:00000001,,0043beb3,,"sltu	x29,x7,x4","t4,t2,tp",
80005aa0,slt,a1:00000000,,00c925b3,,"slt	x11,x18,x12","a1,s2,a2",
80005aa4,slt,a2:00000001,,00ba2633,,"slt	x12,x20,x11","a2,s4,a1",
80005aac,lui,a3:d637a000,,d637a6b7,,"lui	x13,0xd637a","a3,0xd637a",
80005ab0,andi,t3:00000001,,68767e13,,"andi	x28,x12,1671","t3,a2,1671",
80005ab4,add,ra:8fbcd000,,014380b3,,"add	x1,x7,x20","ra,t2,s4",
80005ab8,slti,t1:00000001,,5701a313,,"slti	x6,x3,1392","t1,gp,1392",
80005abc,slli,t3:14000000,,01529e13,,"slli	x28,x5,0x15","t3,t0,0x15",
80005ac0,or,a6:dfbff000,,0016e833,,"or	x16,x13,x1","a6,a3,ra",
80005ac4,xori,t4:fffff9cc,,9ccc4e93,,"xori	x29,x24,-1588","t4,s8,-1588",
80005ac8,sltu,s1:00000001,,005634b3,,"sltu	x9,x12,x5","s1,a2,t0",
80005acc,slli,s8:00000000,,01601c13,,"slli	x24,x0,0x16","s8,zero,0x16",
80005ad0,xor,t0:9b000001,,00e642b3,,"xor	x5,x12,x14","t0,a2,a4",
80005ad4,slli,a3:80000000,,01dd1693,,"slli	x13,x26,0x1d","a3,s10,0x1d",
80005ad8,addi,t3:000006a5,,6a558e13,,"addi	x28,x11,1701","t3,a1,1701",
80005adc,srai,sp:ff3b69b3,,40725113,,"srai	x2,x4,0x7","sp,tp,0x7",
80005ae0,sll,a7:00000000,,01cf98b3,,"sll	x17,x31,x28","a7,t6,t3",
80005ae4,slti,a4:00000000,,efdaa713,,"slti	x14,x21,-259","a4,s5,-259",
80005ae8,or,s4:8ccafeed,,003e6a33,,"or	x20,x28,x3","s4,t3,gp",
80005aec,srai,t1:fffffff3,,41b2d313,,"srai	x6,x5,0x1b","t1,t0,0x1b",
80005af0,andi,t2:00000000,,fe18f393,,"andi	x7,x17,-31","t2,a7,-31",
80005af4,lui,a6:24e34000,,24e34837,,"lui	x16,0x24e34","a6,0x24e34",
80005af8,add,s0:fffffff3,,00b30433,,"add	x8,x6,x11","s0,t1,a1",
80005b00,sltu,s9:00000001,,01acbcb3,,"sltu	x25,x25,x26","s9,s9,s10",
80005b04,auipc,t1:6a5b0b04,,ea5ab317,,"auipc	x6,0xea5ab","t1,0xea5ab",
80005b08,lui,t0:2e16e000,,2e16e2b7,,"lui	x5,0x2e16e","t0,0x2e16e",
80005b0c,andi,a7:00000000,,4773f893,,"andi	x17,x7,1143","a7,t2,1143",
80005b10,addi,s11:000006c7,,6c660d93,,"addi	x27,x12,1734","s11,a2,1734",
80005b14,sltu,s6:00000001,,005e3b33,,"sltu	x22,x28,x5","s6,t3,t0",
80005b18,add,a3:6a5b0b04,,006706b3,,"add	x13,x14,x6","a3,a4,t1",
80005b1c,lui,s0:b7e47000,,b7e47437,,"lui	x8,0xb7e47","s0,0xb7e47",
80005b20,or,t6:9dfeffff,,004a6fb3,,"or	x31,x20,x4","t6,s4,tp",
80005b24,slti,a7:00000001,,dbe12893,,"slti	x17,x2,-578","a7,sp,-578",
80005b28,sll,s0:00000000,,01241433,,"sll	x8,x8,x18","s0,s0,s2",
80005b2c,xori,gp:00000693,,036e4193,,"xori	x3,x28,54","gp,t3,54",
80005b30,andi,s1:00000001,,21fcf493,,"andi	x9,x25,543","s1,s9,543",
80005b34,slt,a6:00000001,,010e2833,,"slt	x16,x28,x16","a6,t3,a6",
80005b38,srl,a2:46657f76,,019a5633,,"srl	x12,x20,x25","a2,s4,s9",
80005b3c,lui,s7:522a8000,,522a8bb7,,"lui	x23,0x522a8","s7,0x522a8",
80005b40,xori,s8:80018c81,,065f4c13,,"xori	x24,x30,101","s8,t5,101",
80005b44,sltu,a3:00000000,,00f536b3,,"sltu	x13,x10,x15","a3,a0,a5",
80005b48,slt,s6:00000000,,0112ab33,,"slt	x22,x5,x17","s6,t0,a7",
80005b4c,slli,t4:00000000,,017b9e93,,"slli	x29,x23,0x17","t4,s7,0x17",
80005b50,ori,s6:000005f5,,5f54eb13,,"ori	x22,x9,1525","s6,s1,1525",
80005b54,xori,a4:7ffe71b3,,d57f4713,,"xori	x14,x30,-681","a4,t5,-681",
80005b58,lui,a5:55276000,,552767b7,,"lui	x15,0x55276","a5,0x55276",
80005b5c,sub,t4:00000692,,40918eb3,,"sub	x29,x3,x9","t4,gp,s1",
80005b60,and,s7:00000000,,005e7bb3,,"and	x23,x28,x5","s7,t3,t0",
80005b64,add,s4:80018ce5,,009d0a33,,"add	x20,x26,x9","s4,s10,s1",
80005b68,sub,gp:55275fff,,410781b3,,"sub	x3,x15,x16","gp,a5,a6",
80005b6c,andi,s5:00000000,,8cc8fa93,,"andi	x21,x17,-1844","s5,a7,-1844",
80005b70,srli,sp:0009db4d,,00c25113,,"srli	x2,x4,0xc","sp,tp,0xc",
80005b74,ori,gp:000007a9,,7a946193,,"ori	x3,x8,1961","gp,s0,1961",
80005b78,srli,s5:00001000,,013f5a93,,"srli	x21,x30,0x13","s5,t5,0x13",
80005b7c,sltu,ra:00000001,,0134b0b3,,"sltu	x1,x9,x19","ra,s1,s3",
80005b84,srli,s6:00000000,,00e8db13,,"srli	x22,x17,0xe","s6,a7,0xe",
80005b88,slti,t4:00000000,,2311ae93,,"slti	x29,x3,561","t4,gp,561",
80005b8c,ori,t2:000006cd,,6cdb6393,,"ori	x7,x22,1741","t2,s6,1741",
80005b90,and,s11:55262000,,0127fdb3,,"and	x27,x15,x18","s11,a5,s2",
80005b94,slt,s4:00000001,,00642a33,,"slt	x20,x8,x6","s4,s0,t1",
80005b98,sltu,s8:00000001,,0063bc33,,"sltu	x24,x7,x6","s8,t2,t1",
80005b9c,and,t4:00000000,,008d7eb3,,"and	x29,x26,x8","t4,s10,s0",
80005ba0,and,sp:00000000,,00dff133,,"and	x2,x31,x13","sp,t6,a3",
80005ba4,sltiu,s7:00000001,,a5b6bb93,,"sltiu	x23,x13,-1445","s7,a3,-1445",
80005ba8,xor,s5:9db4d9b6,,01824ab3,,"xor	x21,x4,x24","s5,tp,s8",
80005bac,and,s7:00000000,,00dc7bb3,,"and	x23,x24,x13","s7,s8,a3",
80005bb0,addi,t6:fffffbbe,,bbd48f93,,"addi	x31,x9,-1091","t6,s1,-1091",
80005bb4,srli,ra:00000000,,0185d093,,"srli	x1,x11,0x18","ra,a1,0x18",
80005bb8,auipc,a7:6f722bb8,,ef71d897,,"auipc	x17,0xef71d","a7,0xef71d",
80005bbc,sll,s1:b8000000,,012894b3,,"sll	x9,x17,x18","s1,a7,s2",
80005bc0,slli,a4:00000000,,000b9713,,"slli	x14,x23,0x0","a4,s7,0x0",
80005bc4,addi,t2:000004a1,,4a0a0393,,"addi	x7,x20,1184","t2,s4,1184",
80005bc8,sltu,s11:00000001,,01a63db3,,"sltu	x27,x12,x26","s11,a2,s10",
80005bcc,sub,sp:00000000,,40858133,,"sub	x2,x11,x8","sp,a1,s0",
80005bd0,sltu,a6:00000001,,0113b833,,"sltu	x16,x7,x17","a6,t2,a7",
80005bd4,auipc,s10:1fb9bbd4,,9fb96d17,,"auipc	x26,0x9fb96","s10,0x9fb96",
80005bd8,andi,a6:00000000,,abb5f813,,"andi	x16,x11,-1349","a6,a1,-1349",
80005bdc,xori,a6:ffffff21,,f21b4813,,"xori	x16,x22,-223","a6,s6,-223",
80005be0,and,s2:00000000,,0150f933,,"and	x18,x1,x21","s2,ra,s5",
80005be4,sltiu,t6:00000001,,387dbf93,,"sltiu	x31,x27,903","t6,s11,903",
80005be8,srli,ra:00000000,,016ed093,,"srli	x1,x29,0x16","ra,t4,0x16",
80005bec,sll,a4:1fb9bbd4,,01dd1733,,"sll	x14,x26,x29","a4,s10,t4",
80005bf0,slt,s8:00000000,,01632c33,,"slt	x24,x6,x22","s8,t1,s6",
80005bf4,sltu,a5:00000001,,004537b3,,"sltu	x15,x10,x4","a5,a0,tp",
80005bf8,slt,gp:00000001,,014aa1b3,,"slt	x3,x21,x20","gp,s5,s4",
80005bfc,lui,s11:61028000,,61028db7,,"lui	x27,0x61028","s11,0x61028",
80005c00,slti,s11:00000000,,9242ad93,,"slti	x27,x5,-1756","s11,t0,-1756",
80005c04,auipc,s11:c90aac04,,490a5d97,,"auipc	x27,0x490a5","s11,0x490a5",
80005c08,slt,a3:00000001,,016526b3,,"slt	x13,x10,x22","a3,a0,s6",
80005c0c,slt,a5:00000000,,018c27b3,,"slt	x15,x24,x24","a5,s8,s8",
80005c10,lui,a4:eb3fe000,,eb3fe737,,"lui	x14,0xeb3fe","a4,0xeb3fe",
80005c14,and,t1:00000000,,00277333,,"and	x6,x14,x2","t1,a4,sp",
80005c18,sltiu,s7:00000001,,3d113b93,,"sltiu	x23,x2,977","s7,sp,977",
80005c1c,auipc,tp:fbde8c1c,,7bde3217,,"auipc	x4,0x7bde3","tp,0x7bde3",
80005c20,andi,s8:00000001,,f7b6fc13,,"andi	x24,x13,-133","s8,a3,-133",
80005c24,addi,ra:00000e1e,,779e0093,,"addi	x1,x28,1913","ra,t3,1913",
80005c28,srl,s7:00000e1e,,00b0dbb3,,"srl	x23,x1,x11","s7,ra,a1",
80005c2c,add,s4:1fb9bbd5,,01aa0a33,,"add	x20,x20,x26","s4,s4,s10",
80005c30,and,t6:00000004,,013dffb3,,"and	x31,x27,x19","t6,s11,s3",
80005c34,addi,s8:800151a2,,33e50c13,,"addi	x24,x10,830","s8,a0,830",
80005c38,add,gp:c90aac13,,01b981b3,,"add	x3,x19,x27","gp,s3,s11",
80005c3c,srl,a7:00000000,,00f358b3,,"srl	x17,x6,x15","a7,t1,a5",
80005c40,sltu,t2:00000000,,0120b3b3,,"sltu	x7,x1,x18","t2,ra,s2",
80005c44,andi,t1:00000000,,b3847313,,"andi	x6,x8,-1224","t1,s0,-1224",
80005c4c,sll,a6:00000000,,00311833,,"sll	x16,x2,x3","a6,sp,gp",
80005c50,sltu,a1:00000001,,019935b3,,"sltu	x11,x18,x25","a1,s2,s9",
80005c54,andi,s2:00000000,,2d07f913,,"andi	x18,x15,720","s2,a5,720",
80005c58,ori,a1:00000121,,12106593,,"ori	x11,x0,289","a1,zero,289",
80005c5c,add,s0:00000001,,01dc8433,,"add	x8,x25,x29","s0,s9,t4",
80005c60,sub,a1:00000e0f,,413b85b3,,"sub	x11,x23,x19","a1,s7,s3",
80005c64,xori,s4:fffff5b6,,ba8bca13,,"xori	x20,x23,-1112","s4,s7,-1112",
80005c68,auipc,s6:9f3c2c68,,1f3bdb17,,"auipc	x22,0x1f3bd","s6,0x1f3bd",
80005c6c,add,s2:000003c5,,01458933,,"add	x18,x11,x20","s2,a1,s4",
80005c70,lui,t1:0d851000,,0d851337,,"lui	x6,0xd851","t1,0xd851",
80005c74,sltiu,s0:00000000,,69e53413,,"sltiu	x8,x10,1694","s0,a0,1694",
80005c78,slt,a7:00000001,,015f28b3,,"slt	x17,x30,x21","a7,t5,s5",
80005c7c,addi,gp:0000159b,,77d08193,,"addi	x3,x1,1917","gp,ra,1917",
80005c80,srai,s8:0000b85b,,40e2dc13,,"srai	x24,x5,0xe","s8,t0,0xe",
80005c8c,andi,a4:00000000,,97817713,,"andi	x14,x2,-1672","a4,sp,-1672",
80005c90,slt,t6:00000000,,00062fb3,,"slt	x31,x12,x0","t6,a2,zero",
80005c94,srai,ra:002e16e0,,4082d093,,"srai	x1,x5,0x8","ra,t0,0x8",
80005c98,sll,s1:00000000,,019e94b3,,"sll	x9,x29,x25","s1,t4,s9",
80005c9c,auipc,s5:1e353c9c,,9e34ea97,,"auipc	x21,0x9e34e","s5,0x9e34e",
80005ca0,sltiu,a2:00000001,,e2ec3613,,"sltiu	x12,x24,-466","a2,s8,-466",
80005ca4,sltiu,ra:00000001,,4d163093,,"sltiu	x1,x12,1233","ra,a2,1233",
80005ca8,sltiu,a2:00000000,,4ab23613,,"sltiu	x12,x4,1195","a2,tp,1195",
80005cb0,ori,a3:fffffdbf,,9ae1e693,,"ori	x13,x3,-1618","a3,gp,-1618",
80005cb4,sra,s1:fffffdbf,,4106d4b3,,"sra	x9,x13,x16","s1,a3,a6",
80005cb8,and,s6:00000404,,01be7b33,,"and	x22,x28,x27","s6,t3,s11",
80005cbc,or,a2:00000000,,00c76633,,"or	x12,x14,x12","a2,a4,a2",
80005cc0,slli,t2:018ce400,,008f1393,,"slli	x7,x30,0x8","t2,t5,0x8",
80005cc4,and,t1:00000000,,01a77333,,"and	x6,x14,x26","t1,a4,s10",
80005cc8,ori,a1:000001dc,,1dc06593,,"ori	x11,x0,476","a1,zero,476",
80005ccc,srl,a6:000003c5,,01095833,,"srl	x16,x18,x16","a6,s2,a6",
80005cd0,slt,s4:00000001,,011a2a33,,"slt	x20,x20,x17","s4,s4,a7",
80005cd4,srai,s0:0000003f,,417d5413,,"srai	x8,x26,0x17","s0,s10,0x17",
80005cd8,addi,s7:000013af,,591b8b93,,"addi	x23,x23,1425","s7,s7,1425",
80005ce0,sll,t1:00000000,,00179333,,"sll	x6,x15,x1","t1,a5,ra",
80005ce4,and,gp:000011af,,0174f1b3,,"and	x3,x9,x23","gp,s1,s7",
80005ce8,ori,a7:000007ed,,76d86893,,"ori	x17,x16,1901","a7,a6,1901",
80005cec,auipc,ra:7b60bcec,,fb606097,,"auipc	x1,0xfb606","ra,0xfb606",
80005cf4,lui,a5:6754c000,,6754c7b7,,"lui	x15,0x6754c","a5,0x6754c",
80005cf8,slti,s9:00000000,,2f58ac93,,"slti	x25,x17,757","s9,a7,757",
80005cfc,srai,ra:fbde8c1c,,40025093,,"srai	x1,x4,0x0","ra,tp,0x0",
80005d00,lui,s2:898c9000,,898c9937,,"lui	x18,0x898c9","s2,0x898c9",
80005d04,sltu,t1:00000000,,0077b333,,"sltu	x6,x15,x7","t1,a5,t2",
80005d08,sll,sp:0000003f,,00c41133,,"sll	x2,x8,x12","sp,s0,a2",
80005d0c,add,s1:fbde8c1c,,004704b3,,"add	x9,x14,x4","s1,a4,tp",
80005d10,sll,t2:fffffdbf,,01d693b3,,"sll	x7,x13,x29","t2,a3,t4",
80005d14,xor,sp:2e16e7ed,,0112c133,,"xor	x2,x5,x17","sp,t0,a7",
80005d18,andi,s10:00000000,,5492fd13,,"andi	x26,x5,1353","s10,t0,1353",
80005d1c,lui,s10:4f0db000,,4f0dbd37,,"lui	x26,0x4f0db","s10,0x4f0db",
80005d20,slti,t6:00000001,,67402f93,,"slti	x31,x0,1652","t6,zero,1652",
80005d24,sra,t3:00000035,,410e5e33,,"sra	x28,x28,x16","t3,t3,a6",
80005d28,andi,tp:00000464,,47757213,,"andi	x4,x10,1143","tp,a0,1143",
80005d2c,slti,t0:00000000,,fe6ea293,,"slti	x5,x29,-26","t0,t4,-26",
80005d30,xori,t2:7ffeb114,,f7054393,,"xori	x7,x10,-144","t2,a0,-144",
80005d34,sra,s6:c90aac04,,41addb33,,"sra	x22,x27,x26","s6,s11,s10",
80005d38,andi,s11:00000000,,332dfd93,,"andi	x27,x27,818","s11,s11,818",
80005d3c,slt,s2:00000001,,0077a933,,"slt	x18,x15,x7","s2,a5,t2",
80005d40,slli,a7:00000000,,013c9893,,"slli	x17,x25,0x13","a7,s9,0x13",
80005d44,ori,s1:fffff841,,84096493,,"ori	x9,x18,-1984","s1,s2,-1984",
80005d48,srl,a4:0001ffff,,0036d733,,"srl	x14,x13,x3","a4,a3,gp",
80005d4c,slt,s9:00000000,,01dfacb3,,"slt	x25,x31,x29","s9,t6,t4",
80005d50,slli,a4:00000040,,006f9713,,"slli	x14,x31,0x6","a4,t6,0x6",
80005d54,sltu,a3:00000001,,003836b3,,"sltu	x13,x16,x3","a3,a6,gp",
80005d58,srai,a1:00000000,,41dc5593,,"srai	x11,x24,0x1d","a1,s8,0x1d",
80005d5c,and,a7:fbde8800,,0014f8b3,,"and	x17,x9,x1","a7,s1,ra",
80005d60,srli,s2:00000000,,01605913,,"srli	x18,x0,0x16","s2,zero,0x16",
80005d64,slt,s11:00000000,,0196adb3,,"slt	x27,x13,x25","s11,a3,s9",
80005d6c,sub,a6:cdc7a013,,40288833,,"sub	x16,x17,x2","a6,a7,sp",
80005d70,sll,s5:00000001,,019f9ab3,,"sll	x21,x31,x25","s5,t6,s9",
80005d74,ori,s0:fffffec3,,ec37e413,,"ori	x8,x15,-317","s0,a5,-317",
80005d78,addi,ra:0000011e,,11d68093,,"addi	x1,x13,285","ra,a3,285",
80005d7c,srli,s8:00000000,,00165c13,,"srli	x24,x12,0x1","s8,a2,0x1",
80005d80,slti,a4:00000000,,d59c2713,,"slti	x14,x24,-679","a4,s8,-679",
80005d88,add,a4:c90aac04,,01628733,,"add	x14,x5,x22","a4,t0,s6",
80005d8c,sub,a3:00000463,,41f206b3,,"sub	x13,x4,x31","a3,tp,t6",
80005d90,sub,sp:fffffb9c,,40428133,,"sub	x2,x5,x4","sp,t0,tp",
80005d94,andi,a7:0000112a,,d7abf893,,"andi	x17,x23,-646","a7,s7,-646",
80005d98,sltu,t1:00000000,,000cb333,,"sltu	x6,x25,x0","t1,s9,zero",
80005d9c,ori,a6:fffffee6,,a22f6813,,"ori	x16,x30,-1502","a6,t5,-1502",
80005da0,slt,ra:00000001,,01cfa0b3,,"slt	x1,x31,x28","ra,t6,t3",
80005da4,srl,tp:7ffffc20,,0144d233,,"srl	x4,x9,x20","tp,s1,s4",
80005da8,slli,s1:35000000,,018e1493,,"slli	x9,x28,0x18","s1,t3,0x18",
80005dac,srl,a5:00000000,,0082d7b3,,"srl	x15,x5,x8","a5,t0,s0",
80005db0,sltu,ra:00000000,,018f30b3,,"sltu	x1,x30,x24","ra,t5,s8",
80005db4,ori,tp:000004f7,,4f7ce213,,"ori	x4,x25,1271","tp,s9,1271",
80005db8,lui,s4:b11cc000,,b11cca37,,"lui	x20,0xb11cc","s4,0xb11cc",
80005dbc,srli,s9:00000648,,015b5c93,,"srli	x25,x22,0x15","s9,s6,0x15",
80005dc0,or,t3:c90abd2e,,0168ee33,,"or	x28,x17,x22","t3,a7,s6",
80005dc8,ori,s4:0000016d,,16d7ea13,,"ori	x20,x15,365","s4,a5,365",
80005dcc,sltiu,a1:00000001,,373eb593,,"sltiu	x11,x29,883","a1,t4,883",
80005dd0,addi,s5:000007c9,,7c900a93,,"addi	x21,x0,1993","s5,zero,1993",
80005dd4,srli,a5:0c90aac0,,00475793,,"srli	x15,x14,0x4","a5,a4,0x4",
80005dd8,addi,t2:00000bd4,,6dd20393,,"addi	x7,x4,1757","t2,tp,1757",
80005ddc,add,s0:00000000,,01dc0433,,"add	x8,x24,x29","s0,s8,t4",
80005de0,lui,s2:a315a000,,a315a937,,"lui	x18,0xa315a","s2,0xa315a",
80005de4,sll,a5:00000000,,00c017b3,,"sll	x15,x0,x12","a5,zero,a2",
80005de8,auipc,tp:e5211de8,,6520c217,,"auipc	x4,0x6520c","tp,0x6520c",
80005dec,srl,s2:00000000,,00e35933,,"srl	x18,x6,x14","s2,t1,a4",
80005df0,srli,s10:00000000,,0186dd13,,"srli	x26,x13,0x18","s10,a3,0x18",
80005df8,slti,t3:00000001,,55162e13,,"slti	x28,x12,1361","t3,a2,1361",
80005dfc,lui,t6:0bcaf000,,0bcaffb7,,"lui	x31,0xbcaf","t6,0xbcaf",
80005e00,addi,s7:c90aa4fd,,8f970b93,,"addi	x23,x14,-1799","s7,a4,-1799",
80005e04,srli,s4:00000000,,017e5a13,,"srli	x20,x28,0x17","s4,t3,0x17",
80005e08,addi,s8:fffff90c,,a2680c13,,"addi	x24,x16,-1498","s8,a6,-1498",
80005e0c,andi,t4:00000000,,48a4fe93,,"andi	x29,x9,1162","t4,s1,1162",
80005e10,slli,s9:0118c000,,00e69c93,,"slli	x25,x13,0xe","s9,a3,0xe",
80005e14,ori,s0:fffffbf5,,be53e413,,"ori	x8,x7,-1051","s0,t2,-1051",
80005e18,sub,s6:00000000,,406e8b33,,"sub	x22,x29,x6","s6,t4,t1",
80005e1c,add,s7:00000000,,006a0bb3,,"add	x23,x20,x6","s7,s4,t1",
80005e20,xori,s2:e5211ebb,,35324913,,"xori	x18,x4,851","s2,tp,851",
80005e24,and,tp:80014e64,,00a57233,,"and	x4,x10,x10","tp,a0,a0",
80005e28,slli,a3:00000010,,00459693,,"slli	x13,x11,0x4","a3,a1,0x4",
80005e2c,sltiu,a3:00000001,,bbd93693,,"sltiu	x13,x18,-1091","a3,s2,-1091",
80005e30,auipc,a5:af888e30,,2f883797,,"auipc	x15,0x2f883","a5,0x2f883",
80005e34,and,s9:00000000,,01b4fcb3,,"and	x25,x9,x27","s9,s1,s11",
80005e38,addi,sp:fffffa5d,,a5c68113,,"addi	x2,x13,-1444","sp,a3,-1444",
80005e3c,sltiu,t6:00000001,,fccf3f93,,"sltiu	x31,x30,-52","t6,t5,-52",
80005e40,srai,a5:ffffffca,,41795793,,"srai	x15,x18,0x17","a5,s2,0x17",
80005e44,srli,s8:00648556,,00975c13,,"srli	x24,x14,0x9","s8,a4,0x9",
80005e48,sltiu,gp:00000000,,4f143193,,"sltiu	x3,x8,1265","gp,s0,1265",
80005e4c,lui,t2:65786000,,657863b7,,"lui	x7,0x65786","t2,0x65786",
80005e50,srl,s7:00000001,,01a5dbb3,,"srl	x23,x11,x26","s7,a1,s10",
80005e54,xor,gp:80014e64,,00aec1b3,,"xor	x3,x29,x10","gp,t4,a0",
80005e58,addi,ra:000003c9,,3c8e0093,,"addi	x1,x28,968","ra,t3,968",
80005e5c,andi,t3:00000000,,1fda7e13,,"andi	x28,x20,509","t3,s4,509",
80005e60,slti,s11:00000001,,48aa2d93,,"slti	x27,x20,1162","s11,s4,1162",
80005e64,srli,t1:00000000,,01f9d313,,"srli	x6,x19,0x1f","t1,s3,0x1f",
80005e68,slti,s6:00000001,,4fc82b13,,"slti	x22,x16,1276","s6,a6,1276",
80005e6c,slt,s6:00000000,,00ddab33,,"slt	x22,x27,x13","s6,s11,a3",
80005e70,slti,t0:00000001,,1aca2293,,"slti	x5,x20,428","t0,s4,428",
80005e74,slti,a2:00000001,,7a20a613,,"slti	x12,x1,1954","a2,ra,1954",
80005e78,slt,s4:00000001,,01792a33,,"slt	x20,x18,x23","s4,s2,s7",
80005e7c,srai,s6:00000000,,401d5b13,,"srai	x22,x26,0x1","s6,s10,0x1",
80005e80,sub,t2:e5211eba,,405903b3,,"sub	x7,x18,x5","t2,s2,t0",
80005e84,sll,tp:000319c8,,017f1233,,"sll	x4,x30,x23","tp,t5,s7",
80005e88,xori,t6:e521198b,,7313cf93,,"xori	x31,x7,1841","t6,t2,1841",
80005e8c,sltiu,gp:00000001,,a5deb193,,"sltiu	x3,x29,-1443","gp,t4,-1443",
80005e90,ori,ra:fffffd61,,d61b6093,,"ori	x1,x22,-671","ra,s6,-671",
80005e94,slli,s1:00000000,,01de9493,,"slli	x9,x29,0x1d","s1,t4,0x1d",
80005e98,and,tp:00000000,,00437233,,"and	x4,x6,x4","tp,t1,tp",
80005e9c,srl,a6:004000a7,,01555833,,"srl	x16,x10,x21","a6,a0,s5",
80005ea0,srai,a5:00200053,,40185793,,"srai	x15,x16,0x1","a5,a6,0x1",
80005ea4,auipc,a2:6dc08ea4,,edc03617,,"auipc	x12,0xedc03","a2,0xedc03",
80005ea8,andi,t2:80018ca0,,eb2f7393,,"andi	x7,x30,-334","t2,t5,-334",
80005eac,auipc,t0:bc517eac,,3c512297,,"auipc	x5,0x3c512","t0,0x3c512",
80005eb0,and,a1:00008ca0,,00c3f5b3,,"and	x11,x7,x12","a1,t2,a2",
80005eb4,auipc,s2:0b191eb4,,8b18c917,,"auipc	x18,0x8b18c","s2,0x8b18c",
80005eb8,add,t6:fffffbf5,,01c40fb3,,"add	x31,x8,x28","t6,s0,t3",
80005ec0,slli,a1:00040000,,012a1593,,"slli	x11,x20,0x12","a1,s4,0x12",
80005ec4,and,a7:00000003,,00f878b3,,"and	x17,x16,x15","a7,a6,a5",
80005ec8,lui,t6:dd49e000,,dd49efb7,,"lui	x31,0xdd49e","t6,0xdd49e",
80005ecc,or,a7:c90aac05,,00ea68b3,,"or	x17,x20,x14","a7,s4,a4",
80005ed0,sub,s2:00000000,,41d30933,,"sub	x18,x6,x29","s2,t1,t4",
80005ed4,sra,s6:00000000,,4101db33,,"sra	x22,x3,x16","s6,gp,a6",
80005ed8,addi,t2:00400610,,56980393,,"addi	x7,x16,1385","t2,a6,1385",
80005edc,and,s5:00000000,,01927ab3,,"and	x21,x4,x25","s5,tp,s9",
80005ee0,and,ra:00000000,,014770b3,,"and	x1,x14,x20","ra,a4,s4",
80005ee4,sub,ra:dd09df59,,410f80b3,,"sub	x1,x31,x16","ra,t6,a6",
80005ee8,srli,s4:01fffff7,,00745a13,,"srli	x20,x8,0x7","s4,s0,0x7",
80005eec,xor,a7:7ffeb591,,00a448b3,,"xor	x17,x8,x10","a7,s0,a0",
80005ef0,srl,s10:00000000,,00285d33,,"srl	x26,x16,x2","s10,a6,sp",
80005ef4,sltiu,s0:00000000,,1f2f3413,,"sltiu	x8,x30,498","s0,t5,498",
80005ef8,slti,s6:00000000,,4103ab13,,"slti	x22,x7,1040","s6,t2,1040",
80005efc,and,a4:00000444,,01857733,,"and	x14,x10,x24","a4,a0,s8",
80005f00,slti,a5:00000001,,768ba793,,"slti	x15,x23,1896","a5,s7,1896",
80005f04,srl,t4:00000000,,00405eb3,,"srl	x29,x0,x4","t4,zero,tp",
80005f08,sltu,t2:00000001,,01bb33b3,,"sltu	x7,x22,x27","t2,s6,s11",
80005f0c,auipc,a6:3f599f0c,,bf594817,,"auipc	x16,0xbf594","a6,0xbf594",
80005f14,srl,s4:00000000,,00d25a33,,"srl	x20,x4,x13","s4,tp,a3",
80005f18,srai,s0:0001b702,,40e65413,,"srai	x8,x12,0xe","s0,a2,0xe",
80005f1c,sra,t6:80014e64,,41955fb3,,"sra	x31,x10,x25","t6,a0,s9",
80005f20,andi,t3:00000444,,6dc77e13,,"andi	x28,x14,1756","t3,a4,1756",
80005f2c,and,t2:00000001,,0070f3b3,,"and	x7,x1,x7","t2,ra,t2",
80005f30,add,s5:00000000,,014c8ab3,,"add	x21,x25,x20","s5,s9,s4",
80005f34,srai,a2:00000000,,40d95613,,"srai	x12,x18,0xd","a2,s2,0xd",
80005f38,and,s10:00000000,,01e07d33,,"and	x26,x0,x30","s10,zero,t5",
80005f3c,add,a3:7ffeb592,,011686b3,,"add	x13,x13,x17","a3,a3,a7",
80005f40,ori,s2:ffffff0d,,f0dbe913,,"ori	x18,x23,-243","s2,s7,-243",
80005f44,sra,s11:03f599f0,,40e85db3,,"sra	x27,x16,x14","s11,a6,a4",
80005f48,srl,gp:00000000,,00aed1b3,,"srl	x3,x29,x10","gp,t4,a0",
80005f4c,add,a3:fffffa5d,,019106b3,,"add	x13,x2,x25","a3,sp,s9",
80005f50,add,a5:00000000,,004487b3,,"add	x15,x9,x4","a5,s1,tp",
80005f54,slli,s6:00000000,,008a9b13,,"slli	x22,x21,0x8","s6,s5,0x8",
80005f58,xori,s7:ffffffe0,,ba474b93,,"xori	x23,x14,-1116","s7,a4,-1116",
80005f5c,add,t0:0000000f,,013602b3,,"add	x5,x12,x19","t0,a2,s3",
80005f60,sltiu,t2:00000001,,9f10b393,,"sltiu	x7,x1,-1551","t2,ra,-1551",
80005f64,auipc,t0:fc1dbf64,,7c1d6297,,"auipc	x5,0x7c1d6","t0,0x7c1d6",
80005f68,addi,t6:00000846,,40270f93,,"addi	x31,x14,1026","t6,a4,1026",
80005f6c,or,t1:00000444,,00ea6333,,"or	x6,x20,x14","t1,s4,a4",
80005f70,addi,sp:0000085d,,017f8113,,"addi	x2,x31,23","sp,t6,23",
80005f74,slti,a2:00000001,,6281a613,,"slti	x12,x3,1576","a2,gp,1576",
80005f78,sll,s11:04230000,,013f9db3,,"sll	x27,x31,x19","s11,t6,s3",
80005f7c,srli,a3:00000000,,019d5693,,"srli	x13,x26,0x19","a3,s10,0x19",
80005f80,sll,t2:00000000,,005b13b3,,"sll	x7,x22,x5","t2,s6,t0",
80005f84,srl,s2:0001b702,,00345933,,"srl	x18,x8,x3","s2,s0,gp",
80005f88,and,s5:00000000,,00ba7ab3,,"and	x21,x20,x11","s5,s4,a1",
80005f8c,andi,t6:00000000,,4e4b7f93,,"andi	x31,x22,1252","t6,s6,1252",
80005f90,slti,s1:00000000,,de87a493,,"slti	x9,x15,-536","s1,a5,-536",
80005f94,slt,t4:00000000,,00ab2eb3,,"slt	x29,x22,x10","t4,s6,a0",
80005f98,sub,s8:00000000,,41da0c33,,"sub	x24,x20,x29","s8,s4,t4",
80005f9c,xori,t6:000007dc,,83cbcf93,,"xori	x31,x23,-1988","t6,s7,-1988",
80005fa0,sub,a4:00000000,,41438733,,"sub	x14,x7,x20","a4,t2,s4",
80005fa4,sltiu,s9:00000000,,3858bc93,,"sltiu	x25,x17,901","s9,a7,901",
80005fa8,srli,a3:00000000,,01cc5693,,"srli	x13,x24,0x1c","a3,s8,0x1c",
80005fac,and,a2:00000000,,0140f633,,"and	x12,x1,x20","a2,ra,s4",
80005fb0,sra,a5:00000000,,40b6d7b3,,"sra	x15,x13,x11","a5,a3,a1",
80005fb4,andi,tp:00000000,,c25a7213,,"andi	x4,x20,-987","tp,s4,-987",
80005fb8,add,s4:7ffeb591,,00988a33,,"add	x20,x17,x9","s4,a7,s1",
80005fbc,lui,t2:08b38000,,08b383b7,,"lui	x7,0x8b38","t2,0x8b38",
80005fc0,srl,ra:00000000,,0097d0b3,,"srl	x1,x15,x9","ra,a5,s1",
80005fc4,lui,s2:6f76a000,,6f76a937,,"lui	x18,0x6f76a","s2,0x6f76a",
80005fc8,and,s2:0000000c,,01387933,,"and	x18,x16,x19","s2,a6,s3",
80005fcc,xori,a7:fffffc13,,c13d4893,,"xori	x17,x26,-1005","a7,s10,-1005",
80005fd0,sltu,t0:00000000,,001532b3,,"sltu	x5,x10,x1","t0,a0,ra",
80005fd4,srli,s5:0000085d,,00015a93,,"srli	x21,x2,0x0","s5,sp,0x0",
80005fd8,andi,t3:00000004,,48597e13,,"andi	x28,x18,1157","t3,s2,1157",
80005fdc,sub,t4:3f599f0c,,40580eb3,,"sub	x29,x16,x5","t4,a6,t0",
80005fe0,addi,a2:0000050f,,50f08613,,"addi	x12,x1,1295","a2,ra,1295",
80005fe4,srai,a5:00000000,,40c75793,,"srai	x15,x14,0xc","a5,a4,0xc",
80005fe8,andi,s10:00000000,,25e77d13,,"andi	x26,x14,606","s10,a4,606",
80005fec,slt,s6:00000000,,012fab33,,"slt	x22,x31,x18","s6,t6,s2",
80005ff0,sub,t1:8421b19c,,40ad8333,,"sub	x6,x27,x10","t1,s11,a0",
80005ff4,slti,t6:00000000,,432aaf93,,"slti	x31,x21,1074","t6,s5,1074",
80005ff8,ori,s0:fffffff4,,4d4be413,,"ori	x8,x23,1236","s0,s7,1236",
80005ffc,sub,a3:80054a6f,,414586b3,,"sub	x13,x11,x20","a3,a1,s4",
80006000,sll,ra:00000000,,017210b3,,"sll	x1,x4,x23","ra,tp,s7",
80006004,srai,a2:00000000,,41dc5613,,"srai	x12,x24,0x1d","a2,s8,0x1d",
8000600c,xori,a1:0423037c,,37cdc593,,"xori	x11,x27,892","a1,s11,892",
80006014,add,a7:80054a73,,01c688b3,,"add	x17,x13,x28","a7,a3,t3",
80006018,and,s9:00000000,,01db7cb3,,"and	x25,x22,x29","s9,s6,t4",
8000601c,slt,s9:00000000,,00692cb3,,"slt	x25,x18,x6","s9,s2,t1",
80006020,addi,t1:8421b864,,6c830313,,"addi	x6,x6,1736","t1,t1,1736",
80006024,auipc,a2:02cab024,,82ca5617,,"auipc	x12,0x82ca5","a2,0x82ca5",
80006028,or,s11:84234e64,,00adedb3,,"or	x27,x27,x10","s11,s11,a0",
8000602c,srli,ra:00000000,,019fd093,,"srli	x1,x31,0x19","ra,t6,0x19",
80006030,auipc,s0:d42b6030,,542b0417,,"auipc	x8,0x542b0","s0,0x542b0",
80006034,slti,t4:00000001,,54f72e93,,"slti	x29,x14,1359","t4,a4,1359",
80006038,lui,s9:5e292000,,5e292cb7,,"lui	x25,0x5e292","s9,0x5e292",
8000603c,sltu,ra:00000000,,00ea30b3,,"sltu	x1,x20,x14","ra,s4,a4",
80006044,srl,tp:00000000,,0144d233,,"srl	x4,x9,x20","tp,s1,s4",
80006048,lui,s2:98721000,,98721937,,"lui	x18,0x98721","s2,0x98721",
8000604c,sltiu,s4:00000000,,53143a13,,"sltiu	x20,x8,1329","s4,s0,1329",
80006050,sub,s8:02cab024,,41a60c33,,"sub	x24,x12,x26","s8,a2,s10",
80006054,xor,s0:00000000,,00474433,,"xor	x8,x14,x4","s0,a4,tp",
8000605c,srli,s7:00000000,,00eedb93,,"srli	x23,x29,0xe","s7,t4,0xe",
80006060,slti,s10:00000000,,98fcad13,,"slti	x26,x25,-1649","s10,s9,-1649",
80006064,or,t4:08b3885d,,007aeeb3,,"or	x29,x21,x7","t4,s5,t2",
8000606c,srli,a4:00098721,,00c95713,,"srli	x14,x18,0xc","a4,s2,0xc",
80006070,andi,a4:00000000,,e6c47713,,"andi	x14,x8,-404","a4,s0,-404",
80006078,lui,a3:902e8000,,902e86b7,,"lui	x13,0x902e8","a3,0x902e8",
8000607c,ori,a3:fffff912,,91276693,,"ori	x13,x14,-1774","a3,a4,-1774",
80006080,slli,a6:00000000,,00919813,,"slli	x16,x3,0x9","a6,gp,0x9",
80006084,andi,s2:00000014,,23617913,,"andi	x18,x2,566","s2,sp,566",
80006088,xori,gp:8421ba91,,2f534193,,"xori	x3,x6,757","gp,t1,757",
8000608c,srai,t0:00000000,,41f65293,,"srai	x5,x12,0x1f","t0,a2,0x1f",
80006098,addi,s7:000007a0,,78c90b93,,"addi	x23,x18,1932","s7,s2,1932",
8000609c,or,t3:000007a0,,0174ee33,,"or	x28,x9,x23","t3,s1,s7",
800060a0,sll,s7:00000000,,00529bb3,,"sll	x23,x5,x5","s7,t0,t0",
800060a4,srl,s0:02cab024,,01c65433,,"srl	x8,x12,x28","s0,a2,t3",
800060a8,srai,s1:00000000,,4134d493,,"srai	x9,x9,0x13","s1,s1,0x13",
800060ac,slli,a4:23037c00,,00859713,,"slli	x14,x11,0x8","a4,a1,0x8",
800060b0,xori,s0:0000076f,,76f84413,,"xori	x8,x16,1903","s0,a6,1903",
800060b4,sltiu,t3:00000001,,802b3e13,,"sltiu	x28,x22,-2046","t3,s6,-2046",
800060b8,sltiu,a1:00000001,,c9d3b593,,"sltiu	x11,x7,-867","a1,t2,-867",
800060bc,lui,s1:c10b6000,,c10b64b7,,"lui	x9,0xc10b6","s1,0xc10b6",
800060c0,and,s5:00000000,,00ea7ab3,,"and	x21,x20,x14","s5,s4,a4",
800060c8,slt,gp:00000000,,014b21b3,,"slt	x3,x22,x20","gp,s6,s4",
800060cc,slli,ra:10ba0000,,01111093,,"slli	x1,x2,0x11","ra,sp,0x11",
800060d0,sll,s2:c6720000,,013f1933,,"sll	x18,x30,x19","s2,t5,s3",
800060d4,sub,t4:5e291fff,,41cc8eb3,,"sub	x29,x25,x28","t4,s9,t3",
800060d8,srai,a4:00000000,,4155d713,,"srai	x14,x11,0x15","a4,a1,0x15",
800060dc,and,a3:02081024,,018ef6b3,,"and	x13,x29,x24","a3,t4,s8",
800060e4,sub,s10:398e0000,,412a0d33,,"sub	x26,x20,x18","s10,s4,s2",
800060e8,sub,s10:0eb1efdc,,40d08d33,,"sub	x26,x1,x13","s10,ra,a3",
800060ec,srli,a3:00000000,,0071d693,,"srli	x13,x3,0x7","a3,gp,0x7",
800060f0,ori,s7:fffffe22,,e22feb93,,"ori	x23,x31,-478","s7,t6,-478",
800060f4,srl,t6:00001d63,,008d5fb3,,"srl	x31,x26,x8","t6,s10,s0",
800060f8,sll,gp:5e292000,,010c91b3,,"sll	x3,x25,x16","gp,s9,a6",
800060fc,sltiu,a3:00000001,,842a3693,,"sltiu	x13,x20,-1982","a3,s4,-1982",
80006100,auipc,t0:cf55f100,,4f559297,,"auipc	x5,0x4f559","t0,0x4f559",
80006104,sltiu,s9:00000000,,56113c93,,"sltiu	x25,x2,1377","s9,sp,1377",
80006108,sra,t3:00000000,,413fde33,,"sra	x28,x31,x19","t3,t6,s3",
8000610c,lui,ra:6d0f1000,,6d0f10b7,,"lui	x1,0x6d0f1","ra,0x6d0f1",
80006110,andi,a6:00000000,,ea607813,,"andi	x16,x0,-346","a6,zero,-346",
80006114,xori,sp:7bdcb1f1,,f95dc113,,"xori	x2,x27,-107","sp,s11,-107",
80006118,sltu,a7:00000000,,0082b8b3,,"sltu	x17,x5,x8","a7,t0,s0",
8000611c,slli,t3:40000000,,01c51e13,,"slli	x28,x10,0x1c","t3,a0,0x1c",
80006120,sltu,a4:00000001,,0128b733,,"sltu	x14,x17,x18","a4,a7,s2",
80006124,slt,s6:00000001,,01ff2b33,,"slt	x22,x30,x31","s6,t5,t6",
80006128,andi,s5:00000001,,2e76fa93,,"andi	x21,x13,743","s5,a3,743",
8000612c,lui,t3:c0ae9000,,c0ae9e37,,"lui	x28,0xc0ae9","t3,0xc0ae9",
80006130,slti,s6:00000000,,e2f5ab13,,"slti	x22,x11,-465","s6,a1,-465",
80006138,sra,s4:00000000,,41925a33,,"sra	x20,x4,x25","s4,tp,s9",
80006140,add,s11:00001d63,,00ff8db3,,"add	x27,x31,x15","s11,t6,a5",
80006148,xori,s5:a1d6de84,,e841ca93,,"xori	x21,x3,-380","s5,gp,-380",
8000614c,or,s8:00000000,,01086c33,,"or	x24,x16,x16","s8,a6,a6",
80006150,srai,tp:00000000,,40d25213,,"srai	x4,x4,0xd","tp,tp,0xd",
80006154,sra,a4:00000000,,4025d733,,"sra	x14,x11,x2","a4,a1,sp",
80006158,slli,tp:00000000,,01cb1213,,"slli	x4,x22,0x1c","tp,s6,0x1c",
8000615c,slt,s7:00000000,,00afabb3,,"slt	x23,x31,x10","s7,t6,a0",
80006160,slt,a5:00000001,,01f2a7b3,,"slt	x15,x5,x31","a5,t0,t6",
80006164,add,a4:80014e64,,00e50733,,"add	x14,x10,x14","a4,a0,a4",
80006168,srli,s7:00000005,,01c1db93,,"srli	x23,x3,0x1c","s7,gp,0x1c",
8000616c,sll,t2:2cab0240,,00e613b3,,"sll	x7,x12,x14","t2,a2,a4",
80006170,addi,a5:6d0f160e,,60e08793,,"addi	x15,x1,1550","a5,ra,1550",
80006174,add,s2:5e29276e,,008e8933,,"add	x18,x29,x8","s2,t4,s0",
80006178,ori,ra:00000187,,187c6093,,"ori	x1,x24,391","ra,s8,391",
80006180,ori,ra:fffffeef,,86bae093,,"ori	x1,x21,-1941","ra,s5,-1941",
80006184,xori,s0:cf55f491,,5912c413,,"xori	x8,x5,1425","s0,t0,1425",
80006188,and,a2:008a0000,,00767633,,"and	x12,x12,x7","a2,a2,t2",
8000618c,sra,ra:00001d63,,413d50b3,,"sra	x1,x26,x19","ra,s10,s3",
80006190,slli,s8:00000000,,019c9c13,,"slli	x24,x25,0x19","s8,s9,0x19",
80006194,auipc,t4:9f2b3194,,1f2ade97,,"auipc	x29,0x1f2ad","t4,0x1f2ad",
80006198,lui,gp:12d92000,,12d921b7,,"lui	x3,0x12d92","gp,0x12d92",
8000619c,slli,s4:01d63000,,00cd9a13,,"slli	x20,x27,0xc","s4,s11,0xc",
800061a4,or,a5:5e29276e,,019967b3,,"or	x15,x18,x25","a5,s2,s9",
800061a8,sll,sp:1d6de840,,01ea9133,,"sll	x2,x21,x30","sp,s5,t5",
800061ac,srl,s7:0096c900,,0171dbb3,,"srl	x23,x3,x23","s7,gp,s7",
800061b0,or,a7:1defe840,,00c168b3,,"or	x17,x2,x12","a7,sp,a2",
800061b4,auipc,gp:7bb911b4,,fbb8b197,,"auipc	x3,0xfbb8b","gp,0xfbb8b",
800061b8,slt,s4:00000000,,00a62a33,,"slt	x20,x12,x10","s4,a2,a0",
800061bc,slti,t3:00000000,,b847ae13,,"slti	x28,x15,-1148","t3,a5,-1148",
800061c0,slt,a3:00000000,,014c26b3,,"slt	x13,x24,x20","a3,s8,s4",
800061c4,addi,a1:fffff837,,83720593,,"addi	x11,x4,-1993","a1,tp,-1993",
800061c8,addi,s7:00001e1f,,0bcd8b93,,"addi	x23,x27,188","s7,s11,188",
800061d0,or,s0:cf55f491,,01c46433,,"or	x8,x8,x28","s0,s0,t3",
800061d4,add,s2:00000000,,01ce0933,,"add	x18,x28,x28","s2,t3,t3",
800061d8,and,s6:00000000,,0014fb33,,"and	x22,x9,x1","s6,s1,ra",
800061dc,xori,s7:5e292097,,e13acb93,,"xori	x23,x21,-493","s7,s5,-493",
800061e0,auipc,s6:d90cd1e0,,590c7b17,,"auipc	x22,0x590c7","s6,0x590c7",
800061e4,ori,t4:fffffff5,,ff5eee93,,"ori	x29,x29,-11","t4,t4,-11",
800061e8,srl,gp:00000000,,004c51b3,,"srl	x3,x24,x4","gp,s8,tp",
800061ec,sltiu,s7:00000001,,7d583b93,,"sltiu	x23,x16,2005","s7,a6,2005",
800061f0,xor,s8:c4e339a0,,0168cc33,,"xor	x24,x17,x22","s8,a7,s6",
800061f4,add,t6:80018ce4,,012f0fb3,,"add	x31,x30,x18","t6,t5,s2",
800061f8,srl,a5:16558120,,0173d7b3,,"srl	x15,x7,x23","a5,t2,s7",
80006200,and,s9:00000000,,00cf7cb3,,"and	x25,x30,x12","s9,t5,a2",
80006204,sub,a2:1d6dcadd,,41b10633,,"sub	x12,x2,x27","a2,sp,s11",
80006208,srli,tp:000000ff,,018ed213,,"srli	x4,x29,0x18","tp,t4,0x18",
8000620c,srli,s2:00000000,,0100d913,,"srli	x18,x1,0x10","s2,ra,0x10",
80006210,slti,s10:00000001,,4f65ad13,,"slti	x26,x11,1270","s10,a1,1270",
80006214,auipc,a5:c3eaf214,,43ea9797,,"auipc	x15,0x43ea9","a5,0x43ea9",
80006218,sltu,ra:00000000,,0133b0b3,,"sltu	x1,x7,x19","ra,t2,s3",
8000621c,addi,t6:c4e33286,,8e6c0f93,,"addi	x31,x24,-1818","t6,s8,-1818",
80006220,sltu,a7:00000001,,01da38b3,,"sltu	x17,x20,x29","a7,s4,t4",
80006224,sra,a2:00000000,,41da5633,,"sra	x12,x20,x29","a2,s4,t4",
80006228,auipc,a5:bddc0228,,3ddba797,,"auipc	x15,0x3ddba","a5,0x3ddba",
8000622c,sub,a5:00000000,,40d607b3,,"sub	x15,x12,x13","a5,a2,a3",
80006230,srl,t3:00000001,,004fde33,,"srl	x28,x31,x4","t3,t6,tp",
80006234,sltu,a2:00000001,,01fe3633,,"sltu	x12,x28,x31","a2,t3,t6",
80006238,slt,t4:00000000,,01ee2eb3,,"slt	x29,x28,x30","t4,t3,t5",
8000623c,slti,gp:00000001,,279f2193,,"slti	x3,x30,633","gp,t5,633",
80006244,slti,t2:00000000,,f2ada393,,"slti	x7,x27,-214","t2,s11,-214",
8000624c,add,a4:80014e64,,00a08733,,"add	x14,x1,x10","a4,ra,a0",
80006250,sltiu,a7:00000001,,a1ec3893,,"sltiu	x17,x24,-1506","a7,s8,-1506",
80006254,addi,t1:000002f4,,2f480313,,"addi	x6,x16,756","t1,a6,756",
80006258,sltiu,tp:00000001,,a06db213,,"sltiu	x4,x27,-1530","tp,s11,-1530",
8000625c,srli,s8:00000000,,0133dc13,,"srli	x24,x7,0x13","s8,t2,0x13",
80006260,xori,a2:0000028b,,28ad4613,,"xori	x12,x26,650","a2,s10,650",
80006268,slti,s2:00000001,,fcc5a913,,"slti	x18,x11,-52","s2,a1,-52",
8000626c,sra,t3:00000000,,41a3de33,,"sra	x28,x7,x26","t3,t2,s10",
80006270,slli,a3:0002f400,,00831693,,"slli	x13,x6,0x8","a3,t1,0x8",
80006274,srai,a4:00000000,,418c5713,,"srai	x14,x24,0x18","a4,s8,0x18",
80006278,srli,a1:00000000,,00bc5593,,"srli	x11,x24,0xb","a1,s8,0xb",
8000627c,add,a4:0002f401,,00d20733,,"add	x14,x4,x13","a4,tp,a3",
80006280,srl,s5:00189c66,,00cfdab3,,"srl	x21,x31,x12","s5,t6,a2",
80006284,auipc,tp:a11c2284,,211bc217,,"auipc	x4,0x211bc","tp,0x211bc",
80006288,and,t4:00000000,,00b97eb3,,"and	x29,x18,x11","t4,s2,a1",
8000628c,sltiu,a2:00000001,,2f3eb613,,"sltiu	x12,x29,755","a2,t4,755",
80006290,andi,a2:00000001,,ef767613,,"andi	x12,x12,-265","a2,a2,-265",
80006294,xor,a3:d2381940,,005146b3,,"xor	x13,x2,x5","a3,sp,t0",
80006298,or,a4:c10bece4,,01e4e733,,"or	x14,x9,x30","a4,s1,t5",
8000629c,srli,a2:00000006,,01d45613,,"srli	x12,x8,0x1d","a2,s0,0x1d",
800062a0,ori,t0:fffff95d,,95d2e293,,"ori	x5,x5,-1699","t0,t0,-1699",
800062a4,sub,s6:1d6de83f,,41710b33,,"sub	x22,x2,x23","s6,sp,s7",
800062a8,sltiu,s1:00000000,,7e6f3493,,"sltiu	x9,x30,2022","s1,t5,2022",
800062ac,xori,s2:fffff8ab,,8aabc913,,"xori	x18,x23,-1878","s2,s7,-1878",
800062b0,sub,tp:fffffffa,,40ca0233,,"sub	x4,x20,x12","tp,s4,a2",
800062b4,sltu,a4:00000001,,0155b733,,"sltu	x14,x11,x21","a4,a1,s5",
800062b8,slt,t6:00000000,,00582fb3,,"slt	x31,x16,x5","t6,a6,t0",
800062c0,add,s2:80014e64,,00ae0933,,"add	x18,x28,x10","s2,t3,a0",
800062c4,and,a6:00000000,,0004f833,,"and	x16,x9,x0","a6,s1,zero",
800062c8,sltiu,t3:00000001,,3310be13,,"sltiu	x28,x1,817","t3,ra,817",
800062cc,srai,s9:ffffd238,,4106dc93,,"srai	x25,x13,0x10","s9,a3,0x10",
800062d4,srai,a2:00000000,,4098d613,,"srai	x12,x17,0x9","a2,a7,0x9",
800062d8,sra,a6:00000000,,4007d833,,"sra	x16,x15,x0","a6,a5,zero",
800062dc,sll,a4:00000000,,01549733,,"sll	x14,x9,x21","a4,s1,s5",
800062e0,sltiu,a3:00000001,,3193b693,,"sltiu	x13,x7,793","a3,t2,793",
800062e4,xor,a1:000002fb,,013345b3,,"xor	x11,x6,x19","a1,t1,s3",
800062e8,auipc,s8:3dcb82e8,,bdcb2c17,,"auipc	x24,0xbdcb2","s8,0xbdcb2",
800062ec,andi,gp:00000001,,6dbe7193,,"andi	x3,x28,1755","gp,t3,1755",
800062f0,slli,tp:00000000,,01f61213,,"slli	x4,x12,0x1f","tp,a2,0x1f",
800062f4,srli,s6:00000000,,00825b13,,"srli	x22,x4,0x8","s6,tp,0x8",
80006300,sra,s1:00000000,,405754b3,,"sra	x9,x14,x5","s1,a4,t0",
80006304,add,a4:00000001,,000b8733,,"add	x14,x23,x0","a4,s7,zero",
80006308,sra,s6:0000000c,,408adb33,,"sra	x22,x21,x8","s6,s5,s0",
8000630c,auipc,s6:f86bc30c,,786b6b17,,"auipc	x22,0x786b6","s6,0x786b6",
80006310,slti,s10:00000001,,9d6cad13,,"slti	x26,x25,-1578","s10,s9,-1578",
80006314,ori,t2:00000755,,754d6393,,"ori	x7,x26,1876","t2,s10,1876",
80006318,slt,sp:00000000,,010aa133,,"slt	x2,x21,x16","sp,s5,a6",
8000631c,sltiu,s6:00000001,,e2783b13,,"sltiu	x22,x16,-473","s6,a6,-473",
80006320,srai,s7:fffe7aaf,,40d45b93,,"srai	x23,x8,0xd","s7,s0,0xd",
80006324,srai,a5:00000000,,40875793,,"srai	x15,x14,0x8","a5,a4,0x8",
80006328,slt,t1:00000000,,01c6a333,,"slt	x6,x13,x28","t1,a3,t3",
8000632c,and,s2:00000001,,003b7933,,"and	x18,x22,x3","s2,s6,gp",
80006330,addi,a6:0018a15b,,4f5a8813,,"addi	x16,x21,1269","a6,s5,1269",
80006334,srai,s6:f3d57d24,,40245b13,,"srai	x22,x8,0x2","s6,s0,0x2",
80006338,sltiu,t0:00000001,,bc95b293,,"sltiu	x5,x11,-1079","t0,a1,-1079",
8000633c,slli,sp:bc000000,,01ab9113,,"slli	x2,x23,0x1a","sp,s7,0x1a",
80006344,sltiu,s1:00000001,,0181b493,,"sltiu	x9,x3,24","s1,gp,24",
80006348,andi,s2:00000000,,4d827913,,"andi	x18,x4,1240","s2,tp,1240",
8000634c,srli,t1:00000001,,014ad313,,"srli	x6,x21,0x14","t1,s5,0x14",
80006350,lui,gp:8e8f8000,,8e8f81b7,,"lui	x3,0x8e8f8","gp,0x8e8f8",
80006354,andi,ra:00001d60,,fe4df093,,"andi	x1,x27,-28","ra,s11,-28",
80006358,srai,s10:00000000,,4179dd13,,"srai	x26,x19,0x17","s10,s3,0x17",
8000635c,sra,tp:00000000,,41e05233,,"sra	x4,x0,x30","tp,zero,t5",
80006364,andi,t1:00189804,,99daf313,,"andi	x6,x21,-1635","t1,s5,-1635",
80006368,add,t6:8e8f8001,,00388fb3,,"add	x31,x17,x3","t6,a7,gp",
80006370,xor,s5:0000000f,,013a4ab3,,"xor	x21,x20,x19","s5,s4,s3",
80006374,or,t2:cf55fef5,,008563b3,,"or	x7,x10,x8","t2,a0,s0",
80006378,add,t4:fffe7aaf,,01778eb3,,"add	x29,x15,x23","t4,a5,s7",
8000637c,sub,sp:918a7c0d,,41838133,,"sub	x2,x7,x24","sp,t2,s8",
80006380,slti,a7:00000000,,0565a893,,"slti	x17,x11,86","a7,a1,86",
80006384,lui,tp:c72ee000,,c72ee237,,"lui	x4,0xc72ee","tp,0xc72ee",
80006388,xori,ra:918a7c89,,08414093,,"xori	x1,x2,132","ra,sp,132",
8000638c,or,t2:00001d63,,012de3b3,,"or	x7,x27,x18","t2,s11,s2",
80006390,sub,a7:38d12000,,404a08b3,,"sub	x17,x20,x4","a7,s4,tp",
80006394,sra,s5:fffc747c,,402fdab3,,"sra	x21,x31,x2","s5,t6,sp",
80006398,sub,s6:0e8df31c,,41e18b33,,"sub	x22,x3,x30","s6,gp,t5",
8000639c,slt,sp:00000000,,00a62133,,"slt	x2,x12,x10","sp,a2,a0",
800063a0,srai,t6:ffffffff,,413adf93,,"srai	x31,x21,0x13","t6,s5,0x13",
800063a4,andi,a6:80018860,,862f7813,,"andi	x16,x30,-1950","a6,t5,-1950",
800063a8,ori,sp:ffffffc6,,fc666113,,"ori	x2,x12,-58","sp,a2,-58",
800063ac,addi,t4:fffe76fe,,c4fe8e93,,"addi	x29,x29,-945","t4,t4,-945",
800063b0,or,a3:0e8dff7f,,01bb66b3,,"or	x13,x22,x27","a3,s6,s11",
800063b4,slt,ra:00000001,,0141a0b3,,"slt	x1,x3,x20","ra,gp,s4",
800063b8,srli,a6:00000003,,01a6d813,,"srli	x16,x13,0x1a","a6,a3,0x1a",
800063bc,or,a1:0e8dff7f,,00c6e5b3,,"or	x11,x13,x12","a1,a3,a2",
800063c0,srai,t4:fffffff1,,40215e93,,"srai	x29,x2,0x2","t4,sp,0x2",
800063c4,add,s2:38d13d63,,00788933,,"add	x18,x17,x7","s2,a7,t2",
800063c8,xori,s6:0e8dfa2e,,5515cb13,,"xori	x22,x11,1361","s6,a1,1361",
800063cc,andi,ra:00000000,,bf6e7093,,"andi	x1,x28,-1034","ra,t3,-1034",
800063d0,xori,a4:ffe7639b,,b9f34713,,"xori	x14,x6,-1121","a4,t1,-1121",
800063d4,addi,a4:0e8df7c0,,84168713,,"addi	x14,x13,-1983","a4,a3,-1983",
800063d8,srli,a5:00000000,,0173d793,,"srli	x15,x7,0x17","a5,t2,0x17",
800063dc,add,ra:ffffd23b,,010c80b3,,"add	x1,x25,x16","ra,s9,a6",
800063e0,slti,t3:00000000,,804e2e13,,"slti	x28,x28,-2044","t3,t3,-2044",
800063e4,xor,tp:8e8f8000,,0037c233,,"xor	x4,x15,x3","tp,a5,gp",
800063e8,xor,a5:0e95622a,,006b47b3,,"xor	x15,x22,x6","a5,s6,t1",
800063ec,or,s1:fffff6fc,,015c64b3,,"or	x9,x24,x21","s1,s8,s5",
800063f4,xor,s8:fffffffe,,013ecc33,,"xor	x24,x29,x19","s8,t4,s3",
800063f8,srai,t0:00000000,,41f6d293,,"srai	x5,x13,0x1f","t0,a3,0x1f",
800063fc,sub,s5:00020633,,415b8ab3,,"sub	x21,x23,x21","s5,s7,s5",
80006400,sltiu,sp:00000000,,55273113,,"sltiu	x2,x14,1362","sp,a4,1362",
80006404,slt,a1:00000000,,018825b3,,"slt	x11,x16,x24","a1,a6,s8",
80006408,slt,t4:00000000,,01e62eb3,,"slt	x29,x12,x30","t4,a2,t5",
8000640c,sltiu,sp:00000000,,5776b113,,"sltiu	x2,x13,1399","sp,a3,1399",
80006410,sltiu,t2:00000001,,a1403393,,"sltiu	x7,x0,-1516","t2,zero,-1516",
80006414,add,s1:80035497,,015504b3,,"add	x9,x10,x21","s1,a0,s5",
80006418,addi,a4:000016b9,,956d8713,,"addi	x14,x27,-1706","a4,s11,-1706",
8000641c,slli,a6:00000000,,00dd1813,,"slli	x16,x26,0xd","a6,s10,0xd",
80006420,sll,a2:00000000,,00a61633,,"sll	x12,x12,x10","a2,a2,a0",
80006424,xor,t1:000016b9,,00274333,,"xor	x6,x14,x2","t1,a4,sp",
80006428,sub,t3:80018ce6,,418f0e33,,"sub	x28,x30,x24","t3,t5,s8",
8000642c,slti,a1:00000001,,9a4ca593,,"slti	x11,x25,-1628","a1,s9,-1628",
80006430,slli,t4:ffe00000,,015f9e93,,"slli	x29,x31,0x15","t4,t6,0x15",
80006434,addi,s8:cf55f600,,16f40c13,,"addi	x24,x8,367","s8,s0,367",
80006438,srli,t1:00000000,,0015d313,,"srli	x6,x11,0x1","t1,a1,0x1",
8000643c,and,a1:80035497,,0094f5b3,,"and	x11,x9,x9","a1,s1,s1",
80006440,sll,s9:00000000,,00e21cb3,,"sll	x25,x4,x14","s9,tp,a4",
80006448,sltiu,t2:00000000,,16a8b393,,"sltiu	x7,x17,362","t2,a7,362",
8000644c,sltu,a1:00000000,,014eb5b3,,"sltu	x11,x29,x20","a1,t4,s4",
80006450,slli,s11:7d244000,,00e41d93,,"slli	x27,x8,0xe","s11,s0,0xe",
80006458,srli,t4:00000000,,00d35e93,,"srli	x29,x6,0xd","t4,t1,0xd",
8000645c,srl,s9:00e95622,,01e7dcb3,,"srl	x25,x15,x30","s9,a5,t5",
80006460,lui,a3:bd9f3000,,bd9f36b7,,"lui	x13,0xbd9f3","a3,0xbd9f3",
80006464,xori,a1:30aa096f,,dfe44593,,"xori	x11,x8,-514","a1,s0,-514",
8000646c,sll,a4:80035497,,01049733,,"sll	x14,x9,x16","a4,s1,a6",
80006470,sub,t0:7ffcab69,,409d02b3,,"sub	x5,x26,x9","t0,s10,s1",
80006474,sltu,s8:00000000,,00e6bc33,,"sltu	x24,x13,x14","s8,a3,a4",
80006478,slti,t0:00000001,,5b1ea293,,"slti	x5,x29,1457","t0,t4,1457",
80006484,xori,s7:ff16af93,,9b1ccb93,,"xori	x23,x25,-1615","s7,s9,-1615",
80006488,srli,a1:00000000,,00a35593,,"srli	x11,x6,0xa","a1,t1,0xa",
8000648c,andi,a3:00000005,,c059f693,,"andi	x13,x19,-1019","a3,s3,-1019",
80006490,and,t3:00000000,,00b07e33,,"and	x28,x0,x11","t3,zero,a1",
80006498,ori,s9:0000069d,,69d86c93,,"ori	x25,x16,1693","s9,a6,1693",
8000649c,andi,a6:00000000,,be137813,,"andi	x16,x6,-1055","a6,t1,-1055",
800064a0,sltiu,t0:00000001,,2cb83293,,"sltiu	x5,x16,715","t0,a6,715",
800064a4,sub,a4:ffffd23c,,41f08733,,"sub	x14,x1,x31","a4,ra,t6",
800064a8,slli,a5:00000000,,00559793,,"slli	x15,x11,0x5","a5,a1,0x5",
800064ac,sub,t2:8e8f8000,,418183b3,,"sub	x7,x3,x24","t2,gp,s8",
800064b0,lui,t4:50042000,,50042eb7,,"lui	x29,0x50042","t4,0x50042",
800064b4,and,s9:0000000e,,0169fcb3,,"and	x25,x19,x22","s9,s3,s6",
800064b8,add,t1:ffffd249,,001c8333,,"add	x6,x25,x1","t1,s9,ra",
800064bc,slt,s6:00000000,,0077ab33,,"slt	x22,x15,x7","s6,a5,t2",
800064c0,sra,t1:00000000,,41f5d333,,"sra	x6,x11,x31","t1,a1,t6",
800064c4,and,t2:00000000,,011af3b3,,"and	x7,x21,x17","t2,s5,a7",
800064c8,slli,t2:00000000,,01c01393,,"slli	x7,x0,0x1c","t2,zero,0x1c",
800064cc,slli,s4:319c8000,,00df1a13,,"slli	x20,x30,0xd","s4,t5,0xd",
800064d0,xor,s9:00000000,,00704cb3,,"xor	x25,x0,x7","s9,zero,t2",
800064d4,xori,sp:0000010d,,10d7c113,,"xori	x2,x15,269","sp,a5,269",
800064d8,xor,s10:00000000,,00f84d33,,"xor	x26,x16,x15","s10,a6,a5",
800064dc,sltiu,a5:00000001,,6e75b793,,"sltiu	x15,x11,1767","a5,a1,1767",
800064e0,sra,s6:00000000,,41db5b33,,"sra	x22,x22,x29","s6,s6,t4",
800064e4,slli,a3:3c000000,,01a99693,,"slli	x13,x19,0x1a","a3,s3,0x1a",
800064e8,ori,t4:00000397,,39766e93,,"ori	x29,x12,919","t4,a2,919",
800064ec,lui,t2:fb0fe000,,fb0fe3b7,,"lui	x7,0xfb0fe","t2,0xfb0fe",
800064f0,slli,s9:1a27ac60,,00591c93,,"slli	x25,x18,0x5","s9,s2,0x5",
800064f4,sltu,a1:00000001,,0127b5b3,,"sltu	x11,x15,x18","a1,a5,s2",
800064f8,xor,a7:7ffe9c5f,,001548b3,,"xor	x17,x10,x1","a7,a0,ra",
80006500,xor,s11:4cb8c000,,014dcdb3,,"xor	x27,x27,x20","s11,s11,s4",
80006508,srli,s10:00002063,,004add13,,"srli	x26,x21,0x4","s10,s5,0x4",
8000650c,xori,a4:000022ca,,2a9d4713,,"xori	x14,x26,681","a4,s10,681",
80006510,sub,s7:7ffe9c5f,,40c88bb3,,"sub	x23,x17,x12","s7,a7,a2",
80006514,sltiu,a7:00000001,,98fbb893,,"sltiu	x17,x23,-1649","a7,s7,-1649",
80006518,andi,a4:80035086,,8ae4f713,,"andi	x14,x9,-1874","a4,s1,-1874",
8000651c,or,s7:80018ce5,,005f6bb3,,"or	x23,x30,x5","s7,t5,t0",
80006520,and,t4:00000000,,00bf7eb3,,"and	x29,x30,x11","t4,t5,a1",
80006524,andi,s0:00000000,,2685f413,,"andi	x8,x11,616","s0,a1,616",
80006528,sra,s11:c001aa4b,,4054ddb3,,"sra	x27,x9,x5","s11,s1,t0",
8000652c,add,s11:00000000,,01040db3,,"add	x27,x8,x16","s11,s0,a6",
80006534,sub,a2:fffe384e,,409b8633,,"sub	x12,x23,x9","a2,s7,s1",
80006538,auipc,s5:19b49538,,99b43a97,,"auipc	x21,0x99b43","s5,0x99b43",
80006540,slti,s1:00000001,,506ba493,,"slti	x9,x23,1286","s1,s7,1286",
80006544,sltiu,sp:00000001,,bc843113,,"sltiu	x2,x8,-1080","sp,s0,-1080",
80006548,ori,a4:fffffe40,,e40de713,,"ori	x14,x27,-448","a4,s11,-448",
8000654c,add,t4:fffe384e,,00c40eb3,,"add	x29,x8,x12","t4,s0,a2",
80006550,sltu,t3:00000001,,00233e33,,"sltu	x28,x6,x2","t3,t1,sp",
80006554,xori,s7:00000240,,24f9cb93,,"xori	x23,x19,591","s7,s3,591",
80006558,add,tp:6d9c8000,,01468233,,"add	x4,x13,x20","tp,a3,s4",
8000655c,slt,t4:00000000,,0012aeb3,,"slt	x29,x5,x1","t4,t0,ra",
80006560,sltu,t3:00000000,,01da3e33,,"sltu	x28,x20,x29","t3,s4,t4",
80006564,sltu,a7:00000001,,007938b3,,"sltu	x17,x18,x7","a7,s2,t2",
80006568,slt,s0:00000000,,0025a433,,"slt	x8,x11,x2","s0,a1,sp",
8000656c,addi,a2:3c000640,,64068613,,"addi	x12,x13,1600","a2,a3,1600",
80006570,andi,s4:00000000,,5456fa13,,"andi	x20,x13,1349","s4,a3,1349",
80006574,slti,t2:00000001,,346e2393,,"slti	x7,x28,838","t2,t3,838",
80006578,add,s1:8e8f7fff,,01f184b3,,"add	x9,x3,x31","s1,gp,t6",
8000657c,addi,t6:00000606,,60538f93,,"addi	x31,x7,1541","t6,t2,1541",
80006580,srli,s1:00000000,,00c45493,,"srli	x9,x8,0xc","s1,s0,0xc",
80006588,add,t3:00000000,,01c48e33,,"add	x28,x9,x28","t3,s1,t3",
8000658c,ori,a7:ffffff1e,,f1e06893,,"ori	x17,x0,-226","a7,zero,-226",
80006590,add,a1:0000000f,,013e85b3,,"add	x11,x29,x19","a1,t4,s3",
80006598,sltu,a7:00000000,,0190b8b3,,"sltu	x17,x1,x25","a7,ra,s9",
8000659c,sltiu,a4:00000001,,684bb713,,"sltiu	x14,x23,1668","a4,s7,1668",
800065a0,lui,sp:0fd17000,,0fd17137,,"lui	x2,0xfd17","sp,0xfd17",
800065a4,or,t0:00002063,,01bd62b3,,"or	x5,x26,x27","t0,s10,s11",
800065a8,add,s8:0000000f,,01498c33,,"add	x24,x19,x20","s8,s3,s4",
800065ac,addi,s4:19b490d3,,b9ba8a13,,"addi	x20,x21,-1125","s4,s5,-1125",
800065b4,slli,s0:86980000,,013a1413,,"slli	x8,x20,0x13","s0,s4,0x13",
800065b8,srai,s8:00000001,,41d95c13,,"srai	x24,x18,0x1d","s8,s2,0x1d",
800065bc,sltu,a6:00000000,,013bb833,,"sltu	x16,x23,x19","a6,s7,s3",
800065c0,slt,t6:00000000,,013cafb3,,"slt	x31,x25,x19","t6,s9,s3",
800065c4,sltiu,a7:00000000,,7586b893,,"sltiu	x17,x13,1880","a7,a3,1880",
800065c8,sll,s5:8e8f8000,,00d19ab3,,"sll	x21,x3,x13","s5,gp,a3",
800065cc,sltiu,ra:00000000,,372d3093,,"sltiu	x1,x26,882","ra,s10,882",
800065d4,xori,t6:fffffc49,,c49e4f93,,"xori	x31,x28,-951","t6,t3,-951",
800065d8,sra,ra:00000001,,404750b3,,"sra	x1,x14,x4","ra,a4,tp",
800065dc,add,s2:fffffc58,,013f8933,,"add	x18,x31,x19","s2,t6,s3",
800065e0,xori,tp:8e8f831c,,31cac213,,"xori	x4,x21,796","tp,s5,796",
800065e4,srli,a4:00000000,,01b8d713,,"srli	x14,x17,0x1b","a4,a7,0x1b",
800065e8,sll,t2:00000000,,013493b3,,"sll	x7,x9,x19","t2,s1,s3",
800065ec,xor,s0:80018ce5,,001f4433,,"xor	x8,x30,x1","s0,t5,ra",
800065f0,slli,sp:0018ce40,,004f1113,,"slli	x2,x30,0x4","sp,t5,0x4",
800065f4,xor,s8:8e8fa063,,0152cc33,,"xor	x24,x5,x21","s8,t0,s5",
800065f8,auipc,s4:a05c25f8,,205bca17,,"auipc	x20,0x205bc","s4,0x205bc",
800065fc,or,t2:8e8f831c,,015263b3,,"or	x7,x4,x21","t2,tp,s5",
80006604,srl,s5:00000000,,01ae5ab3,,"srl	x21,x28,x26","s5,t3,s10",
80006608,sll,a6:00000000,,00bd9833,,"sll	x16,x27,x11","a6,s11,a1",
8000660c,srai,s4:fffffffc,,41dc5a13,,"srai	x20,x24,0x1d","s4,s8,0x1d",
80006610,and,s2:00000000,,0161f933,,"and	x18,x3,x22","s2,gp,s6",
80006614,xori,a3:fffff8c9,,8c9e4693,,"xori	x13,x28,-1847","a3,t3,-1847",
80006618,ori,s6:0000023e,,23e06b13,,"ori	x22,x0,574","s6,zero,574",
8000661c,sltu,t3:00000001,,016abe33,,"sltu	x28,x21,x22","t3,s5,s6",
80006620,slti,s11:00000001,,4f692d93,,"slti	x27,x18,1270","s11,s2,1270",
80006624,slli,t2:e8f80000,,00419393,,"slli	x7,x3,0x4","t2,gp,0x4",
80006628,and,s7:00000000,,00d77bb3,,"and	x23,x14,x13","s7,a4,a3",
8000662c,andi,t2:1a27a800,,b8bcf393,,"andi	x7,x25,-1141","t2,s9,-1141",
80006630,ori,t6:fffffcd9,,498fef93,,"ori	x31,x31,1176","t6,t6,1176",
80006634,or,s8:0000000f,,01376c33,,"or	x24,x14,x19","s8,a4,s3",
80006638,sub,s11:00000001,,41178db3,,"sub	x27,x15,x17","s11,a5,a7",
8000663c,sra,a2:00000000,,41f4d633,,"sra	x12,x9,x31","a2,s1,t6",
80006640,sltiu,a6:00000001,,d3d5b813,,"sltiu	x16,x11,-707","a6,a1,-707",
80006644,sll,t2:00000000,,014893b3,,"sll	x7,x17,x20","t2,a7,s4",
80006648,lui,t2:f36f2000,,f36f23b7,,"lui	x7,0xf36f2","t2,0xf36f2",
8000664c,slli,sp:03180000,,01329113,,"slli	x2,x5,0x13","sp,t0,0x13",
80006654,xori,a2:7ffe75a7,,94244613,,"xori	x12,x8,-1726","a2,s0,-1726",
80006658,sub,s5:1a27ac60,,41dc8ab3,,"sub	x21,x25,x29","s5,s9,t4",
8000665c,add,s8:8e8f831d,,004e0c33,,"add	x24,x28,x4","s8,t3,tp",
80006660,srl,a3:80014e64,,006556b3,,"srl	x13,x10,x6","a3,a0,t1",
80006664,sll,t6:00000000,,00071fb3,,"sll	x31,x14,x0","t6,a4,zero",
80006668,slt,t6:00000000,,01f5afb3,,"slt	x31,x11,x31","t6,a1,t6",
8000666c,auipc,s2:6b0a766c,,eb0a1917,,"auipc	x18,0xeb0a1","s2,0xeb0a1",
80006670,addi,t4:7ffe76af,,10860e93,,"addi	x29,x12,264","t4,a2,264",
80006674,sltiu,a6:00000001,,912e3813,,"sltiu	x16,x28,-1774","a6,t3,-1774",
80006678,add,s8:8e8f8318,,004a0c33,,"add	x24,x20,x4","s8,s4,tp",
8000667c,or,s6:0000000f,,0009eb33,,"or	x22,x19,x0","s6,s3,zero",
80006680,sltiu,s1:00000001,,d9ffb493,,"sltiu	x9,x31,-609","s1,t6,-609",
80006684,slti,t3:00000001,,f0b3ae13,,"slti	x28,x7,-245","t3,t2,-245",
80006688,or,s5:00000001,,00fe6ab3,,"or	x21,x28,x15","s5,t3,a5",
8000668c,slti,s0:00000000,,b112a413,,"slti	x8,x5,-1263","s0,t0,-1263",
80006690,slt,gp:00000001,,01a321b3,,"slt	x3,x6,x26","gp,t1,s10",
80006694,sub,s1:ffffffff,,403404b3,,"sub	x9,x8,x3","s1,s0,gp",
80006698,sltu,tp:00000001,,009f3233,,"sltu	x4,x30,x9","tp,t5,s1",
8000669c,slli,s6:cc800000,,01569b13,,"slli	x22,x13,0x15","s6,a3,0x15",
800066a0,slti,t1:00000000,,af45a313,,"slti	x6,x11,-1292","t1,a1,-1292",
800066a4,sra,sp:00000001,,4117d133,,"sra	x2,x15,x17","sp,a5,a7",
800066a8,add,a6:7ffe76b0,,01ce8833,,"add	x16,x29,x28","a6,t4,t3",
800066ac,srli,s10:00000000,,0008dd13,,"srli	x26,x17,0x0","s10,a7,0x0",
800066b0,slt,t1:00000000,,00382333,,"slt	x6,x16,x3","t1,a6,gp",
800066b4,sltu,a6:00000001,,0129b833,,"sltu	x16,x19,x18","a6,s3,s2",
800066b8,lui,t1:3379a000,,3379a337,,"lui	x6,0x3379a","t1,0x3379a",
800066bc,sltiu,t2:00000001,,aa4d3393,,"sltiu	x7,x26,-1372","t2,s10,-1372",
800066c0,sltu,sp:00000000,,0156b133,,"sltu	x2,x13,x21","sp,a3,s5",
800066c4,slti,tp:00000000,,a7e62213,,"slti	x4,x12,-1410","tp,a2,-1410",
800066c8,srai,t0:00000000,,41985293,,"srai	x5,x16,0x19","t0,a6,0x19",
800066cc,slli,s5:53990000,,00e51a93,,"slli	x21,x10,0xe","s5,a0,0xe",
800066d0,addi,a1:00000290,,294a0593,,"addi	x11,x20,660","a1,s4,660",
800066d4,sltiu,t3:00000001,,52d13e13,,"sltiu	x28,x2,1325","t3,sp,1325",
800066d8,srai,a4:00000029,,419ad713,,"srai	x14,x21,0x19","a4,s5,0x19",
800066dc,xori,s0:fffff980,,67f4c413,,"xori	x8,x9,1663","s0,s1,1663",
800066e0,slt,t1:00000001,,0198a333,,"slt	x6,x17,x25","t1,a7,s9",
800066e4,or,s0:00000029,,01076433,,"or	x8,x14,x16","s0,a4,a6",
800066e8,slli,t2:0000000f,,00099393,,"slli	x7,x19,0x0","t2,s3,0x0",
800066ec,sll,a6:00000000,,00eb9833,,"sll	x16,x23,x14","a6,s7,a4",
800066f0,lui,s5:fe9da000,,fe9daab7,,"lui	x21,0xfe9da","s5,0xfe9da",
800066f4,add,ra:00000290,,01a580b3,,"add	x1,x11,x26","ra,a1,s10",
800066f8,andi,a2:00000000,,438af613,,"andi	x12,x21,1080","a2,s5,1080",
800066fc,xori,a7:fffffe4c,,e4c64893,,"xori	x17,x12,-436","a7,a2,-436",
80006700,addi,t1:000002e6,,2e5e0313,,"addi	x6,x28,741","t1,t3,741",
80006704,sltiu,t3:00000001,,6a2d3e13,,"sltiu	x28,x26,1698","t3,s10,1698",
80006708,srai,ra:00000000,,40b7d093,,"srai	x1,x15,0xb","ra,a5,0xb",
8000670c,srai,a1:00000000,,40cd5593,,"srai	x11,x26,0xc","a1,s10,0xc",
80006710,slt,a2:00000001,,01f4a633,,"slt	x12,x9,x31","a2,s1,t6",
80006714,addi,a1:00000451,,45078593,,"addi	x11,x15,1104","a1,a5,1104",
80006718,and,sp:00000440,,0125f133,,"and	x2,x11,x18","sp,a1,s2",
8000671c,slli,s5:00000000,,01f11a93,,"slli	x21,x2,0x1f","s5,sp,0x1f",
80006720,or,gp:00000451,,00b161b3,,"or	x3,x2,x11","gp,sp,a1",
80006724,sltiu,a1:00000000,,4ccc3593,,"sltiu	x11,x24,1228","a1,s8,1228",
80006728,or,s5:1a27ac60,,015ceab3,,"or	x21,x25,x21","s5,s9,s5",
8000672c,srai,a1:00000d13,,411ad593,,"srai	x11,x21,0x11","a1,s5,0x11",
80006730,addi,a6:ffffff5f,,f5f00813,,"addi	x16,x0,-161","a6,zero,-161",
80006734,add,s10:0000028c,,01110d33,,"add	x26,x2,x17","s10,sp,a7",
80006738,sltiu,tp:00000001,,8390b213,,"sltiu	x4,x1,-1991","tp,ra,-1991",
8000673c,slti,gp:00000000,,b35da193,,"slti	x3,x27,-1227","gp,s11,-1227",
80006740,slli,s4:00000000,,01101a13,,"slli	x20,x0,0x11","s4,zero,0x11",
80006744,srl,s1:00000001,,017654b3,,"srl	x9,x12,x23","s1,a2,s7",
80006748,sub,a7:fffffd75,,41ae08b3,,"sub	x17,x28,x26","a7,t3,s10",
8000674c,auipc,t4:7ca7974c,,fca73e97,,"auipc	x29,0xfca73","t4,0xfca73",
80006750,ori,s5:80014f76,,33656a93,,"ori	x21,x10,822","s5,a0,822",
80006754,slt,s6:00000001,,01322b33,,"slt	x22,x4,x19","s6,tp,s3",
80006758,srai,s10:ffffffc0,,419add13,,"srai	x26,x21,0x19","s10,s5,0x19",
8000675c,xori,a1:000001bf,,1bf1c593,,"xori	x11,x3,447","a1,gp,447",
80006760,sltiu,s11:00000001,,e6a43d93,,"sltiu	x27,x8,-406","s11,s0,-406",
80006764,add,a4:ffffff5f,,00080733,,"add	x14,x16,x0","a4,a6,zero",
80006768,auipc,ra:b6e06768,,36e00097,,"auipc	x1,0x36e00","ra,0x36e00",
8000676c,sra,s11:00000000,,406e5db3,,"sra	x27,x28,x6","s11,t3,t1",
80006770,and,t4:00000000,,01b7feb3,,"and	x29,x15,x27","t4,a5,s11",
80006774,slti,s2:00000000,,8019a913,,"slti	x18,x19,-2047","s2,s3,-2047",
8000677c,xori,a7:fffff9a9,,98044893,,"xori	x17,x8,-1664","a7,s0,-1664",
80006780,xor,a1:80018ce4,,000f45b3,,"xor	x11,x30,x0","a1,t5,zero",
80006784,and,tp:00000000,,01797233,,"and	x4,x18,x23","tp,s2,s7",
80006788,srl,a5:00000000,,010ed7b3,,"srl	x15,x29,x16","a5,t4,a6",
8000678c,or,s9:ffffff7f,,00ececb3,,"or	x25,x25,x14","s9,s9,a4",
80006790,sra,a7:00000000,,404fd8b3,,"sra	x17,x31,x4","a7,t6,tp",
80006794,andi,t1:00000008,,a0a47313,,"andi	x6,x8,-1526","t1,s0,-1526",
80006798,sltiu,a5:00000001,,f0143793,,"sltiu	x15,x8,-255","a5,s0,-255",
8000679c,and,s5:00000000,,00f2fab3,,"and	x21,x5,x15","s5,t0,a5",
800067a0,addi,s4:0000031c,,3bd70a13,,"addi	x20,x14,957","s4,a4,957",
800067a4,and,s8:00000000,,004f7c33,,"and	x24,x30,x4","s8,t5,tp",
800067a8,or,a1:00000000,,0001e5b3,,"or	x11,x3,x0","a1,gp,zero",
800067ac,sltu,s5:00000000,,0174bab3,,"sltu	x21,x9,x23","s5,s1,s7",
800067b0,sll,a6:00000001,,00261833,,"sll	x16,x12,x2","a6,a2,sp",
800067b4,ori,s8:80014f75,,17556c13,,"ori	x24,x10,373","s8,a0,373",
800067bc,lui,a2:15d79000,,15d79637,,"lui	x12,0x15d79","a2,0x15d79",
800067c0,sub,s5:ffffffff,,40fb8ab3,,"sub	x21,x23,x15","s5,s7,a5",
800067c4,srli,a1:00010003,,00ff5593,,"srli	x11,x30,0xf","a1,t5,0xf",
800067c8,add,a1:80014e65,,009505b3,,"add	x11,x10,x9","a1,a0,s1",
800067cc,srli,a2:000007ff,,015d5613,,"srli	x12,x26,0x15","a2,s10,0x15",
800067d0,srl,t4:00000000,,00cddeb3,,"srl	x29,x27,x12","t4,s11,a2",
800067d4,slt,s0:00000000,,017fa433,,"slt	x8,x31,x23","s0,t6,s7",
800067d8,srli,s8:00000000,,015e5c13,,"srli	x24,x28,0x15","s8,t3,0x15",
800067e0,sll,s8:00000010,,01c31c33,,"sll	x24,x6,x28","s8,t1,t3",
800067e4,ori,sp:ffffffff,,e2b66113,,"ori	x2,x12,-469","sp,a2,-469",
800067e8,xor,s11:ffffff5f,,01d74db3,,"xor	x27,x14,x29","s11,a4,t4",
800067ec,lui,s6:0d12b000,,0d12bb37,,"lui	x22,0xd12b","s6,0xd12b",
800067f0,add,t3:00000010,,013e0e33,,"add	x28,x28,x19","t3,t3,s3",
800067f4,srli,s5:000fffff,,00cdda93,,"srli	x21,x27,0xc","s5,s11,0xc",
800067f8,xori,s5:00000103,,10324a93,,"xori	x21,x4,259","s5,tp,259",
800067fc,lui,a2:545b2000,,545b2637,,"lui	x12,0x545b2","a2,0x545b2",
80006800,or,a2:b6e06768,,0120e633,,"or	x12,x1,x18","a2,ra,s2",
80006804,sra,a6:ffffffff,,41415833,,"sra	x16,x2,x20","a6,sp,s4",
80006808,slli,s4:d0000000,,01909a13,,"slli	x20,x1,0x19","s4,ra,0x19",
8000680c,or,s0:00000000,,0178e433,,"or	x8,x17,x23","s0,a7,s7",
80006810,addi,a6:00000498,,49828813,,"addi	x16,x5,1176","a6,t0,1176",
80006814,slt,s0:00000001,,003da433,,"slt	x8,x27,x3","s0,s11,gp",
80006818,lui,s5:e06b4000,,e06b4ab7,,"lui	x21,0xe06b4","s5,0xe06b4",
8000681c,sltu,t6:00000000,,01883fb3,,"sltu	x31,x16,x24","t6,a6,s8",
80006820,auipc,s1:8f9be820,,0f9b8497,,"auipc	x9,0xf9b8","s1,0xf9b8",
80006824,sltiu,a1:00000001,,3c72b593,,"sltiu	x11,x5,967","a1,t0,967",
80006828,lui,a4:5c9e1000,,5c9e1737,,"lui	x14,0x5c9e1","a4,0x5c9e1",
8000682c,xor,t0:ffffff70,,013cc2b3,,"xor	x5,x25,x19","t0,s9,s3",
80006830,sltu,sp:00000000,,01ce3133,,"sltu	x2,x28,x28","sp,t3,t3",
80006834,sub,s10:7ffeb1ab,,40a38d33,,"sub	x26,x7,x10","s10,t2,a0",
80006838,and,s7:0d12a000,,009b7bb3,,"and	x23,x22,x9","s7,s6,s1",
8000683c,and,a4:00000000,,00a37733,,"and	x14,x6,x10","a4,t1,a0",
80006840,xori,s8:fffff8a0,,8a0ecc13,,"xori	x24,x29,-1888","s8,t4,-1888",
80006844,xor,a6:0000000f,,0023c833,,"xor	x16,x7,x2","a6,t2,sp",
8000684c,and,s8:800b4000,,0154fc33,,"and	x24,x9,x21","s8,s1,s5",
80006850,sub,a1:1f94c000,,415205b3,,"sub	x11,x4,x21","a1,tp,s5",
80006854,slli,s0:e0000000,,01d81413,,"slli	x8,x16,0x1d","s0,a6,0x1d",
80006858,xor,t1:0000000f,,01004333,,"xor	x6,x0,x16","t1,zero,a6",
8000685c,srl,a1:00000000,,011fd5b3,,"srl	x11,x31,x17","a1,t6,a7",
80006860,sra,a5:00000000,,413757b3,,"sra	x15,x14,x19","a5,a4,s3",
80006864,add,s2:36df1913,,00cd0933,,"add	x18,x26,x12","s2,s10,a2",
80006868,sub,a4:a9cdb768,,41660733,,"sub	x14,x12,x22","a4,a2,s6",
8000686c,ori,tp:fffff900,,9008e213,,"ori	x4,x17,-1792","tp,a7,-1792",
80006874,addi,s5:0d12a230,,230b8a93,,"addi	x21,x23,560","s5,s7,560",
80006878,srli,sp:00000000,,01d3d113,,"srli	x2,x7,0x1d","sp,t2,0x1d",
8000687c,auipc,a1:5083087c,,d082a597,,"auipc	x11,0xd082a","a1,0xd082a",
80006880,slti,a2:00000000,,9212a613,,"slti	x12,x5,-1759","a2,t0,-1759",
80006888,slli,t0:00000000,,00941293,,"slli	x5,x8,0x9","t0,s0,0x9",
8000688c,srai,a2:fffffb6e,,4140d613,,"srai	x12,x1,0x14","a2,ra,0x14",
80006890,auipc,t1:bda44890,,3da3e317,,"auipc	x6,0x3da3e","t1,0x3da3e",
80006894,slti,s2:00000000,,216aa913,,"slti	x18,x21,534","s2,s5,534",
80006898,sltiu,s9:00000001,,e27ebc93,,"sltiu	x25,x29,-473","s9,t4,-473",
8000689c,or,s0:f083087c,,0085e433,,"or	x8,x11,x8","s0,a1,s0",
800068a0,xor,t3:80014e64,,00d04e33,,"xor	x28,x0,x13","t3,zero,a3",
800068a4,sub,s11:fffff900,,40220db3,,"sub	x27,x4,x2","s11,tp,sp",
800068a8,sll,a1:7ffeb1ab,,011d15b3,,"sll	x11,x26,x17","a1,s10,a7",
800068ac,and,s0:00000000,,012f7433,,"and	x8,x30,x18","s0,t5,s2",
800068b0,auipc,t6:2fd888b0,,afd82f97,,"auipc	x31,0xafd82","t6,0xafd82",
800068b4,xori,s6:000006f8,,6f87cb13,,"xori	x22,x15,1784","s6,a5,1784",
800068b8,xori,s10:00000557,,55714d13,,"xori	x26,x2,1367","s10,sp,1367",
800068bc,xori,t1:000007d2,,cbc64313,,"xori	x6,x12,-836","t1,a2,-836",
800068c0,sub,s9:7ff4b900,,418d8cb3,,"sub	x25,x27,x24","s9,s11,s8",
800068c4,sltiu,tp:00000000,,35123213,,"sltiu	x4,x4,849","tp,tp,849",
800068c8,add,a3:0f9a99cb,,009586b3,,"add	x13,x11,x9","a3,a1,s1",
800068cc,and,a6:00000000,,00307833,,"and	x16,x0,x3","a6,zero,gp",
800068d0,slli,a7:c4458000,,00bf9893,,"slli	x17,x31,0xb","a7,t6,0xb",
800068d4,addi,t6:c4457b00,,b0088f93,,"addi	x31,x17,-1280","t6,a7,-1280",
800068d8,sra,t0:b6e06768,,4180d2b3,,"sra	x5,x1,x24","t0,ra,s8",
800068dc,addi,a3:0000064f,,64f20693,,"addi	x13,x4,1615","a3,tp,1615",
800068e4,srai,a6:00000000,,41c45813,,"srai	x16,x8,0x1c","a6,s0,0x1c",
800068e8,ori,s7:fffffd1c,,41cdeb93,,"ori	x23,x27,1052","s7,s11,1052",
800068ec,sltiu,gp:00000001,,e75f3193,,"sltiu	x3,x30,-395","gp,t5,-395",
800068f0,sltu,s7:00000000,,0043bbb3,,"sltu	x23,x7,x4","s7,t2,tp",
800068f4,lui,t0:58d9d000,,58d9d2b7,,"lui	x5,0x58d9d","t0,0x58d9d",
800068f8,slti,t1:00000000,,8ac62313,,"slti	x6,x12,-1876","t1,a2,-1876",
800068fc,srai,a6:00000000,,40595813,,"srai	x16,x18,0x5","a6,s2,0x5",
80006900,xori,s2:a9cdb6ac,,1c474913,,"xori	x18,x14,452","s2,a4,452",
80006904,slt,ra:00000000,,002d20b3,,"slt	x1,x26,x2","ra,s10,sp",
80006908,add,t6:0d12a230,,01500fb3,,"add	x31,x0,x21","t6,zero,s5",
8000690c,or,a2:0000064f,,00f6e633,,"or	x12,x13,x15","a2,a3,a5",
80006910,addi,tp:000006a1,,6a108213,,"addi	x4,x1,1697","tp,ra,1697",
80006914,or,a1:7ff4b900,,019ee5b3,,"or	x11,x29,x25","a1,t4,s9",
80006918,sll,t6:0d12a230,,00ff9fb3,,"sll	x31,x31,x15","t6,t6,a5",
8000691c,auipc,gp:425e791c,,c25e1197,,"auipc	x3,0xc25e1","gp,0xc25e1",
80006920,or,s11:00000000,,00886db3,,"or	x27,x16,x8","s11,a6,s0",
80006924,sll,s10:d0000000,,00fa1d33,,"sll	x26,x20,x15","s10,s4,a5",
8000692c,slt,tp:00000000,,01b02233,,"slt	x4,x0,x27","tp,zero,s11",
80006934,sltiu,gp:00000001,,c01f3193,,"sltiu	x3,x30,-1023","gp,t5,-1023",
80006938,srai,s10:fffffffd,,41d95d13,,"srai	x26,x18,0x1d","s10,s2,0x1d",
8000693c,ori,t3:ffffff67,,f67eee13,,"ori	x28,x29,-153","t3,t4,-153",
80006944,sltiu,sp:00000001,,a3743113,,"sltiu	x2,x8,-1481","sp,s0,-1481",
80006948,srai,a3:00000000,,41ced693,,"srai	x13,x29,0x1c","a3,t4,0x1c",
8000694c,add,s0:0d12a230,,01520433,,"add	x8,x4,x21","s0,tp,s5",
80006954,ori,a7:a9cdb7af,,52396893,,"ori	x17,x18,1315","a7,s2,1315",
80006958,xori,a4:a9cdb248,,4e494713,,"xori	x14,x18,1252","a4,s2,1252",
8000695c,sltiu,s7:00000000,,189f3b93,,"sltiu	x23,x30,393","s7,t5,393",
80006960,ori,s4:fffffff7,,f97f6a13,,"ori	x20,x30,-105","s4,t5,-105",
80006964,srli,sp:00000000,,01835113,,"srli	x2,x6,0x18","sp,t1,0x18",
80006968,srai,s4:ffffe002,,412c5a13,,"srai	x20,x24,0x12","s4,s8,0x12",
8000696c,xori,t3:fffffe56,,e5614e13,,"xori	x28,x2,-426","t3,sp,-426",
80006974,srli,gp:00003fff,,012d5193,,"srli	x3,x26,0x12","gp,s10,0x12",
80006978,sll,t0:00000000,,019092b3,,"sll	x5,x1,x25","t0,ra,s9",
8000697c,xor,sp:ffffe002,,014ec133,,"xor	x2,x29,x20","sp,t4,s4",
80006980,add,a1:8d075b30,,00ba85b3,,"add	x11,x21,x11","a1,s5,a1",
80006984,lui,sp:2a99b000,,2a99b137,,"lui	x2,0x2a99b","sp,0x2a99b",
80006988,slti,s4:00000000,,90962a13,,"slti	x20,x12,-1783","s4,a2,-1783",
8000698c,sltiu,a3:00000000,,5e0e3693,,"sltiu	x13,x28,1504","a3,t3,1504",
80006994,and,s6:00000000,,01757b33,,"and	x22,x10,x23","s6,a0,s7",
80006998,sll,tp:fffffffd,,014d1233,,"sll	x4,x26,x20","tp,s10,s4",
8000699c,slti,s7:00000001,,3423ab93,,"slti	x23,x7,834","s7,t2,834",
800069a0,lui,s6:1ee37000,,1ee37b37,,"lui	x22,0x1ee37","s6,0x1ee37",
800069a4,ori,t3:fffffa7d,,a5dfee13,,"ori	x28,x31,-1443","t3,t6,-1443",
800069a8,addi,s8:fffffb79,,b78b8c13,,"addi	x24,x23,-1160","s8,s7,-1160",
800069ac,srai,s0:00000000,,40aed413,,"srai	x8,x29,0xa","s0,t4,0xa",
800069b0,ori,t0:0000064f,,64d3e293,,"ori	x5,x7,1613","t0,t2,1613",
800069b4,xor,gp:a9cdb6ac,,012dc1b3,,"xor	x3,x27,x18","gp,s11,s2",
800069bc,xor,gp:8d075d7f,,00c5c1b3,,"xor	x3,x11,x12","gp,a1,a2",
800069c0,sltiu,sp:00000001,,400eb113,,"sltiu	x2,x29,1024","sp,t4,1024",
800069c4,sra,a1:fffffffd,,40fd55b3,,"sra	x11,x26,x15","a1,s10,a5",
800069c8,xor,s4:0d12a230,,01f0ca33,,"xor	x20,x1,x31","s4,ra,t6",
800069cc,lui,s7:dcf4d000,,dcf4dbb7,,"lui	x23,0xdcf4d","s7,0xdcf4d",
800069d0,srli,t0:00004000,,011f5293,,"srli	x5,x30,0x11","t0,t5,0x11",
800069d4,sltu,s4:00000000,,00dd3a33,,"sltu	x20,x26,x13","s4,s10,a3",
800069d8,slli,t4:20000000,,01dc1e93,,"slli	x29,x24,0x1d","t4,s8,0x1d",
800069dc,srl,s6:00000000,,01dddb33,,"srl	x22,x27,x29","s6,s11,t4",
800069e0,and,s4:fffffa7d,,004e7a33,,"and	x20,x28,x4","s4,t3,tp",
800069e4,sltiu,tp:00000001,,5af6b213,,"sltiu	x4,x13,1455","tp,a3,1455",
800069ec,srai,s0:ffffffff,,41f4d413,,"srai	x8,x9,0x1f","s0,s1,0x1f",
800069f0,ori,a1:ffffffff,,f518e593,,"ori	x11,x17,-175","a1,a7,-175",
800069f4,add,t4:8f9be820,,00048eb3,,"add	x29,x9,x0","t4,s1,zero",
800069f8,sltu,a5:00000000,,000cb7b3,,"sltu	x15,x25,x0","a5,s9,zero",
800069fc,sltu,t0:00000000,,006632b3,,"sltu	x5,x12,x6","t0,a2,t1",
80006a00,andi,a3:0000000c,,d1c9f693,,"andi	x13,x19,-740","a3,s3,-740",
80006a04,srli,tp:00000003,,0026d213,,"srli	x4,x13,0x2","tp,a3,0x2",
80006a08,addi,a6:00000670,,67030813,,"addi	x16,x6,1648","a6,t1,1648",
80006a0c,sltu,a6:00000000,,004bb833,,"sltu	x16,x23,x4","a6,s7,tp",
80006a10,auipc,a1:fa4baa10,,7a4b4597,,"auipc	x11,0x7a4b4","a1,0x7a4b4",
80006a14,or,s7:0000000c,,0006ebb3,,"or	x23,x13,x0","s7,a3,zero",
80006a18,sra,s5:ffffffff,,41045ab3,,"sra	x21,x8,x16","s5,s0,a6",
80006a1c,slli,a4:a7d00000,,014a1713,,"slli	x14,x20,0x14","a4,s4,0x14",
80006a20,xor,s10:fffffa7d,,0142cd33,,"xor	x26,x5,x20","s10,t0,s4",
80006a24,slli,a7:00000000,,01629893,,"slli	x17,x5,0x16","a7,t0,0x16",
80006a28,sll,tp:fe000000,,018a9233,,"sll	x4,x21,x24","tp,s5,s8",
80006a2c,and,sp:80018ce4,,015f7133,,"and	x2,x30,x21","sp,t5,s5",
80006a30,sra,ra:ffffffff,,41c5d0b3,,"sra	x1,x11,x28","ra,a1,t3",
80006a34,addi,a3:00000572,,57228693,,"addi	x13,x5,1394","a3,t0,1394",
80006a38,xor,s10:80014e6b,,01354d33,,"xor	x26,x10,x19","s10,a0,s3",
80006a3c,ori,ra:fffffa0d,,a0dde093,,"ori	x1,x27,-1523","ra,s11,-1523",
80006a40,sra,s7:ffff8001,,40b15bb3,,"sra	x23,x2,x11","s7,sp,a1",
80006a44,sltiu,a4:00000000,,08643713,,"sltiu	x14,x8,134","a4,s0,134",
80006a48,ori,s10:fffff9c2,,9c27ed13,,"ori	x26,x15,-1598","s10,a5,-1598",
80006a4c,auipc,s8:d24f2a4c,,524ecc17,,"auipc	x24,0x524ec","s8,0x524ec",
80006a50,ori,t2:0000076f,,52466393,,"ori	x7,x12,1316","t2,a2,1316",
80006a54,srli,s7:00000000,,01585b93,,"srli	x23,x16,0x15","s7,a6,0x15",
80006a58,slt,a7:00000000,,003028b3,,"slt	x17,x0,x3","a7,zero,gp",
80006a5c,slli,sp:f0000000,,01c61113,,"slli	x2,x12,0x1c","sp,a2,0x1c",
80006a60,add,a4:d24f2a4c,,01880733,,"add	x14,x16,x24","a4,a6,s8",
80006a64,sltu,s1:00000000,,017b34b3,,"sltu	x9,x22,x23","s1,s6,s7",
80006a68,andi,s5:00000004,,0a577a93,,"andi	x21,x14,165","s5,a4,165",
80006a6c,xori,s0:2db0d1da,,b96c4413,,"xori	x8,x24,-1130","s0,s8,-1130",
80006a70,sub,a7:1000000f,,402988b3,,"sub	x17,x19,x2","a7,s3,sp",
80006a74,srli,t3:00000000,,0194de13,,"srli	x28,x9,0x19","t3,s1,0x19",
80006a78,sub,gp:fffff9c0,,40c981b3,,"sub	x3,x19,x12","gp,s3,a2",
80006a7c,and,a3:00000000,,0147f6b3,,"and	x13,x15,x20","a3,a5,s4",
80006a80,addi,s11:fffff68c,,c7f08d93,,"addi	x27,x1,-897","s11,ra,-897",
80006a84,slli,a4:fff9c200,,008d1713,,"slli	x14,x26,0x8","a4,s10,0x8",
80006a88,andi,ra:0000010b,,11b3f093,,"andi	x1,x7,283","ra,t2,283",
80006a8c,or,s9:a9cdb6ac,,0127ecb3,,"or	x25,x15,x18","s9,a5,s2",
80006a90,slt,t6:00000000,,0052afb3,,"slt	x31,x5,x5","t6,t0,t0",
80006a98,srai,sp:ffffffff,,41b25113,,"srai	x2,x4,0x1b","sp,tp,0x1b",
80006a9c,srli,t1:00000000,,015fd313,,"srli	x6,x31,0x15","t1,t6,0x15",
80006aa0,srai,gp:00000000,,41dad193,,"srai	x3,x21,0x1d","gp,s5,0x1d",
80006aa4,or,s10:fffffefd,,01ea6d33,,"or	x26,x20,x30","s10,s4,t5",
80006aa8,sll,t0:db560000,,00c912b3,,"sll	x5,x18,x12","t0,s2,a2",
80006aac,xori,s11:fffffa38,,a381cd93,,"xori	x27,x3,-1480","s11,gp,-1480",
80006ab4,slt,s10:00000000,,01832d33,,"slt	x26,x6,x24","s10,t1,s8",
80006ab8,sll,tp:18ce4000,,019f1233,,"sll	x4,x30,x25","tp,t5,s9",
80006abc,slt,gp:00000000,,00aa21b3,,"slt	x3,x20,x10","gp,s4,a0",
80006ac0,sub,s8:00000000,,41768c33,,"sub	x24,x13,x23","s8,a3,s7",
80006ac4,slt,a2:00000001,,00c92633,,"slt	x12,x18,x12","a2,s2,a2",
80006acc,sll,a3:00000000,,004e16b3,,"sll	x13,x28,x4","a3,t3,tp",
80006ad0,srli,t1:00000000,,0041d313,,"srli	x6,x3,0x4","t1,gp,0x4",
80006ad4,auipc,a1:d410fad4,,54109597,,"auipc	x11,0x54109","a1,0x54109",
80006adc,xori,a2:70641250,,a70ec613,,"xori	x12,x29,-1424","a2,t4,-1424",
80006ae0,sltiu,s1:00000000,,5f35b493,,"sltiu	x9,x11,1523","s1,a1,1523",
80006ae4,srli,a3:00000000,,0153d693,,"srli	x13,x7,0x15","a3,t2,0x15",
80006ae8,sra,a5:ffffffa7,,415a57b3,,"sra	x15,x20,x21","a5,s4,s5",
80006aec,lui,a4:0fdbe000,,0fdbe737,,"lui	x14,0xfdbe","a4,0xfdbe",
80006af0,lui,s7:7e843000,,7e843bb7,,"lui	x23,0x7e843","s7,0x7e843",
80006af4,addi,a4:a9cdaec6,,81a90713,,"addi	x14,x18,-2022","a4,s2,-2022",
80006af8,srl,gp:7e843000,,01abd1b3,,"srl	x3,x23,x26","gp,s7,s10",
80006afc,auipc,s0:e74f9afc,,674f3417,,"auipc	x8,0x674f3","s0,0x674f3",
80006b04,srl,s9:fffffa7d,,00da5cb3,,"srl	x25,x20,x13","s9,s4,a3",
80006b08,and,t4:00000000,,00127eb3,,"and	x29,x4,x1","t4,tp,ra",
80006b0c,andi,t3:18ce4000,,c5927e13,,"andi	x28,x4,-935","t3,tp,-935",
80006b10,sll,a7:00000000,,00f018b3,,"sll	x17,x0,x15","a7,zero,a5",
80006b14,srl,ra:00000000,,013ad0b3,,"srl	x1,x21,x19","ra,s5,s3",
80006b18,and,t0:00000000,,0164f2b3,,"and	x5,x9,x22","t0,s1,s6",
80006b1c,xori,s6:2bef0319,,9cd5cb13,,"xori	x22,x11,-1587","s6,a1,-1587",
80006b20,srai,tp:00000000,,4178d213,,"srai	x4,x17,0x17","tp,a7,0x17",
80006b24,sltu,s5:00000001,,00e1bab3,,"sltu	x21,x3,x14","s5,gp,a4",
80006b28,slli,t1:0ede0000,,01139313,,"slli	x6,x7,0x11","t1,t2,0x11",
80006b2c,auipc,a5:62b34b2c,,e2b2e797,,"auipc	x15,0xe2b2e","a5,0xe2b2e",
80006b30,slli,s9:00000000,,01cd1c93,,"slli	x25,x26,0x1c","s9,s10,0x1c",
80006b34,sltu,s4:00000000,,01f8ba33,,"sltu	x20,x17,x31","s4,a7,t6",
80006b38,sltu,s0:00000000,,00d43433,,"sltu	x8,x8,x13","s0,s0,a3",
80006b3c,sltiu,sp:00000000,,02653113,,"sltiu	x2,x10,38","sp,a0,38",
80006b40,srai,s9:000000ed,,4033dc93,,"srai	x25,x7,0x3","s9,t2,0x3",
80006b44,xori,s7:fffffca6,,c4bccb93,,"xori	x23,x25,-949","s7,s9,-949",
80006b48,xori,gp:ffffff73,,f7344193,,"xori	x3,x8,-141","gp,s0,-141",
80006b4c,xor,s8:7ddd5412,,00b74c33,,"xor	x24,x14,x11","s8,a4,a1",
80006b50,slt,s2:00000001,,00712933,,"slt	x18,x2,x7","s2,sp,t2",
80006b54,sltiu,t6:00000001,,aaf8bf93,,"sltiu	x31,x17,-1361","t6,a7,-1361",
80006b58,addi,s0:000005f4,,e8538413,,"addi	x8,x7,-379","s0,t2,-379",
80006b5c,slli,t6:00000000,,01749f93,,"slli	x31,x9,0x17","t6,s1,0x17",
80006b60,sltiu,s1:00000001,,eb36b493,,"sltiu	x9,x13,-333","s1,a3,-333",
80006b64,slti,s10:00000001,,2c472d13,,"slti	x26,x14,708","s10,a4,708",
80006b68,sltiu,a4:00000001,,f5dc3713,,"sltiu	x14,x24,-163","a4,s8,-163",
80006b6c,addi,a5:7ddd576c,,35ac0793,,"addi	x15,x24,858","a5,s8,858",
80006b70,sltu,s1:00000000,,0023b4b3,,"sltu	x9,x7,x2","s1,t2,sp",
80006b78,or,t0:00000000,,011262b3,,"or	x5,x4,x17","t0,tp,a7",
80006b80,sub,t0:00000000,,41a902b3,,"sub	x5,x18,x26","t0,s2,s10",
80006b84,srli,s10:00000002,,00945d13,,"srli	x26,x8,0x9","s10,s0,0x9",
80006b88,sub,s6:f1220000,,40620b33,,"sub	x22,x4,x6","s6,tp,t1",
80006b8c,sll,sp:00000000,,01681133,,"sll	x2,x16,x22","sp,a6,s6",
80006b90,srai,s10:00000000,,4056dd13,,"srai	x26,x13,0x5","s10,a3,0x5",
80006b94,addi,s4:800149f2,,b8e50a13,,"addi	x20,x10,-1138","s4,a0,-1138",
80006b98,or,s9:18ce476f,,007e6cb3,,"or	x25,x28,x7","s9,t3,t2",
80006b9c,sll,s7:00000000,,01789bb3,,"sll	x23,x17,x23","s7,a7,s7",
80006ba0,andi,a1:00000001,,e8377593,,"andi	x11,x14,-381","a1,a4,-381",
80006ba4,srli,a3:00000000,,01385693,,"srli	x13,x16,0x13","a3,a6,0x13",
80006ba8,andi,sp:00000190,,99847113,,"andi	x2,x8,-1640","sp,s0,-1640",
80006bac,slli,s9:e8000000,,01941c93,,"slli	x25,x8,0x19","s9,s0,0x19",
80006bb0,slli,s5:00000004,,00291a93,,"slli	x21,x18,0x2","s5,s2,0x2",
80006bb4,sltiu,s4:00000001,,b617ba13,,"sltiu	x20,x15,-1183","s4,a5,-1183",
80006bb8,xor,t2:f1220000,,011b43b3,,"xor	x7,x22,x17","t2,s6,a7",
80006bbc,srai,t1:ffffffff,,40a1d313,,"srai	x6,x3,0xa","t1,gp,0xa",
80006bc0,addi,s4:f12204cf,,4cf38a13,,"addi	x20,x7,1231","s4,t2,1231",
80006bc4,auipc,gp:03e3dbc4,,83e37197,,"auipc	x3,0x83e37","gp,0x83e37",
80006bc8,xor,t4:8cff50dd,,014c4eb3,,"xor	x29,x24,x20","t4,s8,s4",
80006bd0,srli,ra:00007ddd,,0107d093,,"srli	x1,x15,0x10","ra,a5,0x10",
80006bd4,sltu,t4:00000000,,0051beb3,,"sltu	x29,x3,x5","t4,gp,t0",
80006bd8,srai,s11:00000000,,40d5dd93,,"srai	x27,x11,0xd","s11,a1,0xd",
80006bdc,addi,sp:7ddd5396,,c2a78113,,"addi	x2,x15,-982","sp,a5,-982",
80006be0,sltiu,s4:00000000,,7ff53a13,,"sltiu	x20,x10,2047","s4,a0,2047",
80006be8,slli,s0:00000000,,01f51413,,"slli	x8,x10,0x1f","s0,a0,0x1f",
80006bec,srl,a5:00000000,,015457b3,,"srl	x15,x8,x21","a5,s0,s5",
80006bf0,slli,s11:00029cc8,,00151d93,,"slli	x27,x10,0x1","s11,a0,0x1",
80006bf4,slti,s1:00000000,,8b8da493,,"slti	x9,x27,-1864","s1,s11,-1864",
80006bf8,auipc,a5:154f1bf8,,954eb797,,"auipc	x15,0x954eb","a5,0x954eb",
80006bfc,sltu,s4:00000000,,008dba33,,"sltu	x20,x27,x8","s4,s11,s0",
80006c00,sltu,s7:00000000,,017bbbb3,,"sltu	x23,x23,x23","s7,s7,s7",
80006c04,sll,s5:00000000,,01549ab3,,"sll	x21,x9,x21","s5,s1,s5",
80006c08,sltu,a7:00000001,,002e38b3,,"sltu	x17,x28,x2","a7,t3,sp",
80006c0c,auipc,t6:6bff5c0c,,ebfeff97,,"auipc	x31,0xebfef","t6,0xebfef",
80006c10,xori,a7:000005b2,,5b35c893,,"xori	x17,x11,1459","a7,a1,1459",
80006c14,or,s6:f1234e64,,00a3eb33,,"or	x22,x7,x10","s6,t2,a0",
80006c18,add,a3:7ddd5412,,00dc06b3,,"add	x13,x24,x13","a3,s8,a3",
80006c1c,sll,s11:00000000,,01ab9db3,,"sll	x27,x23,x26","s11,s7,s10",
80006c20,xor,s10:7122c280,,016f4d33,,"xor	x26,x30,x22","s10,t5,s6",
80006c24,xori,s2:fffffec4,,ec4a4913,,"xori	x18,x20,-316","s2,s4,-316",
80006c28,slti,a2:00000001,,5cbb2613,,"slti	x12,x22,1483","a2,s6,1483",
80006c2c,sll,a1:00000000,,012495b3,,"sll	x11,x9,x18","a1,s1,s2",
80006c30,sltiu,a1:00000001,,2ec43593,,"sltiu	x11,x8,748","a1,s0,748",
80006c34,addi,a4:fffffe30,,e3020713,,"addi	x14,x4,-464","a4,tp,-464",
80006c38,slti,sp:00000001,,b333a113,,"slti	x2,x7,-1229","sp,t2,-1229",
80006c3c,sltiu,s9:00000001,,5d003c93,,"sltiu	x25,x0,1488","s9,zero,1488",
80006c40,ori,a7:fffffbfa,,86a7e893,,"ori	x17,x15,-1942","a7,a5,-1942",
80006c44,auipc,s4:0d60cc44,,8d606a17,,"auipc	x20,0x8d606","s4,0x8d606",
80006c4c,sub,s2:fffffe21,,41370933,,"sub	x18,x14,x19","s2,a4,s3",
80006c50,sra,sp:00000000,,40fed133,,"sra	x2,x29,x15","sp,t4,a5",
80006c54,sub,s10:ffff8224,,40158d33,,"sub	x26,x11,x1","s10,a1,ra",
80006c58,addi,t4:00000439,,439b8e93,,"addi	x29,x23,1081","t4,s7,1081",
80006c5c,andi,a4:00000000,,b47af713,,"andi	x14,x21,-1209","a4,s5,-1209",
80006c60,srai,a3:00000000,,40ded693,,"srai	x13,x29,0xd","a3,t4,0xd",
80006c64,sub,t2:00007ddc,,41a203b3,,"sub	x7,x4,x26","t2,tp,s10",
80006c68,sltiu,s0:00000000,,3c20b413,,"sltiu	x8,x1,962","s0,ra,962",
80006c6c,xor,t6:00000000,,00f7cfb3,,"xor	x31,x15,x15","t6,a5,a5",
80006c70,srai,s9:00000000,,41e1dc93,,"srai	x25,x3,0x1e","s9,gp,0x1e",
80006c74,and,s2:00000000,,0034f933,,"and	x18,x9,x3","s2,s1,gp",
80006c78,sll,a3:10000000,,011a16b3,,"sll	x13,x20,x17","a3,s4,a7",
80006c7c,auipc,s7:4a65bc7c,,ca655b97,,"auipc	x23,0xca655","s7,0xca655",
80006c80,slti,s5:00000000,,f7d9aa93,,"slti	x21,x19,-131","s5,s3,-131",
80006c84,slt,s6:00000000,,016dab33,,"slt	x22,x27,x22","s6,s11,s6",
80006c88,or,gp:00000000,,004261b3,,"or	x3,x4,x4","gp,tp,tp",
80006c8c,auipc,tp:3840cc8c,,b8406217,,"auipc	x4,0xb8406","tp,0xb8406",
80006c90,sub,s10:c7bf37ad,,404e8d33,,"sub	x26,x29,x4","s10,t4,tp",
80006c94,sub,a1:00000000,,408905b3,,"sub	x11,x18,x8","a1,s2,s0",
80006c98,sltu,a4:00000000,,00cbb733,,"sltu	x14,x23,x12","a4,s7,a2",
80006c9c,slti,ra:00000000,,c9daa093,,"slti	x1,x21,-867","ra,s5,-867",
80006ca0,xori,s5:fffff8a5,,8a52ca93,,"xori	x21,x5,-1883","s5,t0,-1883",
80006ca4,slli,t2:1e000000,,01999393,,"slli	x7,x19,0x19","t2,s3,0x19",
80006ca8,sra,a1:00000000,,4135d5b3,,"sra	x11,x11,x19","a1,a1,s3",
80006cac,sra,a5:00000000,,41a857b3,,"sra	x15,x16,x26","a5,a6,s10",
80006cb0,srai,s0:00000004,,41a6d413,,"srai	x8,x13,0x1a","s0,a3,0x1a",
80006cb4,srai,a2:00000000,,41f5d613,,"srai	x12,x11,0x1f","a2,a1,0x1f",
80006cb8,sltiu,tp:00000001,,56403213,,"sltiu	x4,x0,1380","tp,zero,1380",
80006cbc,sra,a2:00008000,,41a6d633,,"sra	x12,x13,x26","a2,a3,s10",
80006cc0,sll,s2:18ce4000,,00fe1933,,"sll	x18,x28,x15","s2,t3,a5",
80006cc4,and,s0:00000000,,0094f433,,"and	x8,x9,x9","s0,s1,s1",
80006cc8,ori,s4:ffffffff,,c52d6a13,,"ori	x20,x26,-942","s4,s10,-942",
80006ccc,add,a3:00000000,,010006b3,,"add	x13,x0,x16","a3,zero,a6",
80006cd0,sra,s6:00000000,,41c4db33,,"sra	x22,x9,x28","s6,s1,t3",
80006cd4,srli,gp:00000000,,01385193,,"srli	x3,x16,0x13","gp,a6,0x13",
80006cd8,srli,a4:00000000,,01f0d713,,"srli	x14,x1,0x1f","a4,ra,0x1f",
80006cdc,slli,s7:fdfd0000,,00f89b93,,"slli	x23,x17,0xf","s7,a7,0xf",
80006ce0,sltu,a5:00000000,,01ce37b3,,"sltu	x15,x28,x28","a5,t3,t3",
80006ce4,srai,t3:ffffffff,,410ade13,,"srai	x28,x21,0x10","t3,s5,0x10",
80006ce8,sub,s2:00000001,,40680933,,"sub	x18,x16,x6","s2,a6,t1",
80006cec,andi,t0:00000000,,85c0f293,,"andi	x5,x1,-1956","t0,ra,-1956",
80006cf4,slt,a3:00000001,,01fd26b3,,"slt	x13,x26,x31","a3,s10,t6",
80006cf8,srli,s9:00000000,,00d7dc93,,"srli	x25,x15,0xd","s9,a5,0xd",
80006cfc,xori,s5:000000f6,,0f6dca93,,"xori	x21,x27,246","s5,s11,246",
80006d00,sub,s0:00000010,,41498433,,"sub	x8,x19,x20","s0,s3,s4",
80006d04,srai,s0:00000000,,40d9d413,,"srai	x8,x19,0xd","s0,s3,0xd",
80006d08,srai,gp:00000000,,41515193,,"srai	x3,x2,0x15","gp,sp,0x15",
80006d0c,andi,t2:00008000,,cb467393,,"andi	x7,x12,-844","t2,a2,-844",
80006d10,srl,s7:80014e64,,00855bb3,,"srl	x23,x10,x8","s7,a0,s0",
80006d14,xori,s8:7ffeb07e,,e1a54c13,,"xori	x24,x10,-486","s8,a0,-486",
80006d18,lui,a1:d355d000,,d355d5b7,,"lui	x11,0xd355d","a1,0xd355d",
80006d1c,slli,t3:ffe00000,,015a1e13,,"slli	x28,x20,0x15","t3,s4,0x15",
80006d20,srli,ra:0c7bf37a,,004d5093,,"srli	x1,x26,0x4","ra,s10,0x4",
80006d24,sltu,t0:00000000,,01ee32b3,,"sltu	x5,x28,x30","t0,t3,t5",
80006d28,or,a7:ffffffff,,006b68b3,,"or	x17,x22,x6","a7,s6,t1",
80006d2c,sltu,s0:00000000,,013e3433,,"sltu	x8,x28,x19","s0,t3,s3",
80006d30,sltu,a2:00000001,,00cab633,,"sltu	x12,x21,x12","a2,s5,a2",
80006d34,or,gp:ffffffff,,019a61b3,,"or	x3,x20,x25","gp,s4,s9",
80006d3c,slti,a5:00000000,,dd3ea793,,"slti	x15,x29,-557","a5,t4,-557",
80006d44,sltiu,a2:00000001,,ead4b613,,"sltiu	x12,x9,-339","a2,s1,-339",
80006d48,slti,t0:00000001,,497e2293,,"slti	x5,x28,1175","t0,t3,1175",
80006d4c,ori,s6:fffff84d,,84de6b13,,"ori	x22,x28,-1971","s6,t3,-1971",
80006d50,srai,s8:00000000,,4136dc13,,"srai	x24,x13,0x13","s8,a3,0x13",
80006d58,slti,ra:00000001,,70632093,,"slti	x1,x6,1798","ra,t1,1798",
80006d5c,srl,t6:00000439,,00bedfb3,,"srl	x31,x29,x11","t6,t4,a1",
80006d60,sll,s7:00010000,,00539bb3,,"sll	x23,x7,x5","s7,t2,t0",
80006d64,srl,t3:00000000,,0157de33,,"srl	x28,x15,x21","t3,a5,s5",
80006d68,sltiu,t0:00000000,,69833293,,"sltiu	x5,x6,1688","t0,t1,1688",
80006d6c,andi,s10:00000000,,bba67d13,,"andi	x26,x12,-1094","s10,a2,-1094",
80006d70,slli,s7:80000000,,01f91b93,,"slli	x23,x18,0x1f","s7,s2,0x1f",
80006d74,andi,sp:00000000,,e4187113,,"andi	x2,x16,-447","sp,a6,-447",
80006d78,addi,s6:fffff82f,,83018b13,,"addi	x22,x3,-2000","s6,gp,-2000",
80006d7c,andi,a6:80000000,,a6fbf813,,"andi	x16,x23,-1425","a6,s7,-1425",
80006d80,srl,a6:00000000,,014ed833,,"srl	x16,x29,x20","a6,t4,s4",
80006d84,lui,s2:927ee000,,927ee937,,"lui	x18,0x927ee","s2,0x927ee",
80006d88,srli,t0:00000000,,00d85293,,"srli	x5,x16,0xd","t0,a6,0xd",
80006d8c,or,t3:ffffffff,,0037ee33,,"or	x28,x15,x3","t3,a5,gp",
80006d94,or,t4:fffff82f,,017b6eb3,,"or	x29,x22,x23","t4,s6,s7",
80006d9c,slti,tp:00000000,,8f0ca213,,"slti	x4,x25,-1808","tp,s9,-1808",
80006da0,sltiu,t6:00000000,,5e6b3f93,,"sltiu	x31,x22,1510","t6,s6,1510",
80006da4,lui,t1:afd70000,,afd70337,,"lui	x6,0xafd70","t1,0xafd70",
80006da8,addi,s6:fffffc4c,,c4de0b13,,"addi	x22,x28,-947","s6,t3,-947",
80006dac,srl,sp:000fffff,,016a5133,,"srl	x2,x20,x22","sp,s4,s6",
80006db4,lui,t4:43fad000,,43fadeb7,,"lui	x29,0x43fad","t4,0x43fad",
80006db8,srai,a1:00000000,,411cd593,,"srai	x11,x25,0x11","a1,s9,0x11",
80006dbc,srli,s2:015fae00,,00735913,,"srli	x18,x6,0x7","s2,t1,0x7",
80006dc0,and,tp:00000000,,01d87233,,"and	x4,x16,x29","tp,a6,t4",
80006dc4,and,s6:00000000,,0002fb33,,"and	x22,x5,x0","s6,t0,zero",
80006dc8,slti,s4:00000001,,122aaa13,,"slti	x20,x21,290","s4,s5,290",
80006dcc,srl,s2:00000000,,018b5933,,"srl	x18,x22,x24","s2,s6,s8",
80006dd0,add,s4:80018ce4,,01af0a33,,"add	x20,x30,x26","s4,t5,s10",
80006dd4,or,a4:80018ce4,,00bf6733,,"or	x14,x30,x11","a4,t5,a1",
80006dd8,lui,s7:14b70000,,14b70bb7,,"lui	x23,0x14b70","s7,0x14b70",
80006ddc,sub,a5:80018ce4,,419707b3,,"sub	x15,x14,x25","a5,a4,s9",
80006de0,srli,s8:00000000,,01eadc13,,"srli	x24,x21,0x1e","s8,s5,0x1e",
80006de4,sltiu,s11:00000001,,b3b6bd93,,"sltiu	x27,x13,-1221","s11,a3,-1221",
80006de8,and,a6:00000000,,00547833,,"and	x16,x8,x5","a6,s0,t0",
80006dec,lui,s9:aa4e6000,,aa4e6cb7,,"lui	x25,0xaa4e6","s9,0xaa4e6",
80006df0,auipc,s2:1361bdf0,,93615917,,"auipc	x18,0x93615","s2,0x93615",
80006df4,xor,s11:0000000f,,01344db3,,"xor	x27,x8,x19","s11,s0,s3",
80006df8,ori,s0:ffffffff,,24de6413,,"ori	x8,x28,589","s0,t3,589",
80006dfc,srl,s11:1361bdf0,,01995db3,,"srl	x27,x18,x25","s11,s2,s9",
80006e04,sll,s9:000fffff,,00511cb3,,"sll	x25,x2,x5","s9,sp,t0",
80006e08,sltu,t3:00000001,,0067be33,,"sltu	x28,x15,x6","t3,a5,t1",
80006e0c,xori,t0:fffff95b,,95bb4293,,"xori	x5,x22,-1701","t0,s6,-1701",
80006e10,sltiu,t0:00000001,,bfc3b293,,"sltiu	x5,x7,-1028","t0,t2,-1028",
80006e14,add,sp:00000105,,01598133,,"add	x2,x19,x21","sp,s3,s5",
80006e18,ori,s10:80018dfd,,59d76d13,,"ori	x26,x14,1437","s10,a4,1437",
80006e1c,add,t2:00031ae1,,00fd03b3,,"add	x7,x26,x15","t2,s10,a5",
80006e20,sll,a4:1361bdf0,,010d9733,,"sll	x14,x27,x16","a4,s11,a6",
80006e24,xori,s8:000ff83f,,7c0ccc13,,"xori	x24,x25,1984","s8,s9,1984",
80006e28,xori,s6:43fad0c7,,0c7ecb13,,"xori	x22,x29,199","s6,t4,199",
80006e2c,slli,a3:20000000,,01d61693,,"slli	x13,x12,0x1d","a3,a2,0x1d",
80006e30,sll,s5:00000000,,006f9ab3,,"sll	x21,x31,x6","s5,t6,t1",
80006e34,slli,s10:00000000,,01431d13,,"slli	x26,x6,0x14","s10,t1,0x14",
80006e38,xor,a2:1361bdf0,,015dc633,,"xor	x12,x27,x21","a2,s11,s5",
80006e3c,addi,a2:80019293,,5aff0613,,"addi	x12,x30,1455","a2,t5,1455",
80006e40,or,t3:0000000f,,013fee33,,"or	x28,x31,x19","t3,t6,s3",
80006e48,xori,t0:00000389,,3894c293,,"xori	x5,x9,905","t0,s1,905",
80006e4c,sltu,a5:00000000,,0111b7b3,,"sltu	x15,x3,x17","a5,gp,a7",
80006e50,or,a1:94b78ce4,,017a65b3,,"or	x11,x20,x23","a1,s4,s7",
80006e54,xor,s7:00000000,,01ad4bb3,,"xor	x23,x26,x26","s7,s10,s10",
80006e58,addi,a2:fffffe86,,e86a8613,,"addi	x12,x21,-378","a2,s5,-378",
80006e5c,slti,a1:00000000,,f9c9a593,,"slti	x11,x19,-100","a1,s3,-100",
80006e64,sll,s10:00000000,,009f9d33,,"sll	x26,x31,x9","s10,t6,s1",
80006e68,sltiu,t2:00000001,,326ab393,,"sltiu	x7,x21,806","t2,s5,806",
80006e6c,sub,s0:3c06bce4,,41da0433,,"sub	x8,x20,x29","s0,s4,t4",
80006e70,sll,sp:ffffff80,,01689133,,"sll	x2,x17,x22","sp,a7,s6",
80006e74,lui,t2:78408000,,784083b7,,"lui	x7,0x78408","t2,0x78408",
80006e78,auipc,s10:754e5e78,,f54dfd17,,"auipc	x26,0xf54df","s10,0xf54df",
80006e7c,ori,s4:fffff9c1,,9c1fea13,,"ori	x20,x31,-1599","s4,t6,-1599",
80006e80,sra,s0:ffffffff,,4081d433,,"sra	x8,x3,x8","s0,gp,s0",
80006e84,srl,s4:00000001,,003f5a33,,"srl	x20,x30,x3","s4,t5,gp",
80006e8c,add,a3:0000000e,,01c406b3,,"add	x13,x8,x28","a3,s0,t3",
80006e90,and,t3:00000007,,0169fe33,,"and	x28,x19,x22","t3,s3,s6",
80006e94,and,t3:00000000,,00477e33,,"and	x28,x14,x4","t3,a4,tp",
80006e98,xor,t2:bcb6bdf0,,00e343b3,,"xor	x7,x6,x14","t2,t1,a4",
80006e9c,ori,tp:00000387,,38726213,,"ori	x4,x4,903","tp,tp,903",
80006ea0,slt,s6:00000001,,01bbab33,,"slt	x22,x23,x27","s6,s7,s11",
80006ea4,srl,s0:00000000,,0105d433,,"srl	x8,x11,x16","s0,a1,a6",
80006ea8,add,s8:000ffe85,,01960c33,,"add	x24,x12,x25","s8,a2,s9",
80006eac,xori,t0:80018f16,,3f2f4293,,"xori	x5,x30,1010","t0,t5,1010",
80006eb0,sltu,s10:00000000,,0176bd33,,"sltu	x26,x13,x23","s10,a3,s7",
80006eb4,sltiu,t0:00000000,,d791b293,,"sltiu	x5,x3,-647","t0,gp,-647",
80006eb8,add,gp:c338bdf0,,006d81b3,,"add	x3,x27,x6","gp,s11,t1",
80006ebc,and,a1:00000000,,0095f5b3,,"and	x11,x11,x9","a1,a1,s1",
80006ec0,srl,a3:0000c338,,00e1d6b3,,"srl	x13,x3,x14","a3,gp,a4",
80006ec4,and,ra:00000000,,00bd70b3,,"and	x1,x26,x11","ra,s10,a1",
80006ec8,srli,a5:00000001,,01f8d793,,"srli	x15,x17,0x1f","a5,a7,0x1f",
80006ed0,andi,s5:00000000,,8d74fa93,,"andi	x21,x9,-1833","s5,s1,-1833",
80006ed4,sub,t0:ec9e4210,,41b082b3,,"sub	x5,x1,x27","t0,ra,s11",
80006ed8,auipc,s2:c7cc8ed8,,47cc2917,,"auipc	x18,0x47cc2","s2,0x47cc2",
80006edc,sltiu,a5:00000001,,fcc33793,,"sltiu	x15,x6,-52","a5,t1,-52",
80006ee0,addi,s8:fffffb21,,b21d0c13,,"addi	x24,x26,-1247","s8,s10,-1247",
80006ee4,sra,a4:ffffffff,,40765733,,"sra	x14,x12,x7","a4,a2,t2",
80006ee8,add,s5:ffffffff,,01788ab3,,"add	x21,x17,x23","s5,a7,s7",
80006eec,addi,s4:fffffbb2,,bb2f8a13,,"addi	x20,x31,-1102","s4,t6,-1102",
80006ef0,slt,s1:00000001,,00d624b3,,"slt	x9,x12,x13","s1,a2,a3",
80006ef4,sub,sp:7ffeb19c,,40a80133,,"sub	x2,x16,x10","sp,a6,a0",
80006ef8,andi,t2:00000098,,2d817393,,"andi	x7,x2,728","t2,sp,728",
80006efc,xor,t6:c7cc8d5f,,01224fb3,,"xor	x31,x4,x18","t6,tp,s2",
80006f00,addi,s9:800149b1,,b4d50c93,,"addi	x25,x10,-1203","s9,a0,-1203",
80006f04,slli,a3:00000000,,00ed1693,,"slli	x13,x26,0xe","a3,s10,0xe",
80006f08,slti,gp:00000001,,25642193,,"slti	x3,x8,598","gp,s0,598",
80006f0c,addi,sp:fffffca5,,ca5e0113,,"addi	x2,x28,-859","sp,t3,-859",
80006f10,slt,t4:00000000,,01172eb3,,"slt	x29,x14,x17","t4,a4,a7",
80006f14,lui,sp:3e802000,,3e802137,,"lui	x2,0x3e802","sp,0x3e802",
80006f18,sll,a6:ffffffff,,01071833,,"sll	x16,x14,x16","a6,a4,a6",
80006f1c,xori,a4:383377ae,,af1fc713,,"xori	x14,x31,-1295","a4,t6,-1295",
80006f20,auipc,a6:dc1b9f20,,5c1b3817,,"auipc	x16,0x5c1b3","a6,0x5c1b3",
80006f24,sll,s5:00000000,,00ed1ab3,,"sll	x21,x26,x14","s5,s10,a4",
80006f28,srl,gp:00000000,,006ed1b3,,"srl	x3,x29,x6","gp,t4,t1",
80006f2c,slli,a4:00000000,,01431713,,"slli	x14,x6,0x14","a4,t1,0x14",
80006f30,sub,a4:b834fe0c,,412f0733,,"sub	x14,x30,x18","a4,t5,s2",
80006f34,srli,gp:00000000,,00ead193,,"srli	x3,x21,0xe","gp,s5,0xe",
80006f38,ori,s8:ffffffff,,42b8ec13,,"ori	x24,x17,1067","s8,a7,1067",
80006f3c,slt,t2:00000001,,01df23b3,,"slt	x7,x30,x29","t2,t5,t4",
80006f40,sltiu,s0:00000001,,368b3413,,"sltiu	x8,x22,872","s0,s6,872",
80006f44,and,a4:00000000,,00117733,,"and	x14,x2,x1","a4,sp,ra",
80006f48,xor,t4:fffffe87,,00964eb3,,"xor	x29,x12,x9","t4,a2,s1",
80006f4c,srli,s10:00000000,,01f5dd13,,"srli	x26,x11,0x1f","s10,a1,0x1f",
80006f50,sll,gp:00000000,,001a91b3,,"sll	x3,x21,x1","gp,s5,ra",
80006f54,lui,s5:3aea6000,,3aea6ab7,,"lui	x21,0x3aea6","s5,0x3aea6",
80006f58,slli,ra:80000000,,01f79093,,"slli	x1,x15,0x1f","ra,a5,0x1f",
80006f5c,andi,s10:80018844,,a54f7d13,,"andi	x26,x30,-1452","s10,t5,-1452",
80006f68,lui,s11:118e3000,,118e3db7,,"lui	x27,0x118e3","s11,0x118e3",
80006f6c,auipc,s1:4f5e8f6c,,cf5e2497,,"auipc	x9,0xcf5e2","s1,0xcf5e2",
80006f70,add,a6:80000000,,00168833,,"add	x16,x13,x1","a6,a3,ra",
80006f74,lui,t0:85356000,,853562b7,,"lui	x5,0x85356","t0,0x85356",
80006f78,sltu,t0:00000000,,006a32b3,,"sltu	x5,x20,x6","t0,s4,t1",
80006f7c,sll,s4:00000000,,018d1a33,,"sll	x20,x26,x24","s4,s10,s8",
80006f80,and,a4:80000000,,01a87733,,"and	x14,x16,x26","a4,a6,s10",
80006f84,auipc,a6:00c2af84,,80c24817,,"auipc	x16,0x80c24","a6,0x80c24",
80006f88,andi,s6:fffff806,,91e67b13,,"andi	x22,x12,-1762","s6,a2,-1762",
80006f8c,xor,gp:baebece4,,01eac1b3,,"xor	x3,x21,x30","gp,s5,t5",
80006f90,ori,t3:3e802163,,16316e13,,"ori	x28,x2,355","t3,sp,355",
80006f94,andi,t3:00000000,,4355fe13,,"andi	x28,x11,1077","t3,a1,1077",
80006f98,auipc,a3:d7113f98,,5710d697,,"auipc	x13,0x5710d","a3,0x5710d",
80006f9c,lui,s8:3ff5f000,,3ff5fc37,,"lui	x24,0x3ff5f","s8,0x3ff5f",
80006fa4,xori,ra:c17fdd15,,d1514093,,"xori	x1,x2,-747","ra,sp,-747",
80006fa8,add,s10:80014e64,,01750d33,,"add	x26,x10,x23","s10,a0,s7",
80006fac,or,a1:00000000,,01c2e5b3,,"or	x11,x5,x28","a1,t0,t3",
80006fb0,ori,a3:ffffffc6,,dc066693,,"ori	x13,x12,-576","a3,a2,-576",
80006fb4,sltu,a1:00000001,,0095b5b3,,"sltu	x11,x11,x9","a1,a1,s1",
80006fb8,andi,a1:00000482,,4aa6f593,,"andi	x11,x13,1194","a1,a3,1194",
80006fbc,srai,ra:00000000,,41d3d093,,"srai	x1,x7,0x1d","ra,t2,0x1d",
80006fc0,sra,s5:ffffffff,,4108dab3,,"sra	x21,x17,x16","s5,a7,a6",
80006fc4,ori,t3:800007eb,,7eb76e13,,"ori	x28,x14,2027","t3,a4,2027",
80006fc8,xor,a4:00000386,,0043c733,,"xor	x14,x7,x4","a4,t2,tp",
80006fcc,sub,sp:38337137,,41298133,,"sub	x2,x19,x18","sp,s3,s2",
80006fd0,srli,a2:00000000,,0097d613,,"srli	x12,x15,0x9","a2,a5,0x9",
80006fd4,srli,s5:00003ff5,,010c5a93,,"srli	x21,x24,0x10","s5,s8,0x10",
80006fd8,sltu,a7:00000000,,00ccb8b3,,"sltu	x17,x25,x12","a7,s9,a2",
80006fe8,slli,a6:00000800,,00b79813,,"slli	x16,x15,0xb","a6,a5,0xb",
80006fec,lui,s0:5f02a000,,5f02a437,,"lui	x8,0x5f02a","s0,0x5f02a",
80006ff0,or,s1:3ff5f000,,018064b3,,"or	x9,x0,x24","s1,zero,s8",
80006ff4,lui,t0:3b68a000,,3b68a2b7,,"lui	x5,0x3b68a","t0,0x3b68a",
80006ff8,add,s8:00003ff5,,01508c33,,"add	x24,x1,x21","s8,ra,s5",
80006ffc,addi,s6:0000082e,,3ac58b13,,"addi	x22,x11,940","s6,a1,940",
80007000,lui,a5:f0c80000,,f0c807b7,,"lui	x15,0xf0c80","a5,0xf0c80",
80007008,or,s11:00003ff5,,0150edb3,,"or	x27,x1,x21","s11,ra,s5",
8000700c,auipc,gp:77f5d00c,,f7f56197,,"auipc	x3,0xf7f56","gp,0xf7f56",
80007010,xori,a4:3ff5f51d,,51d4c713,,"xori	x14,x9,1309","a4,s1,1309",
80007014,sltu,s8:00000001,,0108bc33,,"sltu	x24,x17,x16","s8,a7,a6",
80007018,xor,a3:800149b1,,011cc6b3,,"xor	x13,x25,x17","a3,s9,a7",
8000701c,xor,t0:8001419f,,016cc2b3,,"xor	x5,x25,x22","t0,s9,s6",
80007024,srl,a6:00000000,,012a5833,,"srl	x16,x20,x18","a6,s4,s2",
80007028,xor,a3:80014e64,,01a846b3,,"xor	x13,x16,x26","a3,a6,s10",
8000702c,and,s9:00000000,,014afcb3,,"and	x25,x21,x20","s9,s5,s4",
80007030,xor,a5:47cdc0bc,,012d47b3,,"xor	x15,x26,x18","a5,s10,s2",
80007034,sra,a4:80014e64,,4196d733,,"sra	x14,x13,x25","a4,a3,s9",
80007038,srli,s0:00000000,,01d0d413,,"srli	x8,x1,0x1d","s0,ra,0x1d",
8000703c,xor,s6:00000482,,00b04b33,,"xor	x22,x0,x11","s6,zero,a1",
80007040,xori,s9:7ffffae9,,d02e4c93,,"xori	x25,x28,-766","s9,t3,-766",
80007044,sll,s6:47cdc0bc,,00679b33,,"sll	x22,x15,x6","s6,a5,t1",
80007048,addi,s8:000007ac,,7aca0c13,,"addi	x24,x20,1964","s8,s4,1964",
8000704c,xor,s6:77f5d00c,,003bcb33,,"xor	x22,x23,x3","s6,s7,gp",
80007050,andi,gp:00000440,,4c06f193,,"andi	x3,x13,1216","gp,a3,1216",
80007058,lui,a6:37867000,,37867837,,"lui	x16,0x37867","a6,0x37867",
8000705c,slli,a6:80000000,,01c91813,,"slli	x16,x18,0x1c","a6,s2,0x1c",
80007064,and,t2:8000054b,,01fe73b3,,"and	x7,x28,x31","t2,t3,t6",
80007068,srli,s8:0008f9b8,,00b7dc13,,"srli	x24,x15,0xb","s8,a5,0xb",
8000706c,srai,s0:03bfae80,,405b5413,,"srai	x8,x22,0x5","s0,s6,0x5",
80007070,sra,s9:ffff0000,,41385cb3,,"sra	x25,x16,x19","s9,a6,s3",
80007074,lui,gp:4a846000,,4a8461b7,,"lui	x3,0x4a846","gp,0x4a846",
80007078,srl,s2:00000000,,0188d933,,"srl	x18,x17,x24","s2,a7,s8",
8000707c,srai,a7:ffffffff,,41f75893,,"srai	x17,x14,0x1f","a7,a4,0x1f",
80007080,xori,s7:fffff932,,db05cb93,,"xori	x23,x11,-592","s7,a1,-592",
80007084,srl,s0:00018f99,,013fd433,,"srl	x8,x31,x19","s0,t6,s3",
80007088,and,a7:00000482,,0115f8b3,,"and	x17,x11,x17","a7,a1,a7",
8000708c,srai,t3:00000000,,40965e13,,"srai	x28,x12,0x9","t3,a2,0x9",
80007090,xori,t0:fffff984,,98464293,,"xori	x5,x12,-1660","t0,a2,-1660",
8000709c,sra,t1:00000000,,41595333,,"sra	x6,x18,x21","t1,s2,s5",
800070a0,xori,s10:fffffc84,,c8434d13,,"xori	x26,x6,-892","s10,t1,-892",
800070a4,xor,s0:ffff0000,,0190c433,,"xor	x8,x1,x25","s0,ra,s9",
800070a8,slli,tp:0000ffd4,,002a9213,,"slli	x4,x21,0x2","tp,s5,0x2",
800070ac,andi,t6:00000000,,cf107f93,,"andi	x31,x0,-783","t6,zero,-783",
800070b0,add,s4:fffff932,,014b8a33,,"add	x20,x23,x20","s4,s7,s4",
800070b4,slli,s9:00000078,,00399c93,,"slli	x25,x19,0x3","s9,s3,0x3",
800070b8,ori,a1:80014f67,,10356593,,"ori	x11,x10,259","a1,a0,259",
800070bc,ori,s7:00003ff7,,7d3aeb93,,"ori	x23,x21,2003","s7,s5,2003",
800070c0,auipc,s0:5dfb80c0,,ddfb1417,,"auipc	x8,0xddfb1","s0,0xddfb1",
800070c8,ori,a2:00003ff7,,0e3be613,,"ori	x12,x23,227","a2,s7,227",
800070cc,sltu,a2:00000001,,008c3633,,"sltu	x12,x24,x8","a2,s8,s0",
800070d0,xor,s11:00000077,,013ccdb3,,"xor	x27,x25,x19","s11,s9,s3",
800070d4,lui,s2:1d1ff000,,1d1ff937,,"lui	x18,0x1d1ff","s2,0x1d1ff",
800070dc,or,a6:fffffcf7,,01ade833,,"or	x16,x27,x26","a6,s11,s10",
800070e0,xor,t2:fffff984,,0062c3b3,,"xor	x7,x5,x6","t2,t0,t1",
800070e4,andi,a6:00000624,,6bf6f813,,"andi	x16,x13,1727","a6,a3,1727",
800070e8,sll,s6:00000780,,00b99b33,,"sll	x22,x19,x11","s6,s3,a1",
800070ec,addi,s7:fffffae6,,ae600b93,,"addi	x23,x0,-1306","s7,zero,-1306",
800070f0,xori,s6:00000299,,299fcb13,,"xori	x22,x31,665","s6,t6,665",
800070f8,or,a2:0000007f,,019de633,,"or	x12,x27,x25","a2,s11,s9",
800070fc,srli,a7:00000000,,0089d893,,"srli	x17,x19,0x8","a7,s3,0x8",
80007100,sll,s6:f8000000,,01349b33,,"sll	x22,x9,x19","s6,s1,s3",
80007104,srai,s6:ffffffff,,4192db13,,"srai	x22,x5,0x19","s6,t0,0x19",
80007108,sra,tp:00000000,,418c5233,,"sra	x4,x24,x24","tp,s8,s8",
8000710c,add,s0:5dfb80c0,,01f40433,,"add	x8,x8,x31","s0,s0,t6",
80007110,xori,s6:fffffde4,,de4fcb13,,"xori	x22,x31,-540","s6,t6,-540",
80007118,sltu,a5:00000001,,0087b7b3,,"sltu	x15,x15,x8","a5,a5,s0",
80007120,andi,s9:00000624,,e2d87c93,,"andi	x25,x16,-467","s9,a6,-467",
80007124,srl,s6:7ffffef2,,00fb5b33,,"srl	x22,x22,x15","s6,s6,a5",
80007128,sll,a5:00000000,,015e17b3,,"sll	x15,x28,x21","a5,t3,s5",
8000712c,sltu,t6:00000001,,01b23fb3,,"sltu	x31,x4,x27","t6,tp,s11",
80007130,or,t4:38337737,,01916eb3,,"or	x29,x2,x25","t4,sp,s9",
80007134,or,s8:fffff9ff,,00c3ec33,,"or	x24,x7,x12","s8,t2,a2",
8000713c,xori,s8:00000453,,4538cc13,,"xori	x24,x17,1107","s8,a7,1107",
80007140,slti,a1:00000000,,a118a593,,"slti	x11,x17,-1519","a1,a7,-1519",
80007144,slti,s10:00000000,,fef4ad13,,"slti	x26,x9,-17","s10,s1,-17",
80007148,andi,t4:000002e0,,2e8bfe93,,"andi	x29,x23,744","t4,s7,744",
8000714c,srai,a5:00000000,,414dd793,,"srai	x15,x27,0x14","a5,s11,0x14",
80007150,slti,tp:00000001,,02502213,,"slti	x4,x0,37","tp,zero,37",
80007158,xor,a2:80014e64,,00f54633,,"xor	x12,x10,x15","a2,a0,a5",
80007160,slt,a4:00000000,,00d82733,,"slt	x14,x16,x13","a4,a6,a3",
80007164,sltu,sp:00000001,,00a0b133,,"sltu	x2,x1,x10","sp,ra,a0",
80007168,srli,t1:00000000,,01e15313,,"srli	x6,x2,0x1e","t1,sp,0x1e",
8000716c,slti,s7:00000000,,f9ec2b93,,"slti	x23,x24,-98","s7,s8,-98",
80007170,lui,t6:9941a000,,9941afb7,,"lui	x31,0x9941a","t6,0x9941a",
80007174,auipc,t0:55ea5174,,d5e9e297,,"auipc	x5,0xd5e9e","t0,0xd5e9e",
80007178,srl,a2:000002e0,,008ed633,,"srl	x12,x29,x8","a2,t4,s0",
8000717c,sll,a1:00000010,,010215b3,,"sll	x11,x4,x16","a1,tp,a6",
80007180,lui,a1:f4db1000,,f4db15b7,,"lui	x11,0xf4db1","a1,0xf4db1",
80007184,sra,a6:00000000,,4120d833,,"sra	x16,x1,x18","a6,ra,s2",
8000718c,and,s7:00003930,,015a7bb3,,"and	x23,x20,x21","s7,s4,s5",
80007190,sll,a7:a7320000,,013518b3,,"sll	x17,x10,x19","a7,a0,s3",
80007194,srai,tp:00000000,,41fe5213,,"srai	x4,x28,0x1f","tp,t3,0x1f",
80007198,or,gp:4a846000,,0061e1b3,,"or	x3,x3,x6","gp,gp,t1",
800071a0,andi,s9:1d1ff000,,9d497c93,,"andi	x25,x18,-1580","s9,s2,-1580",
800071a4,add,a5:00000010,,002987b3,,"add	x15,x19,x2","a5,s3,sp",
800071a8,andi,s4:1d1ff000,,bc497a13,,"andi	x20,x18,-1084","s4,s2,-1084",
800071ac,auipc,a3:459311ac,,c592a697,,"auipc	x13,0xc592a","a3,0xc592a",
800071b0,or,a7:00003930,,017268b3,,"or	x17,x4,x23","a7,tp,s7",
800071b4,auipc,s4:c28cf1b4,,428c8a17,,"auipc	x20,0x428c8","s4,0x428c8",
800071b8,auipc,s9:77fb31b8,,f7facc97,,"auipc	x25,0xf7fac","s9,0xf7fac",
800071bc,srl,s5:00000000,,0158dab3,,"srl	x21,x17,x21","s5,a7,s5",
800071c0,srl,a1:00000000,,00ddd5b3,,"srl	x11,x27,x13","a1,s11,a3",
800071c8,sra,s9:0000000f,,4099dcb3,,"sra	x25,x19,x9","s9,s3,s1",
800071cc,auipc,t6:cba8d1cc,,4ba86f97,,"auipc	x31,0x4ba86","t6,0x4ba86",
800071d0,andi,t3:00000000,,253afe13,,"andi	x28,x21,595","t3,s5,595",
800071d4,ori,t4:0000033d,,32d7ee93,,"ori	x29,x15,813","t4,a5,813",
800071d8,andi,tp:00000000,,a0887213,,"andi	x4,x16,-1528","tp,a6,-1528",
800071dc,auipc,t4:c3e521dc,,43e4be97,,"auipc	x29,0x43e4b","t4,0x43e4b",
800071e0,slti,t4:00000001,,710c2e93,,"slti	x29,x24,1808","t4,s8,1808",
800071e4,srl,s8:00000000,,01665c33,,"srl	x24,x12,x22","s8,a2,s6",
800071e8,slti,a1:00000000,,d0862593,,"slti	x11,x12,-760","a1,a2,-760",
800071ec,or,s8:ca85ece4,,01e1ec33,,"or	x24,x3,x30","s8,gp,t5",
800071f0,sub,tp:7ffe731c,,41e70233,,"sub	x4,x14,x30","tp,a4,t5",
800071f4,ori,s5:cba8d7ff,,73bfea93,,"ori	x21,x31,1851","s5,t6,1851",
800071f8,sub,t1:7ffeb19c,,40a80333,,"sub	x6,x16,x10","t1,a6,a0",
800071fc,xor,s8:80018ce4,,01e04c33,,"xor	x24,x0,x30","s8,zero,t5",
80007204,slti,t4:00000001,,61c0ae93,,"slti	x29,x1,1564","t4,ra,1564",
80007208,slt,t2:00000000,,014ca3b3,,"slt	x7,x25,x20","t2,s9,s4",
80007210,sltiu,s8:00000001,,34903c13,,"sltiu	x24,x0,841","s8,zero,841",
80007214,andi,t3:00000074,,974dfe13,,"andi	x28,x27,-1676","t3,s11,-1676",
80007218,srai,a5:00000000,,41675793,,"srai	x15,x14,0x16","a5,a4,0x16",
8000721c,srli,a6:0003fff3,,00d25813,,"srli	x16,x4,0xd","a6,tp,0xd",
80007220,sltu,s6:00000000,,01c63b33,,"sltu	x22,x12,x28","s6,a2,t3",
80007224,auipc,t1:8ad43224,,0ad3c317,,"auipc	x6,0xad3c","t1,0xad3c",
80007228,ori,ra:ffffffde,,fde4e093,,"ori	x1,x9,-34","ra,s1,-34",
8000722c,sltu,s11:00000000,,0160bdb3,,"sltu	x27,x1,x22","s11,ra,s6",
80007230,sub,s0:34573114,,41f60433,,"sub	x8,x12,x31","s0,a2,t6",
80007234,srli,t2:00459311,,0086d393,,"srli	x7,x13,0x8","t2,a3,0x8",
80007238,xori,s5:ffffc2c1,,bf18ca93,,"xori	x21,x17,-1039","s5,a7,-1039",
8000723c,xor,t6:fffffd3e,,00164fb3,,"xor	x31,x12,x1","t6,a2,ra",
80007240,slli,t1:00000000,,01e19313,,"slli	x6,x3,0x1e","t1,gp,0x1e",
80007244,sub,s1:ba70ee47,,40d804b3,,"sub	x9,x16,x13","s1,a6,a3",
80007248,ori,s1:fffffff7,,d8486493,,"ori	x9,x16,-636","s1,a6,-636",
8000724c,ori,a6:7ffe773c,,72826813,,"ori	x16,x4,1832","a6,tp,1832",
80007250,slli,s8:00000000,,01db1c13,,"slli	x24,x22,0x1d","s8,s6,0x1d",
80007254,srai,a1:000007ff,,41425593,,"srai	x11,x4,0x14","a1,tp,0x14",
80007258,sub,s10:7ffe79fe,,41f80d33,,"sub	x26,x16,x31","s10,a6,t6",
8000725c,srai,a7:00000095,,4171d893,,"srai	x17,x3,0x17","a7,gp,0x17",
80007260,addi,s4:fffff887,,8a908a13,,"addi	x20,x1,-1879","s4,ra,-1879",
80007264,slti,t3:00000001,,ee352e13,,"slti	x28,x10,-285","t3,a0,-285",
80007268,xor,t4:1d5a6311,,00794eb3,,"xor	x29,x18,x7","t4,s2,t2",
8000726c,or,s5:5ddb73bd,,01d6eab3,,"or	x21,x13,x29","s5,a3,t4",
80007270,auipc,sp:f4340270,,74339117,,"auipc	x2,0x74339","sp,0x74339",
80007274,slli,t6:00000000,,01f91f93,,"slli	x31,x18,0x1f","t6,s2,0x1f",
80007278,add,s11:80014e42,,00150db3,,"add	x27,x10,x1","s11,a0,ra",
8000727c,addi,t3:fffffdb8,,db8c0e13,,"addi	x28,x24,-584","t3,s8,-584",
80007280,auipc,t0:3a13a280,,ba133297,,"auipc	x5,0xba133","t0,0xba133",
80007288,and,s4:00000000,,012ffa33,,"and	x20,x31,x18","s4,t6,s2",
8000728c,sra,s2:00000000,,40d35933,,"sra	x18,x6,x13","s2,t1,a3",
80007290,or,s11:1d5a6311,,00feedb3,,"or	x27,x29,x15","s11,t4,a5",
80007294,sll,ra:7ffe773c,,00f810b3,,"sll	x1,x16,x15","ra,a6,a5",
80007298,sll,a4:ddb73bd0,,00aa9733,,"sll	x14,x21,x10","a4,s5,a0",
8000729c,addi,s2:00000732,,732c0913,,"addi	x18,x24,1842","s2,s8,1842",
800072a0,sll,a4:ffee0000,,01b49733,,"sll	x14,x9,x27","a4,s1,s11",
800072a4,srl,s4:00000fff,,008e5a33,,"srl	x20,x28,x8","s4,t3,s0",
800072a8,addi,s10:f433fc47,,9d710d13,,"addi	x26,x2,-1577","s10,sp,-1577",
800072ac,auipc,t0:e75bb2ac,,675b4297,,"auipc	x5,0x675b4","t0,0x675b4",
800072b0,slti,a5:00000001,,6174a793,,"slti	x15,x9,1559","a5,s1,1559",
800072b4,xor,a1:4a8467ff,,0035c5b3,,"xor	x11,x11,x3","a1,a1,gp",
800072b8,andi,a6:00000660,,76257813,,"andi	x16,x10,1890","a6,a0,1890",
800072bc,lui,a3:7b622000,,7b6226b7,,"lui	x13,0x7b622","a3,0x7b622",
800072c0,xori,tp:7ffeb2f6,,c9254213,,"xori	x4,x10,-878","tp,a0,-878",
800072c4,xor,t2:f4340270,,018143b3,,"xor	x7,x2,x24","t2,sp,s8",
800072c8,slt,s11:00000001,,00132db3,,"slt	x27,x6,x1","s11,t1,ra",
800072cc,andi,sp:000000e0,,1e127113,,"andi	x2,x4,481","sp,tp,481",
800072d0,srl,s4:00000000,,01265a33,,"srl	x20,x12,x18","s4,a2,s2",
800072d4,srai,a4:00000000,,4137d713,,"srai	x14,x15,0x13","a4,a5,0x13",
800072d8,and,s4:1d5a6310,,001efa33,,"and	x20,x29,x1","s4,t4,ra",
800072dc,xor,a2:a2248e05,,01cac633,,"xor	x12,x21,x28","a2,s5,t3",
800072e0,slli,s11:000003c0,,006c9d93,,"slli	x27,x25,0x6","s11,s9,0x6",
800072e4,or,t1:00000000,,01fb6333,,"or	x6,x22,x31","t1,s6,t6",
800072e8,andi,s6:0000000c,,0cccfb13,,"andi	x22,x25,204","s6,s9,204",
800072ec,auipc,s9:f855b2ec,,78554c97,,"auipc	x25,0x78554","s9,0x78554",
800072f0,sltu,s7:00000001,,00adbbb3,,"sltu	x23,x27,x10","s7,s11,a0",
800072f4,xori,s0:00000409,,409c4413,,"xori	x8,x24,1033","s0,s8,1033",
800072f8,sra,a4:00000000,,40915733,,"sra	x14,x2,x9","a4,sp,s1",
800072fc,andi,s0:00000000,,403df413,,"andi	x8,x27,1027","s0,s11,1027",
80007300,xori,s10:1d5a62a1,,1b0ecd13,,"xori	x26,x29,432","s10,t4,432",
80007304,slti,a5:00000001,,581fa793,,"slti	x15,x31,1409","a5,t6,1409",
80007308,srai,s0:0000000f,,41b6d413,,"srai	x8,x13,0x1b","s0,a3,0x1b",
8000730c,lui,t6:48455000,,48455fb7,,"lui	x31,0x48455","t6,0x48455",
80007310,sub,s1:4a8467ff,,406584b3,,"sub	x9,x11,x6","s1,a1,t1",
80007314,slt,t1:00000001,,01d52333,,"slt	x6,x10,x29","t1,a0,t4",
80007318,sltiu,t3:00000000,,30aebe13,,"sltiu	x28,x29,778","t3,t4,778",
80007324,sll,s6:8a840000,,012d1b33,,"sll	x22,x26,x18","s6,s10,s2",
8000732c,srli,a3:00001fff,,01225693,,"srli	x13,x4,0x12","a3,tp,0x12",
80007330,andi,s6:00000420,,52f87b13,,"andi	x22,x16,1327","s6,a6,1327",
80007334,lui,a2:5a268000,,5a268637,,"lui	x12,0x5a268","a2,0x5a268",
80007338,sltu,sp:00000001,,00bfb133,,"sltu	x2,x31,x11","sp,t6,a1",
8000733c,sub,s6:b57b9896,,40988b33,,"sub	x22,x17,x9","s6,a7,s1",
80007340,xor,s2:da270ce4,,00cf4933,,"xor	x18,x30,x12","s2,t5,a2",
80007344,add,t3:3eb86270,,00718e33,,"add	x28,x3,x7","t3,gp,t2",
80007348,xori,t1:80014f53,,da524313,,"xori	x6,x4,-603","t1,tp,-603",
8000734c,andi,a5:1d5a6220,,b2ad7793,,"andi	x15,x26,-1238","a5,s10,-1238",
80007350,andi,s8:00000016,,73fb7c13,,"andi	x24,x22,1855","s8,s6,1855",
80007354,xor,s2:5a268095,,01164933,,"xor	x18,x12,x17","s2,a2,a7",
80007358,or,a2:ff7f9897,,012b6633,,"or	x12,x22,x18","a2,s6,s2",
8000735c,sub,s5:9d5bafab,,404d0ab3,,"sub	x21,x26,x4","s5,s10,tp",
80007360,sltiu,sp:00000000,,5944b113,,"sltiu	x2,x9,1428","sp,s1,1428",
80007364,or,tp:ffffffff,,009b6233,,"or	x4,x22,x9","tp,s6,s1",
80007368,ori,a6:fffffa79,,a19e6813,,"ori	x16,x28,-1511","a6,t3,-1511",
8000736c,auipc,s7:cf26f36c,,4f268b97,,"auipc	x23,0x4f268","s7,0x4f268",
80007370,sltu,gp:00000000,,01af31b3,,"sltu	x3,x30,x26","gp,t5,s10",
80007374,slt,sp:00000001,,01d42133,,"slt	x2,x8,x29","sp,s0,t4",
80007378,slti,s11:00000001,,4b502d93,,"slti	x27,x0,1205","s11,zero,1205",
8000737c,slli,s1:0003c000,,00e41493,,"slli	x9,x8,0xe","s1,s0,0xe",
80007380,sltu,a3:00000000,,00b0b6b3,,"sltu	x13,x1,x11","a3,ra,a1",
80007384,sll,t6:a6000000,,01031fb3,,"sll	x31,x6,x16","t6,t1,a6",
80007388,srai,s1:ffff855b,,40ccd493,,"srai	x9,x25,0xc","s1,s9,0xc",
80007390,sltiu,a4:00000000,,5b9ab713,,"sltiu	x14,x21,1465","a4,s5,1465",
80007394,lui,t0:26ca2000,,26ca22b7,,"lui	x5,0x26ca2","t0,0x26ca2",
80007398,sltu,sp:00000001,,01f73133,,"sltu	x2,x14,x31","sp,a4,t6",
8000739c,sltiu,a5:00000000,,73483793,,"sltiu	x15,x16,1844","a5,a6,1844",
800073a0,slt,sp:00000000,,0161a133,,"slt	x2,x3,x22","sp,gp,s6",
800073a4,xori,s7:4a8462b2,,54d5cb93,,"xori	x23,x11,1357","s7,a1,1357",
800073a8,ori,s8:80014f5b,,01936c13,,"ori	x24,x6,25","s8,t1,25",
800073ac,andi,s4:5a268084,,cec97a13,,"andi	x20,x18,-788","s4,s2,-788",
800073b0,srl,a6:4a8462b2,,00dbd833,,"srl	x16,x23,x13","a6,s7,a3",
800073b4,slti,s2:00000001,,34dda913,,"slti	x18,x27,845","s2,s11,845",
800073b8,srl,s11:00000400,,01135db3,,"srl	x27,x6,x17","s11,t1,a7",
800073bc,slti,s2:00000000,,de682913,,"slti	x18,x16,-538","s2,a6,-538",
800073c0,xor,t1:b57be2a4,,00b4c333,,"xor	x6,x9,x11","t1,s1,a1",
800073c4,ori,t0:fffffb7a,,b7a06293,,"ori	x5,x0,-1158","t0,zero,-1158",
800073c8,sltiu,a6:00000001,,a4ce3813,,"sltiu	x16,x28,-1460","a6,t3,-1460",
800073cc,srai,s0:0003ab4c,,40bd5413,,"srai	x8,x26,0xb","s0,s10,0xb",
800073d0,slti,t1:00000001,,d80fa313,,"slti	x6,x31,-640","t1,t6,-640",
800073d4,sll,a3:a62a1000,,008d16b3,,"sll	x13,x26,x8","a3,s10,s0",
800073d8,slt,t0:00000000,,004ea2b3,,"slt	x5,x29,x4","t0,t4,tp",
800073dc,slti,gp:00000000,,327d2193,,"slti	x3,x26,807","gp,s10,807",
800073e0,xor,a4:ff7f9897,,00c74733,,"xor	x14,x14,x12","a4,a4,a2",
800073e4,slti,s6:00000000,,8f402b13,,"slti	x22,x0,-1804","s6,zero,-1804",
800073e8,slti,t3:00000000,,ee55ae13,,"slti	x28,x11,-283","t3,a1,-283",
800073ec,sra,a3:fffffffe,,40e656b3,,"sra	x13,x12,x14","a3,a2,a4",
800073f0,srl,s0:00000001,,00da5433,,"srl	x8,x20,x13","s0,s4,a3",
800073f4,or,s7:ff7f9897,,01466bb3,,"or	x23,x12,x20","s7,a2,s4",
800073f8,xor,sp:a600000f,,013fc133,,"xor	x2,x31,x19","sp,t6,s3",
800073fc,andi,t4:80014e11,,e11c7e93,,"andi	x29,x24,-495","t4,s8,-495",
80007400,sltu,t0:00000001,,0157b2b3,,"sltu	x5,x15,x21","t0,a5,s5",
80007404,and,a2:00000400,,01bc7633,,"and	x12,x24,x27","a2,s8,s11",
80007408,srli,s8:00002d13,,011a5c13,,"srli	x24,x20,0x11","s8,s4,0x11",
8000740c,ori,s10:fffffa4a,,a4ab6d13,,"ori	x26,x22,-1462","s10,s6,-1462",
80007410,sub,s2:ff7f9802,,411b8933,,"sub	x18,x23,x17","s2,s7,a7",
80007414,add,gp:feff3099,,012701b3,,"add	x3,x14,x18","gp,a4,s2",
80007418,sltu,s7:00000001,,00d4bbb3,,"sltu	x23,x9,x13","s7,s1,a3",
8000741c,or,s6:ffffcf7f,,00a4eb33,,"or	x22,x9,x10","s6,s1,a0",
80007420,sra,s6:ffbfcc01,,40695b33,,"sra	x22,x18,x6","s6,s2,t1",
80007424,slli,t4:ffffff80,,00669e93,,"slli	x29,x13,0x6","t4,a3,0x6",
80007428,sltu,t1:00000001,,00e83333,,"sltu	x6,x16,x14","t1,a6,a4",
8000742c,srli,s7:00000000,,0147db93,,"srli	x23,x15,0x14","s7,a5,0x14",
80007430,srai,t1:00000000,,40e9d313,,"srai	x6,x19,0xe","t1,s3,0xe",
80007434,addi,a7:000005a0,,1a060893,,"addi	x17,x12,416","a7,a2,416",
80007438,slt,s11:00000000,,0000adb3,,"slt	x27,x1,x0","s11,ra,zero",
8000743c,srli,tp:00000007,,01d95213,,"srli	x4,x18,0x1d","tp,s2,0x1d",
80007440,and,sp:00000000,,006e7133,,"and	x2,x28,x6","sp,t3,t1",
80007444,sll,t3:00000080,,00481e33,,"sll	x28,x16,x4","t3,a6,tp",
8000744c,sra,s0:00000400,,41765433,,"sra	x8,x12,x23","s0,a2,s7",
80007450,srli,t1:000003ff,,0164d313,,"srli	x6,x9,0x16","t1,s1,0x16",
80007454,sub,t4:5a268084,,400a0eb3,,"sub	x29,x20,x0","t4,s4,zero",
80007458,slt,s10:00000000,,00adad33,,"slt	x26,x27,x10","s10,s11,a0",
8000745c,slli,gp:20000000,,01d19193,,"slli	x3,x3,0x1d","gp,gp,0x1d",
80007464,or,a3:ff7f980f,,0129e6b3,,"or	x13,x19,x18","a3,s3,s2",
80007468,sltiu,a7:00000001,,4d113893,,"sltiu	x17,x2,1233","a7,sp,1233",
8000746c,auipc,t2:9a24246c,,1a23b397,,"auipc	x7,0x1a23b","t2,0x1a23b",
80007470,addi,a1:fffff889,,88880593,,"addi	x11,x16,-1912","a1,a6,-1912",
80007474,sra,s10:00000000,,41fbdd33,,"sra	x26,x23,x31","s10,s7,t6",
80007478,sub,t3:ffbfcc01,,41bb0e33,,"sub	x28,x22,x27","t3,s6,s11",
8000747c,sltiu,t0:00000001,,5ea8b293,,"sltiu	x5,x17,1514","t0,a7,1514",
80007484,andi,s10:00000000,,5c9bfd13,,"andi	x26,x23,1481","s10,s7,1481",
80007488,addi,s9:ff7f9aab,,21470c93,,"addi	x25,x14,532","s9,a4,532",
8000748c,lui,tp:c1dc0000,,c1dc0237,,"lui	x4,0xc1dc0","tp,0xc1dc0",
80007490,ori,a6:000002ef,,2ef06813,,"ori	x16,x0,751","a6,zero,751",
80007494,srl,a7:00000000,,017dd8b3,,"srl	x17,x27,x23","a7,s11,s7",
80007498,sll,s5:18ce4000,,007f1ab3,,"sll	x21,x30,x7","s5,t5,t2",
8000749c,xor,s1:ffff855b,,00f4c4b3,,"xor	x9,x9,x15","s1,s1,a5",
800074a0,srli,a7:003ffffe,,00a5d893,,"srli	x17,x11,0xa","a7,a1,0xa",
800074a4,xori,s10:c1dc04ec,,4ec24d13,,"xori	x26,x4,1260","s10,tp,1260",
800074a8,sltu,a7:00000000,,0086b8b3,,"sltu	x17,x13,x8","a7,a3,s0",
800074ac,slt,t1:00000001,,01b4a333,,"slt	x6,x9,x27","t1,s1,s11",
800074b0,slt,s11:00000001,,01372db3,,"slt	x27,x14,x19","s11,a4,s3",
800074b4,auipc,a6:7df3f4b4,,fdf38817,,"auipc	x16,0xfdf38","a6,0xfdf38",
800074b8,xor,t4:ffffd59a,,00bc4eb3,,"xor	x29,x24,x11","t4,s8,a1",
800074bc,slli,s4:67200000,,013f1a13,,"slli	x20,x30,0x13","s4,t5,0x13",
800074c0,srai,a7:ffffffc2,,4094d893,,"srai	x17,x9,0x9","a7,s1,0x9",
800074c4,ori,ra:fffffc28,,82846093,,"ori	x1,x8,-2008","ra,s0,-2008",
800074c8,slli,s1:ffc20000,,01089493,,"slli	x9,x17,0x10","s1,a7,0x10",
800074d0,srai,a4:00000003,,41bad713,,"srai	x14,x21,0x1b","a4,s5,0x1b",
800074d4,sltu,a3:00000001,,009bb6b3,,"sltu	x13,x23,x9","a3,s7,s1",
800074d8,xor,a5:65dbdbae,,0113c7b3,,"xor	x15,x7,x17","a5,t2,a7",
800074e0,and,a5:0000000e,,00f9f7b3,,"and	x15,x19,x15","a5,s3,a5",
800074e4,sub,a4:00403027,,41c08733,,"sub	x14,x1,x28","a4,ra,t3",
800074e8,srl,s11:30770000,,01125db3,,"srl	x27,x4,x17","s11,tp,a7",
800074ec,srli,s8:00010000,,00d1dc13,,"srli	x24,x3,0xd","s8,gp,0xd",
800074f0,sub,s0:c1dc04eb,,405d0433,,"sub	x8,x26,x5","s0,s10,t0",
800074f4,xor,t6:c1dc000e,,00f24fb3,,"xor	x31,x4,x15","t6,tp,a5",
800074f8,sub,ra:20000777,,40b180b3,,"sub	x1,x3,x11","ra,gp,a1",
800074fc,sltiu,s6:00000001,,dae3bb13,,"sltiu	x22,x7,-594","s6,t2,-594",
80007508,srli,a3:03077000,,00625693,,"srli	x13,x4,0x6","a3,tp,0x6",
80007510,lui,a5:a739c000,,a739c7b7,,"lui	x15,0xa739c","a5,0xa739c",
80007514,and,tp:00000000,,00417233,,"and	x4,x2,x4","tp,sp,tp",
80007518,ori,s10:ffbfcf39,,338e6d13,,"ori	x26,x28,824","s10,t3,824",
8000751c,lui,a1:94e1b000,,94e1b5b7,,"lui	x11,0x94e1b","a1,0x94e1b",
80007520,addi,s7:18ce3967,,967a8b93,,"addi	x23,x21,-1689","s7,s5,-1689",
80007524,xor,a2:df7f9f75,,00194633,,"xor	x12,x18,x1","a2,s2,ra",
80007528,and,a7:00000000,,000df8b3,,"and	x17,x27,x0","a7,s11,zero",
8000752c,srl,gp:000ffbfc,,007d51b3,,"srl	x3,x26,x7","gp,s10,t2",
80007530,srl,s10:4000a732,,00555d33,,"srl	x26,x10,x5","s10,a0,t0",
80007538,ori,a6:fffff986,,9867e813,,"ori	x16,x15,-1658","a6,a5,-1658",
8000753c,add,s1:67200001,,014b04b3,,"add	x9,x22,x20","s1,s6,s4",
80007540,sra,s6:00000000,,40d8db33,,"sra	x22,x17,x13","s6,a7,a3",
80007544,srli,a4:00000000,,00e05713,,"srli	x14,x0,0xe","a4,zero,0xe",
80007548,sltiu,gp:00000000,,378f3193,,"sltiu	x3,x30,888","gp,t5,888",
8000754c,sltu,s10:00000000,,0042bd33,,"sltu	x26,x5,x4","s10,t0,tp",
80007550,andi,t6:00000000,,c7677f93,,"andi	x31,x14,-906","t6,a4,-906",
80007554,srli,tp:00000000,,0179d213,,"srli	x4,x19,0x17","tp,s3,0x17",
80007558,slli,a6:00000000,,00421813,,"slli	x16,x4,0x4","a6,tp,0x4",
80007560,ori,a6:fffffa69,,a6976813,,"ori	x16,x14,-1431","a6,a4,-1431",
80007564,andi,s11:a739c000,,87b7fd93,,"andi	x27,x15,-1925","s11,a5,-1925",
80007568,xori,t4:000007b6,,7b6d4e93,,"xori	x29,x26,1974","t4,s10,1974",
8000756c,add,s1:94e1b000,,011584b3,,"add	x9,x11,x17","s1,a1,a7",
80007570,sra,t4:94e1b000,,4004deb3,,"sra	x29,x9,x0","t4,s1,zero",
80007574,srl,s8:ff7f9aab,,000cdc33,,"srl	x24,x25,x0","s8,s9,zero",
80007578,srai,a4:00000000,,4169d713,,"srai	x14,x19,0x16","a4,s3,0x16",
8000757c,sltu,a4:00000000,,00bc3733,,"sltu	x14,x24,x11","a4,s8,a1",
80007580,srl,t4:000001ff,,001e5eb3,,"srl	x29,x28,x1","t4,t3,ra",
80007584,auipc,a2:2a840584,,aa839617,,"auipc	x12,0xaa839","a2,0xaa839",
80007588,slt,a5:00000000,,01a6a7b3,,"slt	x15,x13,x26","a5,a3,s10",
80007590,and,a4:00000000,,000cf733,,"and	x14,x25,x0","a4,s9,zero",
80007594,xori,a2:fffff848,,848b4613,,"xori	x12,x22,-1976","a2,s6,-1976",
80007598,srl,sp:00129c36,,0184d133,,"srl	x2,x9,x24","sp,s1,s8",
8000759c,andi,ra:00000000,,da2ff093,,"andi	x1,x31,-606","ra,t6,-606",
800075a0,addi,a1:fffffcbf,,cbf78593,,"addi	x11,x15,-833","a1,a5,-833",
800075a4,lui,s5:e64d6000,,e64d6ab7,,"lui	x21,0xe64d6","s5,0xe64d6",
800075a8,sub,t3:00000000,,41f88e33,,"sub	x28,x17,x31","t3,a7,t6",
800075ac,sub,sp:000005a6,,41098133,,"sub	x2,x19,x16","sp,s3,a6",
800075b0,and,sp:00000000,,00d37133,,"and	x2,x6,x13","sp,t1,a3",
800075b4,slli,a6:00000000,,01309813,,"slli	x16,x1,0x13","a6,ra,0x13",
800075bc,auipc,s2:c01ef5bc,,401e8917,,"auipc	x18,0x401e8","s2,0x401e8",
800075c0,sub,a4:00000000,,41cf8733,,"sub	x14,x31,x28","a4,t6,t3",
800075c8,xori,t1:19b29ef4,,ef4ac313,,"xori	x6,x21,-268","t1,s5,-268",
800075d4,srl,s6:00000000,,00f25b33,,"srl	x22,x4,x15","s6,tp,a5",
800075d8,and,s2:00000000,,00f07933,,"and	x18,x0,x15","s2,zero,a5",
800075dc,srai,a4:00000018,,4156d713,,"srai	x14,x13,0x15","a4,a3,0x15",
800075e4,andi,a6:00000024,,13657813,,"andi	x16,x10,310","a6,a0,310",
800075e8,xor,s6:fffffcbf,,0115cb33,,"xor	x22,x11,x17","s6,a1,a7",
800075ec,srai,a6:f00029cc,,40355813,,"srai	x16,x10,0x3","a6,a0,0x3",
800075f0,sll,ra:00000000,,01e210b3,,"sll	x1,x4,x30","ra,tp,t5",
800075f4,sub,s4:fffffb89,,41660a33,,"sub	x20,x12,x22","s4,a2,s6",
800075f8,and,s1:00000000,,00de74b3,,"and	x9,x28,x13","s1,t3,a3",
800075fc,slt,a2:00000000,,004ba633,,"slt	x12,x23,x4","a2,s7,tp",
80007600,srl,a6:00000000,,01a95833,,"srl	x16,x18,x26","a6,s2,s10",
80007604,xor,a6:9a24246c,,01f3c833,,"xor	x16,x7,x31","a6,t2,t6",
80007608,lui,s4:1bef3000,,1bef3a37,,"lui	x20,0x1bef3","s4,0x1bef3",
8000760c,ori,s2:fffffefe,,eb63e913,,"ori	x18,x7,-330","s2,t2,-330",
80007614,slti,a2:00000000,,8d262613,,"slti	x12,x12,-1838","a2,a2,-1838",
80007618,add,ra:00000000,,004180b3,,"add	x1,x3,x4","ra,gp,tp",
8000761c,and,t1:00000000,,00507333,,"and	x6,x0,x5","t1,zero,t0",
80007620,srli,gp:00000000,,01665193,,"srli	x3,x12,0x16","gp,a2,0x16",
80007624,and,a6:01040000,,0086f833,,"and	x16,x13,x8","a6,a3,s0",
80007628,and,a6:00000000,,01d87833,,"and	x16,x16,x29","a6,a6,t4",
8000762c,srai,a2:ffffffff,,410b5613,,"srai	x12,x22,0x10","a2,s6,0x10",
80007630,sltu,s5:00000000,,011e3ab3,,"sltu	x21,x28,x17","s5,t3,a7",
80007638,or,a7:00000000,,000ae8b3,,"or	x17,x21,x0","a7,s5,zero",
8000763c,sltiu,s6:00000000,,1fddbb13,,"sltiu	x22,x27,509","s6,s11,509",
80007640,sll,t2:fffffcbf,,011593b3,,"sll	x7,x11,x17","t2,a1,a7",
80007644,and,s7:00000000,,00157bb3,,"and	x23,x10,x1","s7,a0,ra",
80007648,sltu,a2:00000001,,00d03633,,"sltu	x12,x0,x13","a2,zero,a3",
8000764c,andi,ra:00000131,,131ef093,,"andi	x1,x29,305","ra,t4,305",
80007650,sll,s10:00000000,,00bf9d33,,"sll	x26,x31,x11","s10,t6,a1",
80007654,sltiu,s4:00000001,,b62e3a13,,"sltiu	x20,x28,-1182","s4,t3,-1182",
80007658,xor,t2:00000018,,01f743b3,,"xor	x7,x14,x31","t2,a4,t6",
8000765c,sll,a2:fffff97e,,00c59633,,"sll	x12,x11,x12","a2,a1,a2",
80007660,sra,a4:80018ce4,,406f5733,,"sra	x14,x30,x6","a4,t5,t1",
80007664,or,s11:80018ce4,,01e76db3,,"or	x27,x14,x30","s11,a4,t5",
80007668,srli,t4:00000018,,0156de93,,"srli	x29,x13,0x15","t4,a3,0x15",
8000766c,ori,t3:fffffb9c,,b9c1ee13,,"ori	x28,x3,-1124","t3,gp,-1124",
80007670,addi,s1:80014d41,,edd50493,,"addi	x9,x10,-291","s1,a0,-291",
80007674,xor,a7:80014d59,,0093c8b3,,"xor	x17,x7,x9","a7,t2,s1",
80007678,slt,t0:00000000,,0042a2b3,,"slt	x5,x5,x4","t0,t0,tp",
8000767c,ori,a4:c1dc06ff,,2fe46713,,"ori	x14,x8,766","a4,s0,766",
80007684,sltiu,t2:00000001,,e8c1b393,,"sltiu	x7,x3,-372","t2,gp,-372",
80007688,or,s7:00000000,,017febb3,,"or	x23,x31,x23","s7,t6,s7",
8000768c,lui,t1:7d835000,,7d835337,,"lui	x6,0x7d835","t1,0x7d835",
80007690,slti,s6:00000000,,5d36ab13,,"slti	x22,x13,1491","s6,a3,1491",
80007694,sra,s1:fffff97e,,417654b3,,"sra	x9,x12,x23","s1,a2,s7",
80007698,or,a3:fffffeff,,019966b3,,"or	x13,x18,x25","a3,s2,s9",
8000769c,slli,a4:004c4000,,00e09713,,"slli	x14,x1,0xe","a4,ra,0xe",
800076a0,lui,a6:d76fc000,,d76fc837,,"lui	x16,0xd76fc","a6,0xd76fc",
800076a4,sub,s1:80019366,,40cd84b3,,"sub	x9,x27,x12","s1,s11,a2",
800076a8,auipc,t0:eed376a8,,6ed30297,,"auipc	x5,0x6ed30","t0,0x6ed30",
800076ac,addi,a4:fffffb80,,b8010713,,"addi	x14,x2,-1152","a4,sp,-1152",
800076b0,andi,s5:00000000,,fe7efa93,,"andi	x21,x29,-25","s5,t4,-25",
800076b4,and,a5:00000000,,00f577b3,,"and	x15,x10,x15","a5,a0,a5",
800076b8,srl,s2:00000000,,0077d933,,"srl	x18,x15,x7","s2,a5,t2",
800076bc,slt,s2:00000001,,0176a933,,"slt	x18,x13,x23","s2,a3,s7",
800076c0,addi,a3:d76fc0bb,,0bb80693,,"addi	x13,x16,187","a3,a6,187",
800076c4,and,a4:00000000,,0101f733,,"and	x14,x3,x16","a4,gp,a6",
800076c8,srl,a1:00000000,,016fd5b3,,"srl	x11,x31,x22","a1,t6,s6",
800076cc,sltu,s7:00000000,,00733bb3,,"sltu	x23,x6,x7","s7,t1,t2",
800076d0,slli,s8:00000000,,00c21c13,,"slli	x24,x4,0xc","s8,tp,0xc",
800076d4,addi,s9:800192f9,,615f0c93,,"addi	x25,x30,1557","s9,t5,1557",
800076d8,sll,a4:00000000,,00cf1733,,"sll	x14,x30,x12","a4,t5,a2",
800076e0,srl,a4:00000000,,0195d733,,"srl	x14,x11,x25","a4,a1,s9",
800076e4,and,s11:00000000,,01a1fdb3,,"and	x27,x3,x26","s11,gp,s10",
800076e8,sltu,s1:00000000,,00e334b3,,"sltu	x9,x6,x14","s1,t1,a4",
800076ec,srai,t6:00000000,,4109df93,,"srai	x31,x19,0x10","t6,s3,0x10",
800076f0,sll,t2:00000030,,007e93b3,,"sll	x7,x29,x7","t2,t4,t2",
800076f4,auipc,t4:882d16f4,,082cae97,,"auipc	x29,0x82ca","t4,0x82ca",
800076f8,slti,tp:00000001,,5e94a213,,"slti	x4,x9,1513","tp,s1,1513",
800076fc,lui,t2:a5002000,,a50023b7,,"lui	x7,0xa5002","t2,0xa5002",
80007700,sub,s10:00000000,,41500d33,,"sub	x26,x0,x21","s10,zero,s5",
80007708,sra,s8:00000131,,4000dc33,,"sra	x24,x1,x0","s8,ra,zero",
8000770c,xor,s0:6ed2e451,,0192c433,,"xor	x8,x5,x25","s0,t0,s9",
80007710,slti,a4:00000000,,b01e2713,,"slti	x14,x28,-1279","a4,t3,-1279",
80007714,sltu,a2:00000001,,010cb633,,"sltu	x12,x25,x16","a2,s9,a6",
80007718,slt,a6:00000001,,00c4a833,,"slt	x16,x9,x12","a6,s1,a2",
8000771c,sll,t1:fffffb9c,,007e1333,,"sll	x6,x28,x7","t1,t3,t2",
80007724,slli,s9:ee700000,,01231c93,,"slli	x25,x6,0x12","s9,t1,0x12",
80007728,add,t2:00000001,,003603b3,,"add	x7,x12,x3","t2,a2,gp",
8000772c,sra,s6:d76fc0bb,,41f6db33,,"sra	x22,x13,x31","s6,a3,t6",
80007730,sub,a1:7ffead38,,40ae05b3,,"sub	x11,x28,x10","a1,t3,a0",
80007734,sll,t6:00000000,,01879fb3,,"sll	x31,x15,x24","t6,a5,s8",
80007738,or,t0:fffffb9c,,00fe62b3,,"or	x5,x28,x15","t0,t3,a5",
8000773c,slt,tp:00000001,,009e2233,,"slt	x4,x28,x9","tp,t3,s1",
80007740,addi,a5:0000018f,,18f18793,,"addi	x15,x3,399","a5,gp,399",
80007744,ori,gp:80018ff5,,3d5f6193,,"ori	x3,x30,981","gp,t5,981",
80007748,sll,t6:d76fc0bb,,00969fb3,,"sll	x31,x13,x9","t6,a3,s1",
8000774c,slli,a6:00000000,,01fe1813,,"slli	x16,x28,0x1f","a6,t3,0x1f",
80007750,xori,a4:800148c7,,59e8c713,,"xori	x14,x17,1438","a4,a7,1438",
80007754,sltiu,a4:00000000,,386e3713,,"sltiu	x14,x28,902","a4,t3,902",
80007758,srai,gp:00000000,,41ddd193,,"srai	x3,x27,0x1d","gp,s11,0x1d",
8000775c,srli,s2:00008001,,0108d913,,"srli	x18,x17,0x10","s2,a7,0x10",
80007760,andi,t2:00000000,,c2687393,,"andi	x7,x16,-986","t2,a6,-986",
80007764,srli,a5:00000001,,01e5d793,,"srli	x15,x11,0x1e","a5,a1,0x1e",
80007768,andi,a7:00000121,,567c7893,,"andi	x17,x24,1383","a7,s8,1383",
80007770,sll,a1:80018ce4,,000f15b3,,"sll	x11,x30,x0","a1,t5,zero",
80007774,slti,s1:00000001,,0b4f2493,,"slti	x9,x30,180","s1,t5,180",
80007778,sll,ra:00000262,,004c10b3,,"sll	x1,x24,x4","ra,s8,tp",
8000777c,and,t1:00000001,,01197333,,"and	x6,x18,x17","t1,s2,a7",
80007780,sll,a7:00000262,,012c18b3,,"sll	x17,x24,x18","a7,s8,s2",
80007788,xori,sp:ffffff7e,,f7ed4113,,"xori	x2,x26,-130","sp,s10,-130",
80007790,and,s10:800180a0,,01effd33,,"and	x26,x31,x30","s10,t6,t5",
80007798,xor,a6:80018ce5,,0145c833,,"xor	x16,x11,x20","a6,a1,s4",
8000779c,sltu,a5:00000000,,00c0b7b3,,"sltu	x15,x1,x12","a5,ra,a2",
800077a0,sll,s10:00000001,,01749d33,,"sll	x26,x9,x23","s10,s1,s7",
800077a4,ori,a5:fffffb9e,,2162e793,,"ori	x15,x5,534","a5,t0,534",
800077a8,lui,a6:f8307000,,f8307837,,"lui	x16,0xf8307","a6,0xf8307",
800077ac,srl,s11:00000fff,,01d7ddb3,,"srl	x27,x15,x29","s11,a5,t4",
800077b0,addi,s8:00000125,,12460c13,,"addi	x24,x12,292","s8,a2,292",
800077b4,addi,s7:00001701,,702d8b93,,"addi	x23,x27,1794","s7,s11,1794",
800077b8,srli,t6:00000000,,00c3df93,,"srli	x31,x7,0xc","t6,t2,0xc",
800077bc,sub,a1:000003e2,,405105b3,,"sub	x11,x2,x5","a1,sp,t0",
800077c0,sra,s5:00000000,,40fc5ab3,,"sra	x21,x24,x15","s5,s8,a5",
800077c4,sltu,s6:00000000,,009ebb33,,"sltu	x22,x29,x9","s6,t4,s1",
800077c8,xor,a6:6ed2e450,,01a44833,,"xor	x16,x8,x26","a6,s0,s10",
800077cc,slli,a1:62000000,,01809593,,"slli	x11,x1,0x18","a1,ra,0x18",
800077d0,slt,t6:00000000,,00192fb3,,"slt	x31,x18,x1","t6,s2,ra",
800077d8,auipc,t2:715df7d8,,f15d8397,,"auipc	x7,0xf15d8","t2,0xf15d8",
800077e0,andi,t6:00000000,,19e5ff93,,"andi	x31,x11,414","t6,a1,414",
800077e4,sltiu,s2:00000000,,79013913,,"sltiu	x18,x2,1936","s2,sp,1936",
800077e8,andi,s2:00000100,,dc8c7913,,"andi	x18,x24,-568","s2,s8,-568",
800077f0,srl,a3:00000000,,017756b3,,"srl	x13,x14,x23","a3,a4,s7",
800077f4,ori,tp:00000291,,291fe213,,"ori	x4,x31,657","tp,t6,657",
800077f8,slt,t4:00000000,,000a2eb3,,"slt	x29,x20,x0","t4,s4,zero",
800077fc,add,s11:ffffff7f,,002a0db3,,"add	x27,x20,x2","s11,s4,sp",
80007800,xor,s11:00000100,,0121cdb3,,"xor	x27,x3,x18","s11,gp,s2",
80007804,slt,t4:00000001,,017d2eb3,,"slt	x29,x26,x23","t4,s10,s7",
80007808,and,s9:00000000,,011afcb3,,"and	x25,x21,x17","s9,s5,a7",
8000780c,ori,a2:fffffbcb,,acbde613,,"ori	x12,x27,-1333","a2,s11,-1333",
80007810,ori,s10:fffffded,,9c9f6d13,,"ori	x26,x30,-1591","s10,t5,-1591",
80007814,sltiu,tp:00000000,,4fe5b213,,"sltiu	x4,x11,1278","tp,a1,1278",
80007818,addi,gp:000001c0,,1bf30193,,"addi	x3,x6,447","gp,t1,447",
8000781c,xori,gp:fffff870,,8706c193,,"xori	x3,x13,-1936","gp,a3,-1936",
80007820,slt,ra:00000001,,0107a0b3,,"slt	x1,x15,x16","ra,a5,a6",
80007824,srl,gp:00000000,,0030d1b3,,"srl	x3,x1,x3","gp,ra,gp",
80007828,slli,a1:00000400,,00a09593,,"slli	x11,x1,0xa","a1,ra,0xa",
8000782c,sub,s2:ffffff00,,41bb0933,,"sub	x18,x22,x27","s2,s6,s11",
80007830,srli,t1:1fffffe0,,00395313,,"srli	x6,x18,0x3","t1,s2,0x3",
80007834,sltu,s11:00000001,,013fbdb3,,"sltu	x27,x31,x19","s11,t6,s3",
80007838,and,t3:00000000,,00effe33,,"and	x28,x31,x14","t3,t6,a4",
8000783c,srai,t3:00000000,,407dde13,,"srai	x28,x27,0x7","t3,s11,0x7",
80007840,xor,t2:00000293,,002d43b3,,"xor	x7,x26,x2","t2,s10,sp",
80007844,srli,a5:03ffffee,,0067d793,,"srli	x15,x15,0x6","a5,a5,0x6",
80007848,or,a1:80014e64,,00a065b3,,"or	x11,x0,x10","a1,zero,a0",
8000784c,auipc,a6:97b7084c,,17b69817,,"auipc	x16,0x17b69","a6,0x17b69",
80007850,ori,t6:80018cec,,408f6f93,,"ori	x31,x30,1032","t6,t5,1032",
80007854,addi,s1:fffff969,,969e0493,,"addi	x9,x28,-1687","s1,t3,-1687",
80007858,or,t4:1fffffe0,,006e6eb3,,"or	x29,x28,x6","t4,t3,t1",
8000785c,srl,a1:000fffff,,009ed5b3,,"srl	x11,x29,x9","a1,t4,s1",
80007860,slt,s10:00000001,,0070ad33,,"slt	x26,x1,x7","s10,ra,t2",
80007864,sltu,t1:00000001,,00263333,,"sltu	x6,x12,x2","t1,a2,sp",
80007868,ori,s6:ffffffde,,6422eb13,,"ori	x22,x5,1602","s6,t0,1602",
8000786c,slt,t2:00000000,,006a23b3,,"slt	x7,x20,x6","t2,s4,t1",
80007870,sub,t4:00000001,,404d8eb3,,"sub	x29,x27,x4","t4,s11,tp",
80007878,slti,t4:00000000,,da7e2e93,,"slti	x29,x28,-601","t4,t3,-601",
8000787c,andi,s4:fffffc1e,,c1fb7a13,,"andi	x20,x22,-993","s4,s6,-993",
80007884,sltiu,gp:00000000,,c2f13193,,"sltiu	x3,x2,-977","gp,sp,-977",
80007888,and,s2:00000000,,01a17933,,"and	x18,x2,x26","s2,sp,s10",
8000788c,or,t0:ffffffde,,007b62b3,,"or	x5,x22,x7","t0,s6,t2",
80007890,slli,s11:01000000,,01809d93,,"slli	x27,x1,0x18","s11,ra,0x18",
80007898,auipc,s6:f1695898,,7168eb17,,"auipc	x22,0x7168e","s6,0x7168e",
8000789c,andi,s0:97b70804,,c0687413,,"andi	x8,x16,-1018","s0,a6,-1018",
800078a0,sra,s0:00000000,,40b35433,,"sra	x8,x6,x11","s0,t1,a1",
800078a4,sltu,t1:00000001,,0020b333,,"sltu	x6,x1,x2","t1,ra,sp",
800078ac,sltu,s10:00000001,,00adbd33,,"sltu	x26,x27,x10","s10,s11,a0",
800078b0,srli,s7:00000000,,00f95b93,,"srli	x23,x18,0xf","s7,s2,0xf",
800078b4,lui,t4:6f681000,,6f681eb7,,"lui	x29,0x6f681","t4,0x6f681",
800078b8,slt,gp:00000000,,006d21b3,,"slt	x3,x26,x6","gp,s10,t1",
800078bc,or,gp:ffffffde,,00e2e1b3,,"or	x3,x5,x14","gp,t0,a4",
800078c0,addi,a7:fffffc76,,b51c0893,,"addi	x17,x24,-1199","a7,s8,-1199",
800078c4,sub,s2:00000000,,41080933,,"sub	x18,x16,x16","s2,a6,a6",
800078c8,srl,s2:fffffc76,,0048d933,,"srl	x18,x17,x4","s2,a7,tp",
800078cc,srl,a3:001fffff,,00c656b3,,"srl	x13,x12,x12","a3,a2,a2",
800078d0,sltu,gp:00000001,,018431b3,,"sltu	x3,x8,x24","gp,s0,s8",
800078d4,srli,a2:00007fff,,0118d613,,"srli	x12,x17,0x11","a2,a7,0x11",
800078d8,auipc,a7:49ed78d8,,c9ed0897,,"auipc	x17,0xc9ed0","a7,0xc9ed0",
800078dc,ori,s6:000001e7,,1c7c6b13,,"ori	x22,x24,455","s6,s8,455",
800078e0,addi,s11:49ed73a3,,acb88d93,,"addi	x27,x17,-1333","s11,a7,-1333",
800078e4,sltiu,a4:00000000,,77ba3713,,"sltiu	x14,x20,1915","a4,s4,1915",
800078e8,lui,t0:36b1c000,,36b1c2b7,,"lui	x5,0x36b1c","t0,0x36b1c",
800078ec,xor,gp:000fffff,,0045c1b3,,"xor	x3,x11,x4","gp,a1,tp",
800078f0,slli,t4:ffc00000,,01661e93,,"slli	x29,x12,0x16","t4,a2,0x16",
800078f4,sltiu,s7:00000001,,c39b3b93,,"sltiu	x23,x22,-967","s7,s6,-967",
800078f8,srl,t4:00000000,,0115deb3,,"srl	x29,x11,x17","t4,a1,a7",
800078fc,or,a4:97b74e6c,,00a86733,,"or	x14,x16,x10","a4,a6,a0",
80007900,sltu,gp:00000000,,000631b3,,"sltu	x3,x12,x0","gp,a2,zero",
80007904,sub,a3:ffdffc77,,40d906b3,,"sub	x13,x18,x13","a3,s2,a3",
80007908,srl,a2:00000000,,012bd633,,"srl	x12,x23,x18","a2,s7,s2",
8000790c,slt,t3:00000001,,00052e33,,"slt	x28,x10,x0","t3,a0,zero",
80007910,or,s1:00000000,,008664b3,,"or	x9,x12,x8","s1,a2,s0",
80007914,srl,a1:00000000,,007655b3,,"srl	x11,x12,x7","a1,a2,t2",
80007918,xori,s7:fc0006cd,,9237cb93,,"xori	x23,x15,-1757","s7,a5,-1757",
8000791c,ori,a2:97b74eec,,2cc76613,,"ori	x12,x14,716","a2,a4,716",
80007920,xori,t0:fffffce5,,ce53c293,,"xori	x5,x7,-795","t0,t2,-795",
80007924,sltiu,a2:00000001,,85b23613,,"sltiu	x12,x4,-1957","a2,tp,-1957",
80007928,slti,a6:00000000,,94b5a813,,"slti	x16,x11,-1717","a6,a1,-1717",
8000792c,srai,ra:00000000,,40505093,,"srai	x1,x0,0x5","ra,zero,0x5",
80007930,sltu,a3:00000001,,01ff36b3,,"sltu	x13,x30,x31","a3,t5,t6",
80007934,add,s0:49ed78d8,,01138433,,"add	x8,x7,x17","s0,t2,a7",
80007938,slli,a2:f3800000,,017b1613,,"slli	x12,x22,0x17","a2,s6,0x17",
8000793c,sltiu,ra:00000000,,9ba13093,,"sltiu	x1,x2,-1606","ra,sp,-1606",
80007940,andi,t1:03fff92a,,93b7f313,,"andi	x6,x15,-1733","t1,a5,-1733",
80007944,sra,t6:80018ce4,,40bf5fb3,,"sra	x31,x30,x11","t6,t5,a1",
80007948,xor,s1:97b74e63,,00e9c4b3,,"xor	x9,x19,x14","s1,s3,a4",
8000794c,xor,sp:00000000,,0033c133,,"xor	x2,x7,x3","sp,t2,gp",
80007950,sra,a6:00000125,,410c5833,,"sra	x16,x24,x16","a6,s8,a6",
80007954,xor,a6:de5a3dcf,,00edc833,,"xor	x16,x27,x14","a6,s11,a4",
80007958,or,s9:fffffc76,,01996cb3,,"or	x25,x18,x25","s9,s2,s9",
8000795c,slti,t4:00000001,,58ef2e93,,"slti	x29,x30,1422","t4,t5,1422",
80007960,xor,s6:b6128fd5,,01b94b33,,"xor	x22,x18,x27","s6,s2,s11",
80007964,addi,a2:de5a37a5,,9d680613,,"addi	x12,x16,-1578","a2,a6,-1578",
80007968,xori,t1:8001492d,,74954313,,"xori	x6,x10,1865","t1,a0,1865",
8000796c,or,t3:00000000,,00016e33,,"or	x28,x2,x0","t3,sp,zero",
80007970,andi,sp:00000280,,28ab7113,,"andi	x2,x22,650","sp,s6,650",
80007974,sll,t4:00000000,,014a9eb3,,"sll	x29,x21,x20","t4,s5,s4",
80007978,srli,a6:00000de5,,01485813,,"srli	x16,x16,0x14","a6,a6,0x14",
8000797c,add,s2:8001454b,,01430933,,"add	x18,x6,x20","s2,t1,s4",
80007980,addi,t6:49ed70b6,,d13d8f93,,"addi	x31,x27,-749","t6,s11,-749",
80007984,slti,t3:00000000,,4ea7ae13,,"slti	x28,x15,1258","t3,a5,1258",
80007988,srai,a6:fffde5a3,,40c65813,,"srai	x16,x12,0xc","a6,a2,0xc",
8000798c,auipc,tp:8037d98c,,00376217,,"auipc	x4,0x376","tp,0x376",
80007990,addi,t2:00000495,,7b028393,,"addi	x7,x5,1968","t2,t0,1968",
80007994,or,a5:fffffc77,,01ace7b3,,"or	x15,x25,x26","a5,s9,s10",
80007998,sltiu,s10:00000000,,6da53d13,,"sltiu	x26,x10,1754","s10,a0,1754",
8000799c,sltu,s7:00000001,,00f93bb3,,"sltu	x23,x18,x15","s7,s2,a5",
800079a0,sltiu,sp:00000001,,b2c0b113,,"sltiu	x2,x1,-1236","sp,ra,-1236",
800079a4,srli,s5:0008037d,,00c25a93,,"srli	x21,x4,0xc","s5,tp,0xc",
800079a8,sub,s8:fff7fc83,,415e8c33,,"sub	x24,x29,x21","s8,t4,s5",
800079b0,and,s8:80014440,,01257c33,,"and	x24,x10,x18","s8,a0,s2",
800079b4,sra,a4:00000000,,40e5d733,,"sra	x14,x11,x14","a4,a1,a4",
800079bc,xor,s2:8037d983,,01324933,,"xor	x18,x4,x19","s2,tp,s3",
800079c0,sra,a1:f8001444,,40ac55b3,,"sra	x11,x24,x10","a1,s8,a0",
800079c4,ori,tp:fffffab2,,ab2e6213,,"ori	x4,x28,-1358","tp,t3,-1358",
800079c8,xor,a7:f8001444,,01a5c8b3,,"xor	x17,x11,x26","a7,a1,s10",
800079cc,addi,s5:fffffba5,,0f320a93,,"addi	x21,x4,243","s5,tp,243",
800079d0,addi,gp:fffffef7,,ee898193,,"addi	x3,x19,-280","gp,s3,-280",
800079d4,xor,s11:8001492c,,0066cdb3,,"xor	x27,x13,x6","s11,a3,t1",
800079d8,or,t0:80014440,,001c62b3,,"or	x5,x24,x1","t0,s8,ra",
800079dc,sra,t3:de5a37a5,,40165e33,,"sra	x28,x12,x1","t3,a2,ra",
800079e4,sll,t6:0000000f,,00e99fb3,,"sll	x31,x19,x14","t6,s3,a4",
800079e8,addi,a3:00000016,,b8138693,,"addi	x13,x7,-1151","a3,t2,-1151",
800079ec,srai,s1:ffff8037,,41095493,,"srai	x9,x18,0x10","s1,s2,0x10",
800079f0,srl,s6:00000000,,009edb33,,"srl	x22,x29,x9","s6,t4,s1",
800079f4,and,s6:00000001,,00297b33,,"and	x22,x18,x2","s6,s2,sp",
800079f8,sub,s8:ffffffff,,41708c33,,"sub	x24,x1,x23","s8,ra,s7",
800079fc,sll,s7:80000000,,01879bb3,,"sll	x23,x15,x24","s7,a5,s8",
80007a00,ori,gp:ffffffff,,781c6193,,"ori	x3,x24,1921","gp,s8,1921",
80007a04,auipc,t0:c19dfa04,,419d8297,,"auipc	x5,0x419d8","t0,0x419d8",
80007a08,xor,s11:00000000,,01bdcdb3,,"xor	x27,x27,x27","s11,s11,s11",
80007a0c,andi,t1:fffffc15,,c957f313,,"andi	x6,x15,-875","t1,a5,-875",
80007a14,sub,tp:000003f8,,41468233,,"sub	x4,x13,x20","tp,a3,s4",
80007a18,addi,s9:ffffff39,,f3ac0c93,,"addi	x25,x24,-198","s9,s8,-198",
80007a1c,sltu,s6:00000001,,009dbb33,,"sltu	x22,x27,x9","s6,s11,s1",
80007a20,sra,t0:00000000,,40ad52b3,,"sra	x5,x26,x10","t0,s10,a0",
80007a24,xori,a4:fffff9a4,,9a42c713,,"xori	x14,x5,-1628","a4,t0,-1628",
80007a28,sltiu,t0:00000001,,f285b293,,"sltiu	x5,x11,-216","t0,a1,-216",
80007a2c,and,s6:de5a3425,,01c7fb33,,"and	x22,x15,x28","s6,a5,t3",
80007a30,slli,tp:00000000,,003e9213,,"slli	x4,x29,0x3","tp,t4,0x3",
80007a34,add,s11:fffff9a4,,01a70db3,,"add	x27,x14,x26","s11,a4,s10",
80007a38,or,a2:0000000f,,01f06633,,"or	x12,x0,x31","a2,zero,t6",
80007a3c,andi,a2:00000002,,262ff613,,"andi	x12,x31,610","a2,t6,610",
80007a40,xor,s1:7fca3c20,,010944b3,,"xor	x9,x18,x16","s1,s2,a6",
80007a44,slli,gp:51100000,,01289193,,"slli	x3,x17,0x12","gp,a7,0x12",
80007a48,xor,s9:8037d981,,00c94cb3,,"xor	x25,x18,x12","s9,s2,a2",
80007a4c,and,s6:00000000,,01ac7b33,,"and	x22,x24,x26","s6,s8,s10",
80007a50,auipc,s5:4760aa50,,c7603a97,,"auipc	x21,0xc7603","s5,0xc7603",
80007a54,sub,t3:7fc82680,,41910e33,,"sub	x28,x2,x25","t3,sp,s9",
80007a58,srl,gp:0000ff94,,0134d1b3,,"srl	x3,x9,x19","gp,s1,s3",
80007a5c,sra,t1:00000016,,4176d333,,"sra	x6,x13,x23","t1,a3,s7",
80007a60,slt,s7:00000000,,0004abb3,,"slt	x23,x9,x0","s7,s1,zero",
80007a64,sltu,t2:00000001,,0188b3b3,,"sltu	x7,x17,x24","t2,a7,s8",
80007a68,slti,t3:00000001,,12a3ae13,,"slti	x28,x7,298","t3,t2,298",
80007a6c,addi,t0:fffddfba,,a1780293,,"addi	x5,x16,-1513","t0,a6,-1513",
80007a70,sub,a7:00000000,,41f988b3,,"sub	x17,x19,x31","a7,s3,t6",
80007a74,auipc,s2:1275ea74,,92757917,,"auipc	x18,0x92757","s2,0x92757",
80007a78,sra,s2:00000000,,40365933,,"sra	x18,x12,x3","s2,a2,gp",
80007a7c,andi,sp:4760aa10,,ab2af113,,"andi	x2,x21,-1358","sp,s5,-1358",
80007a84,srli,t3:0000003f,,01aa5e13,,"srli	x28,x20,0x1a","t3,s4,0x1a",
80007a88,slti,t0:00000000,,9c732293,,"slti	x5,x6,-1593","t0,t1,-1593",
80007a90,srai,s6:00000000,,4118db13,,"srai	x22,x17,0x11","s6,a7,0x11",
80007a94,and,s7:00000000,,00bd7bb3,,"and	x23,x26,x11","s7,s10,a1",
80007a98,srli,a1:80014e64,,00055593,,"srli	x11,x10,0x0","a1,a0,0x0",
80007a9c,lui,a7:2e358000,,2e3588b7,,"lui	x17,0x2e358","a7,0x2e358",
80007aa0,xor,t0:000005ba,,014dc2b3,,"xor	x5,x27,x20","t0,s11,s4",
80007aa4,auipc,t4:8dcd4aa4,,0dccde97,,"auipc	x29,0xdccd","t4,0xdccd",
80007aa8,addi,s4:fffffa0c,,a0c08a13,,"addi	x20,x1,-1524","s4,ra,-1524",
80007aac,xori,gp:000003d1,,3c734193,,"xori	x3,x6,967","gp,t1,967",
80007ab0,lui,s10:1e07e000,,1e07ed37,,"lui	x26,0x1e07e","s10,0x1e07e",
80007ab4,slli,t6:fbcb4600,,00981f93,,"slli	x31,x16,0x9","t6,a6,0x9",
80007ab8,sltu,a5:00000000,,000e37b3,,"sltu	x15,x28,x0","a5,t3,zero",
80007abc,or,s6:7fca3c20,,009b6b33,,"or	x22,x22,x9","s6,s6,s1",
80007ac0,add,s9:7fca3c20,,01620cb3,,"add	x25,x4,x22","s9,tp,s6",
80007ac4,slti,s4:00000000,,90262a13,,"slti	x20,x12,-1790","s4,a2,-1790",
80007ac8,sub,t3:80014e64,,40458e33,,"sub	x28,x11,x4","t3,a1,tp",
80007acc,sltiu,s8:00000000,,3881bc13,,"sltiu	x24,x3,904","s8,gp,904",
80007ad0,or,s10:80014e65,,00756d33,,"or	x26,x10,x7","s10,a0,t2",
80007ad4,sll,a6:68c00000,,00681833,,"sll	x16,x16,x6","a6,a6,t1",
80007ad8,and,s6:00000000,,01607b33,,"and	x22,x0,x22","s6,zero,s6",
80007adc,ori,t3:fffffd56,,d4036e13,,"ori	x28,x6,-704","t3,t1,-704",
80007ae0,addi,gp:8dcd486b,,dc7e8193,,"addi	x3,x29,-569","gp,t4,-569",
80007ae4,lui,t3:b464b000,,b464be37,,"lui	x28,0xb464b","t3,0xb464b",
80007ae8,and,t3:00000004,,01d9fe33,,"and	x28,x19,x29","t3,s3,t4",
80007aec,srli,s4:00000000,,00c3da13,,"srli	x20,x7,0xc","s4,t2,0xc",
80007af0,addi,a5:fbcb45bb,,fbbf8793,,"addi	x15,x31,-69","a5,t6,-69",
80007af4,srl,gp:0fffff9a,,01ddd1b3,,"srl	x3,x27,x29","gp,s11,t4",
80007af8,ori,s11:000000e2,,0e20ed93,,"ori	x27,x1,226","s11,ra,226",
80007b00,sll,a4:00000e20,,01dd9733,,"sll	x14,x27,x29","a4,s11,t4",
80007b04,and,a1:09cd4880,,008ef5b3,,"and	x11,x29,x8","a1,t4,s0",
80007b0c,add,t0:4760aa26,,00d102b3,,"add	x5,x2,x13","t0,sp,a3",
80007b10,slt,s11:00000001,,00df2db3,,"slt	x27,x30,x13","s11,t5,a3",
80007b14,addi,tp:80015582,,71dd0213,,"addi	x4,x26,1821","tp,s10,1821",
80007b18,auipc,a4:92ce3b18,,12cdc717,,"auipc	x14,0x12cdc","a4,0x12cdc",
80007b1c,srli,a1:00000004,,000e5593,,"srli	x11,x28,0x0","a1,t3,0x0",
80007b20,sra,tp:00000000,,40f65233,,"sra	x4,x12,x15","tp,a2,a5",
80007b28,auipc,t0:def3bb28,,5ef34297,,"auipc	x5,0x5ef34","t0,0x5ef34",
80007b2c,slti,a1:00000000,,e523a593,,"slti	x11,x7,-430","a1,t2,-430",
80007b30,addi,s2:49ed7acf,,1f740913,,"addi	x18,x8,503","s2,s0,503",
80007b34,srai,t0:00000000,,41d05293,,"srai	x5,x0,0x1d","t0,zero,0x1d",
80007b38,srl,s10:24f6bc6c,,01b45d33,,"srl	x26,x8,x27","s10,s0,s11",
80007b3c,slti,a2:00000000,,ac212613,,"slti	x12,x2,-1342","a2,sp,-1342",
80007b40,auipc,t2:d965fb40,,59658397,,"auipc	x7,0x59658","t2,0x59658",
80007b44,sra,a7:00000000,,40f5d8b3,,"sra	x17,x11,x15","a7,a1,a5",
80007b48,or,t3:49ed7acf,,00096e33,,"or	x28,x18,x0","t3,s2,zero",
80007b4c,srai,s9:ffffff00,,417f5c93,,"srai	x25,x30,0x17","s9,t5,0x17",
80007b50,srli,gp:00000000,,00935193,,"srli	x3,x6,0x9","gp,t1,0x9",
80007b54,srli,ra:0000068c,,01485093,,"srli	x1,x16,0x14","ra,a6,0x14",
80007b58,slti,a1:00000000,,80222593,,"slti	x11,x4,-2046","a1,tp,-2046",
80007b5c,sltiu,s6:00000001,,6206bb13,,"sltiu	x22,x13,1568","s6,a3,1568",
80007b60,addi,t6:000007bf,,7beb0f93,,"addi	x31,x22,1982","t6,s6,1982",
80007b64,sll,s9:f8000000,,00ff9cb3,,"sll	x25,x31,x15","s9,t6,a5",
80007b68,add,s5:49ed78d8,,008a0ab3,,"add	x21,x20,x8","s5,s4,s0",
80007b6c,xori,t0:269a0494,,fd43c293,,"xori	x5,x7,-44","t0,t2,-44",
80007b70,and,s10:00000000,,01ac7d33,,"and	x26,x24,x26","s10,s8,s10",
80007b74,xori,s4:269a005f,,b1f3ca13,,"xori	x20,x7,-1249","s4,t2,-1249",
80007b78,slli,t1:ff947840,,00149313,,"slli	x6,x9,0x1","t1,s1,0x1",
80007b7c,sltu,s7:00000001,,01d53bb3,,"sltu	x23,x10,x29","s7,a0,t4",
80007b80,sub,s9:49ed78c2,,40d40cb3,,"sub	x25,x8,x13","s9,s0,a3",
80007b84,auipc,t1:72f78b84,,f2f71317,,"auipc	x6,0xf2f71","t1,0xf2f71",
80007b88,xor,t4:800148e8,,00154eb3,,"xor	x29,x10,x1","t4,a0,ra",
80007b8c,srai,t0:00000000,,40b0d293,,"srai	x5,x1,0xb","t0,ra,0xb",
80007b90,sltiu,a2:00000001,,b4353613,,"sltiu	x12,x10,-1213","a2,a0,-1213",
80007b94,sub,t6:00000016,,40568fb3,,"sub	x31,x13,x5","t6,a3,t0",
80007b9c,sltiu,s8:00000001,,92be3c13,,"sltiu	x24,x28,-1749","s8,t3,-1749",
80007ba0,add,a4:23537418,,01538733,,"add	x14,x7,x21","a4,t2,s5",
80007ba4,xor,s1:c761e474,,00a144b3,,"xor	x9,x2,x10","s1,sp,a0",
80007ba8,addi,ra:000000b2,,0b220093,,"addi	x1,x4,178","ra,tp,178",
80007bac,andi,a7:00000000,,bc727893,,"andi	x17,x4,-1081","a7,tp,-1081",
80007bb0,lui,s0:aded0000,,aded0437,,"lui	x8,0xaded0","s0,0xaded0",
80007bb4,xor,a2:269a005f,,0148c633,,"xor	x12,x17,x20","a2,a7,s4",
80007bb8,auipc,s4:a6a8bbb8,,26a84a17,,"auipc	x20,0x26a84","s4,0x26a84",
80007bbc,sltiu,ra:00000001,,718bb093,,"sltiu	x1,x23,1816","ra,s7,1816",
80007bc0,and,s0:28c00000,,01047433,,"and	x8,x8,x16","s0,s0,a6",
80007bc4,srai,a6:00000000,,40d8d813,,"srai	x16,x17,0xd","a6,a7,0xd",
80007bc8,andi,a6:00000001,,3a1c7813,,"andi	x16,x24,929","a6,s8,929",
80007bcc,add,t3:c32d2a2f,,00978e33,,"add	x28,x15,x9","t3,a5,s1",
80007bd0,xori,s10:00000348,,3490cd13,,"xori	x26,x1,841","s10,ra,841",
80007bd4,lui,s9:9e258000,,9e258cb7,,"lui	x25,0x9e258","s9,0x9e258",
80007bd8,sltiu,s5:00000001,,cee3ba93,,"sltiu	x21,x7,-786","s5,t2,-786",
80007bdc,auipc,s10:4c331bdc,,cc32ad17,,"auipc	x26,0xcc32a","s10,0xcc32a",
80007be0,sltiu,s11:00000001,,ea1fbd93,,"sltiu	x27,x31,-351","s11,t6,-351",
80007be4,and,a2:8620a030,,0144f633,,"and	x12,x9,x20","a2,s1,s4",
80007be8,sll,a7:00000000,,00b898b3,,"sll	x17,x17,x11","a7,a7,a1",
80007bec,ori,s5:d965fb76,,3363ea93,,"ori	x21,x7,822","s5,t2,822",
80007bf0,srli,t0:00011a9b,,00d75293,,"srli	x5,x14,0xd","t0,a4,0xd",
80007bf4,lui,t1:53b38000,,53b38337,,"lui	x6,0x53b38","t1,0x53b38",
80007bf8,srai,sp:00000000,,411c5113,,"srai	x2,x24,0x11","sp,s8,0x11",
80007bfc,or,s4:d965fb41,,01b3ea33,,"or	x20,x7,x27","s4,t2,s11",
80007c00,sra,ra:00000000,,410050b3,,"sra	x1,x0,x16","ra,zero,a6",
80007c04,ori,s9:fffffb9a,,b9a26c93,,"ori	x25,x4,-1126","s9,tp,-1126",
80007c08,sra,s5:ffffffff,,412cdab3,,"sra	x21,x25,x18","s5,s9,s2",
80007c0c,lui,s1:48430000,,484304b7,,"lui	x9,0x48430","s1,0x48430",
80007c10,slt,ra:00000000,,004320b3,,"slt	x1,x6,x4","ra,t1,tp",
80007c14,or,gp:ce63a030,,00c4e1b3,,"or	x3,x9,x12","gp,s1,a2",
80007c18,ori,a6:fffffe69,,e6916813,,"ori	x16,x2,-407","a6,sp,-407",
80007c1c,sub,tp:6592d5d1,,41c40233,,"sub	x4,x8,x28","tp,s0,t3",
80007c20,lui,a3:82977000,,829776b7,,"lui	x13,0x82977","a3,0x82977",
80007c24,or,s0:800148e8,,01d5e433,,"or	x8,x11,x29","s0,a1,t4",
80007c28,srl,s11:00010002,,01c55db3,,"srl	x27,x10,x28","s11,a0,t3",
80007c34,sltiu,s6:00000000,,53583b13,,"sltiu	x22,x16,1333","s6,a6,1333",
80007c38,sltu,t3:00000001,,01c0be33,,"sltu	x28,x1,x28","t3,ra,t3",
80007c3c,sll,s8:90000000,,01951c33,,"sll	x24,x10,x25","s8,a0,s9",
80007c40,and,a7:00000000,,000c78b3,,"and	x17,x24,x0","a7,s8,zero",
80007c44,sll,gp:00000000,,011091b3,,"sll	x3,x1,x17","gp,ra,a7",
80007c48,srai,s6:ffff8001,,41045b13,,"srai	x22,x8,0x10","s6,s0,0x10",
80007c4c,srai,s1:00000000,,41505493,,"srai	x9,x0,0x15","s1,zero,0x15",
80007c54,and,a3:00010002,,01b7f6b3,,"and	x13,x15,x27","a3,a5,s11",
80007c58,slli,s8:c331bdc0,,004d1c13,,"slli	x24,x26,0x4","s8,s10,0x4",
80007c5c,lui,t1:da61d000,,da61d337,,"lui	x6,0xda61d","t1,0xda61d",
80007c60,xor,s9:b3cce046,,01acccb3,,"xor	x25,x25,x26","s9,s9,s10",
80007c64,auipc,s6:84012c64,,0400bb17,,"auipc	x22,0x400b","s6,0x400b",
80007c68,sra,t1:00000000,,4020d333,,"sra	x6,x1,x2","t1,ra,sp",
80007c6c,and,s10:00000000,,01fc7d33,,"and	x26,x24,x31","s10,s8,t6",
80007c70,srli,t3:00000000,,0141de13,,"srli	x28,x3,0x14","t3,gp,0x14",
80007c74,ori,t3:fffffc6a,,c6a6ee13,,"ori	x28,x13,-918","t3,a3,-918",
80007c78,ori,a4:fffffefd,,eb956713,,"ori	x14,x10,-327","a4,a0,-327",
80007c7c,xori,a1:00010792,,790dc593,,"xori	x11,x27,1936","a1,s11,1936",
80007c84,srai,sp:00000800,,4056d113,,"srai	x2,x13,0x5","sp,a3,0x5",
80007c88,sltiu,a2:00000001,,89e43613,,"sltiu	x12,x8,-1890","a2,s0,-1890",
80007c8c,or,s9:00011a9b,,0058ecb3,,"or	x25,x17,x5","s9,a7,t0",
80007c90,xori,t3:000000f0,,f0face13,,"xori	x28,x21,-241","t3,s5,-241",
80007c94,srl,s10:d965fb40,,0063dd33,,"srl	x26,x7,x6","s10,t2,t1",
80007c98,and,t1:00000000,,01187333,,"and	x6,x16,x17","t1,a6,a7",
80007c9c,xori,t3:fffffe8e,,e98fce13,,"xori	x28,x31,-360","t3,t6,-360",
80007ca0,slli,s6:00000000,,00031b13,,"slli	x22,x6,0x0","s6,t1,0x0",
80007ca8,sra,s7:00000000,,416b5bb3,,"sra	x23,x22,x22","s7,s6,s6",
80007cac,auipc,ra:ac9e7cac,,2c9e0097,,"auipc	x1,0x2c9e0","ra,0x2c9e0",
80007cb0,srli,t1:00000000,,01a65313,,"srli	x6,x12,0x1a","t1,a2,0x1a",
80007cb4,slti,ra:00000001,,b20ea093,,"slti	x1,x29,-1248","ra,t4,-1248",
80007cb8,sltiu,s10:00000000,,0b023d13,,"sltiu	x26,x4,176","s10,tp,176",
80007cbc,and,a7:00000000,,0015f8b3,,"and	x17,x11,x1","a7,a1,ra",
80007cc0,and,s9:00000000,,01c1fcb3,,"and	x25,x3,x28","s9,gp,t3",
80007cc4,xori,a3:00000109,,1098c693,,"xori	x13,x17,265","a3,a7,265",
80007cc8,xor,t2:00000102,,015743b3,,"xor	x7,x14,x21","t2,a4,s5",
80007ccc,slt,t1:00000000,,010e2333,,"slt	x6,x28,x16","t1,t3,a6",
80007cd0,slt,s4:00000000,,01abaa33,,"slt	x20,x23,x26","s4,s7,s10",
80007cd4,slti,s6:00000000,,0015ab13,,"slti	x22,x11,1","s6,a1,1",
80007cd8,lui,s11:32e47000,,32e47db7,,"lui	x27,0x32e47","s11,0x32e47",
80007cdc,andi,a3:00000429,,52977693,,"andi	x13,x14,1321","a3,a4,1321",
80007ce0,srl,a7:00000000,,00d058b3,,"srl	x17,x0,x13","a7,zero,a3",
80007ce4,xori,t6:fbcb471c,,2a77cf93,,"xori	x31,x15,679","t6,a5,679",
80007ce8,sll,s0:010a4000,,01c69433,,"sll	x8,x13,x28","s0,a3,t3",
80007cec,sltu,a2:00000001,,01203633,,"sltu	x12,x0,x18","a2,zero,s2",
80007cf4,sra,tp:00000000,,4118d233,,"sra	x4,x17,x17","tp,a7,a7",
80007cf8,slli,s0:00000000,,01e41413,,"slli	x8,x8,0x1e","s0,s0,0x1e",
80007cfc,xor,s6:0000c280,,00af4b33,,"xor	x22,x30,x10","s6,t5,a0",
80007d00,and,s4:00000000,,01237a33,,"and	x20,x6,x18","s4,t1,s2",
80007d04,sra,s1:00000000,,416d54b3,,"sra	x9,x26,x22","s1,s10,s6",
80007d08,sub,a2:0000000f,,41798633,,"sub	x12,x19,x23","a2,s3,s7",
80007d10,lui,a2:dc8c0000,,dc8c0637,,"lui	x12,0xdc8c0","a2,0xdc8c0",
80007d14,lui,s8:2151f000,,2151fc37,,"lui	x24,0x2151f","s8,0x2151f",
80007d18,xori,t1:7ffeb5db,,d33ec313,,"xori	x6,x29,-717","t1,t4,-717",
80007d1c,sra,a7:ffffffff,,40b858b3,,"sra	x17,x16,x11","a7,a6,a1",
80007d20,sltu,t6:00000001,,0056bfb3,,"sltu	x31,x13,x5","t6,a3,t0",
80007d24,sub,s9:00011c32,,41028cb3,,"sub	x25,x5,x16","s9,t0,a6",
80007d28,and,gp:00000001,,001771b3,,"and	x3,x14,x1","gp,a4,ra",
80007d2c,add,a1:80024f64,,01eb05b3,,"add	x11,x22,x30","a1,s6,t5",
80007d30,srli,s1:00000000,,00cd5493,,"srli	x9,x26,0xc","s1,s10,0xc",
80007d34,slt,t1:00000001,,00342333,,"slt	x6,x8,x3","t1,s0,gp",
80007d38,sll,s5:fffffffe,,003a9ab3,,"sll	x21,x21,x3","s5,s5,gp",
80007d3c,sll,ra:10a40000,,019690b3,,"sll	x1,x13,x25","ra,a3,s9",
80007d40,lui,s7:95759000,,95759bb7,,"lui	x23,0x95759","s7,0x95759",
80007d44,slti,s9:00000000,,d862ac93,,"slti	x25,x5,-634","s9,t0,-634",
80007d48,sub,gp:0434ba45,,40f001b3,,"sub	x3,x0,x15","gp,zero,a5",
80007d4c,slti,tp:00000000,,d0b72213,,"slti	x4,x14,-757","tp,a4,-757",
80007d50,srl,a4:024f6bd6,,00395733,,"srl	x14,x18,x3","a4,s2,gp",
80007d54,srli,ra:0000093d,,00e75093,,"srli	x1,x14,0xe","ra,a4,0xe",
80007d58,auipc,s4:72672d58,,f266ba17,,"auipc	x20,0xf266b","s4,0xf266b",
80007d5c,slli,s2:00002000,,00211913,,"slli	x18,x2,0x2","s2,sp,0x2",
80007d60,addi,s8:000007f3,,7f488c13,,"addi	x24,x17,2036","s8,a7,2036",
80007d64,slti,a5:00000001,,1063a793,,"slti	x15,x7,262","a5,t2,262",
80007d68,slt,sp:00000000,,007da133,,"slt	x2,x27,x7","sp,s11,t2",
80007d6c,xor,s4:00000d14,,0016ca33,,"xor	x20,x13,x1","s4,a3,ra",
80007d70,sltiu,a3:00000001,,e6353693,,"sltiu	x13,x10,-413","a3,a0,-413",
80007d74,lui,s2:626a4000,,626a4937,,"lui	x18,0x626a4","s2,0x626a4",
80007d78,xor,a1:0000093d,,0040c5b3,,"xor	x11,x1,x4","a1,ra,tp",
80007d7c,slt,t0:00000000,,00a6a2b3,,"slt	x5,x13,x10","t0,a3,a0",
80007d84,andi,t4:0000067c,,67c8fe93,,"andi	x29,x17,1660","t4,a7,1660",
80007d88,auipc,s8:c1d1dd88,,41d16c17,,"auipc	x24,0x41d16","s8,0x41d16",
80007d8c,xori,s1:3e2e27c2,,a4ac4493,,"xori	x9,x24,-1462","s1,s8,-1462",
80007d90,sltu,s10:00000000,,013f3d33,,"sltu	x26,x30,x19","s10,t5,s3",
80007d94,slt,a5:00000000,,005127b3,,"slt	x15,x2,x5","a5,sp,t0",
80007d98,and,s7:00000000,,0120fbb3,,"and	x23,x1,x18","s7,ra,s2",
80007d9c,slli,tp:00000000,,018d1213,,"slli	x4,x26,0x18","tp,s10,0x18",
80007da0,slti,t1:00000001,,0fb62313,,"slti	x6,x12,251","t1,a2,251",
80007da4,srai,a6:ffffffff,,40be5813,,"srai	x16,x28,0xb","a6,t3,0xb",
80007da8,slti,s11:00000001,,a31c2d93,,"slti	x27,x24,-1487","s11,s8,-1487",
80007dac,sltu,s11:00000000,,01693db3,,"sltu	x27,x18,x22","s11,s2,s6",
80007db0,sll,s6:093daf58,,00971b33,,"sll	x22,x14,x9","s6,a4,s1",
80007db4,andi,s7:fffff800,,820e7b93,,"andi	x23,x28,-2016","s7,t3,-2016",
80007db8,srai,s5:00f8b89f,,4064da93,,"srai	x21,x9,0x6","s5,s1,0x6",
80007dc0,slli,t3:f8000000,,019e9e13,,"slli	x28,x29,0x19","t3,t4,0x19",
80007dc4,srl,s4:00000000,,01a25a33,,"srl	x20,x4,x26","s4,tp,s10",
80007dc8,xor,s7:a3bb9d88,,012c4bb3,,"xor	x23,x24,x18","s7,s8,s2",
80007dcc,sra,a7:00000000,,418d58b3,,"sra	x17,x26,x24","a7,s10,s8",
80007dd0,slt,gp:00000000,,0116a1b3,,"slt	x3,x13,x17","gp,a3,a7",
80007dd4,ori,t3:00000233,,2336ee13,,"ori	x28,x13,563","t3,a3,563",
80007dd8,add,a6:0000093e,,00d08833,,"add	x16,x1,x13","a6,ra,a3",
80007ddc,srai,a4:0000001f,,4194d713,,"srai	x14,x9,0x19","a4,s1,0x19",
80007de0,srli,t1:00000800,,01455313,,"srli	x6,x10,0x14","t1,a0,0x14",
80007de4,sll,s6:a3bb9d88,,005b9b33,,"sll	x22,x23,x5","s6,s7,t0",
80007de8,xor,a5:1d5ddd88,,00cc47b3,,"xor	x15,x24,x12","a5,s8,a2",
80007dec,or,s8:80018ce4,,01e06c33,,"or	x24,x0,x30","s8,zero,t5",
80007df0,or,t2:0000067d,,01d6e3b3,,"or	x7,x13,x29","t2,a3,t4",
80007df4,xori,s9:000005ae,,5a19cc93,,"xori	x25,x19,1441","s9,s3,1441",
80007df8,slt,s6:00000000,,0036ab33,,"slt	x22,x13,x3","s6,a3,gp",
80007dfc,sll,tp:00000000,,009a1233,,"sll	x4,x20,x9","tp,s4,s1",
80007e00,andi,t2:00000000,,76527393,,"andi	x7,x4,1893","t2,tp,1893",
80007e04,srai,ra:00000000,,41dcd093,,"srai	x1,x25,0x1d","ra,s9,0x1d",
80007e08,slti,t1:00000000,,f4a4a313,,"slti	x6,x9,-182","t1,s1,-182",
80007e0c,sra,t0:80018ce4,,403c52b3,,"sra	x5,x24,x3","t0,s8,gp",
80007e10,srli,s1:4000c672,,0012d493,,"srli	x9,x5,0x1","s1,t0,0x1",
80007e14,slli,s8:00000000,,00611c13,,"slli	x24,x2,0x6","s8,sp,0x6",
80007e18,slt,sp:00000000,,013e2133,,"slt	x2,x28,x19","sp,t3,s3",
80007e1c,slli,s5:005ae000,,00cc9a93,,"slli	x21,x25,0xc","s5,s9,0xc",
80007e20,auipc,a7:939d4e20,,139cd897,,"auipc	x17,0x139cd","a7,0x139cd",
80007e24,sll,tp:80014e64,,01151233,,"sll	x4,x10,x17","tp,a0,a7",
80007e28,sra,a1:00000000,,4011d5b3,,"sra	x11,x3,x1","a1,gp,ra",
80007e2c,srl,s4:00000000,,003a5a33,,"srl	x20,x20,x3","s4,s4,gp",
80007e30,sub,t3:ffffffff,,41f00e33,,"sub	x28,x0,x31","t3,zero,t6",
80007e34,slt,tp:00000001,,010b2233,,"slt	x4,x22,x16","tp,s6,a6",
80007e38,sltiu,a7:00000001,,3d91b893,,"sltiu	x17,x3,985","a7,gp,985",
80007e3c,andi,t3:00000000,,2d91fe13,,"andi	x28,x3,729","t3,gp,729",
80007e40,slt,t3:00000001,,011d2e33,,"slt	x28,x26,x17","t3,s10,a7",
80007e44,sltu,a6:00000000,,01413833,,"sltu	x16,x2,x20","a6,sp,s4",
80007e48,srl,s0:00000001,,0066d433,,"srl	x8,x13,x6","s0,a3,t1",
80007e4c,auipc,s5:3f820e4c,,bf819a97,,"auipc	x21,0xbf819","s5,0xbf819",
80007e50,sltu,t3:00000000,,00283e33,,"sltu	x28,x16,x2","t3,a6,sp",
80007e54,slti,s6:00000001,,81c62b13,,"slti	x22,x12,-2020","s6,a2,-2020",
80007e58,xori,t4:626a42e3,,2e394e93,,"xori	x29,x18,739","t4,s2,739",
80007e5c,auipc,tp:a0bd6e5c,,20bcf217,,"auipc	x4,0x20bcf","tp,0x20bcf",
80007e60,srl,a1:00000000,,00cdd5b3,,"srl	x11,x27,x12","a1,s11,a2",
80007e64,auipc,t6:f7617e64,,77610f97,,"auipc	x31,0x77610","t6,0x77610",
80007e6c,addi,s8:8001887a,,b9628c13,,"addi	x24,x5,-1130","s8,t0,-1130",
80007e70,addi,a3:fffff9fe,,9fdb0693,,"addi	x13,x22,-1539","a3,s6,-1539",
80007e74,or,t0:f76b7e64,,012fe2b3,,"or	x5,x31,x18","t0,t6,s2",
80007e78,ori,a3:fffffbff,,2db6e693,,"ori	x13,x13,731","a3,a3,731",
80007e7c,ori,s2:fffffdad,,dad46913,,"ori	x18,x8,-595","s2,s0,-595",
80007e80,slli,sp:00000080,,00789113,,"slli	x2,x17,0x7","sp,a7,0x7",
80007e84,slt,ra:00000001,,0090a0b3,,"slt	x1,x1,x9","ra,ra,s1",
80007e88,srai,s2:fffffa3b,,414bd913,,"srai	x18,x23,0x14","s2,s7,0x14",
80007e90,sltiu,a6:00000001,,26edb813,,"sltiu	x16,x27,622","a6,s11,622",
80007e94,lui,t1:00c6c000,,00c6c337,,"lui	x6,0xc6c","t1,0xc6c",
80007e98,addi,a3:800146b1,,84d50693,,"addi	x13,x10,-1971","a3,a0,-1971",
80007e9c,sltu,s0:00000000,,00e53433,,"sltu	x8,x10,x14","s0,a0,a4",
80007ea0,srli,s0:00000000,,00f45413,,"srli	x8,x8,0xf","s0,s0,0xf",
80007ea4,andi,a7:00000060,,16257893,,"andi	x17,x10,354","a7,a0,354",
80007ea8,lui,s5:1b75f000,,1b75fab7,,"lui	x21,0x1b75f","s5,0x1b75f",
80007eac,ori,t2:fffffc0f,,c0f9e393,,"ori	x7,x19,-1009","t2,s3,-1009",
80007eb0,slti,a3:00000000,,eaada693,,"slti	x13,x27,-342","a3,s11,-342",
80007eb4,sll,a1:00000000,,018315b3,,"sll	x11,x6,x24","a1,t1,s8",
80007eb8,lui,tp:1756b000,,1756b237,,"lui	x4,0x1756b","tp,0x1756b",
80007ebc,sra,s7:00000000,,401a5bb3,,"sra	x23,x20,x1","s7,s4,ra",
80007ec0,xor,a7:e2a22187,,0077c8b3,,"xor	x17,x15,x7","a7,a5,t2",
80007ec4,sub,a1:0894819d,,405805b3,,"sub	x11,x16,x5","a1,a6,t0",
80007ec8,lui,t3:491bf000,,491bfe37,,"lui	x28,0x491bf","t3,0x491bf",
80007ed0,xori,t1:dc8c012b,,12b64313,,"xori	x6,x12,299","t1,a2,299",
80007ed4,andi,s7:0000000a,,26a3fb93,,"andi	x23,x7,618","s7,t2,618",
80007ed8,srai,a4:00000000,,4040d713,,"srai	x14,x1,0x4","a4,ra,0x4",
80007edc,srli,t6:000001ff,,0173df93,,"srli	x31,x7,0x17","t6,t2,0x17",
80007ee0,slli,s6:d485c600,,009e9b13,,"slli	x22,x29,0x9","s6,t4,0x9",
80007ee4,sra,t6:fffffff7,,41865fb3,,"sra	x31,x12,x24","t6,a2,s8",
80007eec,andi,t1:80014a04,,b0d57313,,"andi	x6,x10,-1267","t1,a0,-1267",
80007ef0,sltiu,s8:00000000,,a713bc13,,"sltiu	x24,x7,-1423","s8,t2,-1423",
80007ef8,slt,s5:00000001,,00202ab3,,"slt	x21,x0,x2","s5,zero,sp",
80007f00,sll,gp:00000000,,000d91b3,,"sll	x3,x27,x0","gp,s11,zero",
80007f04,xori,s11:0000046b,,46b04d93,,"xori	x27,x0,1131","s11,zero,1131",
80007f08,addi,a6:fffffdc2,,dcbf8813,,"addi	x16,x31,-565","a6,t6,-565",
80007f0c,xor,a3:f76b7e6b,,0059c6b3,,"xor	x13,x19,x5","a3,s3,t0",
80007f10,or,sp:fffffdc3,,01586133,,"or	x2,x16,x21","sp,a6,s5",
80007f14,or,s7:fffffff7,,01f56bb3,,"or	x23,x10,x31","s7,a0,t6",
80007f18,sltu,sp:00000001,,01f3b133,,"sltu	x2,x7,x31","sp,t2,t6",
80007f1c,ori,s10:ffffff6d,,b692ed13,,"ori	x26,x5,-1175","s10,t0,-1175",
80007f20,xor,s9:80014e64,,00854cb3,,"xor	x25,x10,x8","s9,a0,s0",
80007f24,or,gp:1d5ddd89,,00fae1b3,,"or	x3,x21,x15","gp,s5,a5",
80007f28,slti,a7:00000001,,3af42893,,"slti	x17,x8,943","a7,s0,943",
80007f2c,auipc,t6:85295f2c,,0528ef97,,"auipc	x31,0x528e","t6,0x528e",
80007f30,addi,s6:f76b82ff,,49b28b13,,"addi	x22,x5,1179","s6,t0,1179",
80007f34,sltu,s1:00000001,,01fab4b3,,"sltu	x9,x21,x31","s1,s5,t6",
80007f38,lui,a7:baaa3000,,baaa38b7,,"lui	x17,0xbaaa3","a7,0xbaaa3",
80007f3c,slti,s10:00000000,,51e22d13,,"slti	x26,x4,1310","s10,tp,1310",
80007f40,auipc,t1:5d39af40,,dd393317,,"auipc	x6,0xdd393","t1,0xdd393",
80007f44,auipc,s1:b65bdf44,,365b6497,,"auipc	x9,0x365b6","s1,0x365b6",
80007f48,sltu,tp:00000001,,00d13233,,"sltu	x4,x2,x13","tp,sp,a3",
80007f4c,slti,a6:00000001,,6e99a813,,"slti	x16,x19,1769","a6,s3,1769",
80007f50,sra,a2:fff75546,,40d8d633,,"sra	x12,x17,x13","a2,a7,a3",
80007f54,xori,s9:1d5dddcb,,0421cc93,,"xori	x25,x3,66","s9,gp,66",
80007f58,ori,s6:000005ff,,5bddeb13,,"ori	x22,x27,1469","s6,s11,1469",
80007f5c,slli,t3:e5800000,,015f9e13,,"slli	x28,x31,0x15","t3,t6,0x15",
80007f60,srai,a7:fffbaaa3,,40165893,,"srai	x17,x12,0x1","a7,a2,0x1",
80007f64,slt,s2:00000000,,00562933,,"slt	x18,x12,x5","s2,a2,t0",
80007f68,lui,a6:412e6000,,412e6837,,"lui	x16,0x412e6","a6,0x412e6",
80007f6c,sub,a1:bed1a000,,410d05b3,,"sub	x11,x26,x16","a1,s10,a6",
80007f70,slti,sp:00000000,,add12113,,"slti	x2,x2,-1315","sp,sp,-1315",
80007f74,slt,a2:00000001,,00172633,,"slt	x12,x14,x1","a2,a4,ra",
80007f78,ori,s8:412e6333,,33386c13,,"ori	x24,x16,819","s8,a6,819",
80007f7c,sltiu,t1:00000001,,e17a3313,,"sltiu	x6,x20,-489","t1,s4,-489",
80007f80,slli,s7:58000000,,004e1b93,,"slli	x23,x28,0x4","s7,t3,0x4",
80007f84,ori,a7:1d5ddfbd,,7341e893,,"ori	x17,x3,1844","a7,gp,1844",
80007f88,xor,a7:65814e64,,00ae48b3,,"xor	x17,x28,x10","a7,t3,a0",
80007f8c,addi,s4:e5800059,,059e0a13,,"addi	x20,x28,89","s4,t3,89",
80007f90,sub,t1:412e6000,,40b90333,,"sub	x6,x18,x11","t1,s2,a1",
80007f94,sra,gp:00000000,,411451b3,,"sra	x3,x8,x17","gp,s0,a7",
80007f98,xor,s1:fffff9f0,,007b44b3,,"xor	x9,x22,x7","s1,s6,t2",
80007f9c,addi,ra:00000027,,41838093,,"addi	x1,x7,1048","ra,t2,1048",
80007fa0,ori,a4:000006d5,,6d526713,,"ori	x14,x4,1749","a4,tp,1749",
80007fa4,sub,s7:ffffffd9,,40140bb3,,"sub	x23,x8,x1","s7,s0,ra",
80007fa8,srl,s5:00000040,,017f5ab3,,"srl	x21,x30,x23","s5,t5,s7",
80007fb0,srai,s5:fff76b7e,,4086da93,,"srai	x21,x13,0x8","s5,a3,0x8",
80007fb4,andi,a2:00000000,,40a1f613,,"andi	x12,x3,1034","a2,gp,1034",
80007fb8,slti,gp:00000000,,3d082193,,"slti	x3,x16,976","gp,a6,976",
80007fbc,sltu,s9:00000000,,00333cb3,,"sltu	x25,x6,x3","s9,t1,gp",
80007fc0,slti,s8:00000000,,42882c13,,"slti	x24,x16,1064","s8,a6,1064",
80007fc4,ori,a4:ffffffd9,,718be713,,"ori	x14,x23,1816","a4,s7,1816",
80007fc8,or,t4:f76b7e64,,01a2eeb3,,"or	x29,x5,x26","t4,t0,s10",
80007fcc,add,a5:00000000,,008c87b3,,"add	x15,x25,x8","a5,s9,s0",
80007fd0,and,tp:00000000,,0042f233,,"and	x4,x5,x4","tp,t0,tp",
80007fd4,slti,ra:00000001,,5bada093,,"slti	x1,x27,1466","ra,s11,1466",
80007fd8,add,t0:80014e64,,00a002b3,,"add	x5,x0,x10","t0,zero,a0",
80007fdc,slt,a2:00000001,,01b6a633,,"slt	x12,x13,x27","a2,a3,s11",
80007fe0,srl,a7:00000000,,01b0d8b3,,"srl	x17,x1,x27","a7,ra,s11",
80007fe8,and,a6:0000000b,,00d9f833,,"and	x16,x19,x13","a6,s3,a3",
80007ff0,sra,a1:e5800000,,41ce55b3,,"sra	x11,x28,x28","a1,t3,t3",
80007ff4,sltiu,s2:00000001,,bcee3913,,"sltiu	x18,x28,-1074","s2,t3,-1074",
80007ff8,srai,s6:00000000,,41325b13,,"srai	x22,x4,0x13","s6,tp,0x13",
80007ffc,xor,s9:00000001,,0110ccb3,,"xor	x25,x1,x17","s9,ra,a7",
80008000,and,ra:00000000,,0078f0b3,,"and	x1,x17,x7","ra,a7,t2",
80008004,srl,t2:0001ffff,,0134d3b3,,"srl	x7,x9,x19","t2,s1,s3",
80008008,sltiu,a6:00000001,,ad71b813,,"sltiu	x16,x3,-1321","a6,gp,-1321",
8000800c,sltu,a7:00000000,,0000b8b3,,"sltu	x17,x1,x0","a7,ra,zero",
80008010,srl,s6:00000000,,00e1db33,,"srl	x22,x3,x14","s6,gp,a4",
80008014,slti,a5:00000000,,9941a793,,"slti	x15,x3,-1644","a5,gp,-1644",
80008018,slt,s2:00000000,,01882933,,"slt	x18,x16,x24","s2,a6,s8",
8000801c,auipc,s7:cbad901c,,4bad1b97,,"auipc	x23,0x4bad1","s7,0x4bad1",
80008020,srai,t6:00000000,,41385f93,,"srai	x31,x16,0x13","t6,a6,0x13",
80008024,xori,s11:7ffeb3de,,dba54d93,,"xori	x27,x10,-582","s11,a0,-582",
80008028,sub,tp:00000000,,41610233,,"sub	x4,x2,x22","tp,sp,s6",
8000802c,auipc,t1:4649b02c,,c6493317,,"auipc	x6,0xc6493","t1,0xc6493",
80008030,sub,a2:80014e64,,40f28633,,"sub	x12,x5,x15","a2,t0,a5",
80008034,sra,s5:7ffeb3de,,401ddab3,,"sra	x21,x27,x1","s5,s11,ra",
80008038,xori,a6:0894812c,,f476c813,,"xori	x16,x13,-185","a6,a3,-185",
8000803c,sltu,a7:00000001,,009c38b3,,"sltu	x17,x24,x9","a7,s8,s1",
80008040,xori,s10:0000048b,,48b0cd13,,"xori	x26,x1,1163","s10,ra,1163",
80008044,addi,s11:7ffeb229,,e4ba8d93,,"addi	x27,x21,-437","s11,s5,-437",
80008048,ori,t6:fffffaad,,aac8ef93,,"ori	x31,x17,-1364","t6,a7,-1364",
8000804c,srai,a6:fffffcb0,,4135d813,,"srai	x16,x11,0x13","a6,a1,0x13",
80008050,xor,a2:46484fd3,,0063c633,,"xor	x12,x7,x6","a2,t2,t1",
80008054,or,s9:0000000f,,0130ecb3,,"or	x25,x1,x19","s9,ra,s3",
80008058,lui,t4:fc363000,,fc363eb7,,"lui	x29,0xfc363","t4,0xfc363",
8000805c,slt,s2:00000000,,001da933,,"slt	x18,x27,x1","s2,s11,ra",
80008060,addi,s6:fffffa8e,,09e48b13,,"addi	x22,x9,158","s6,s1,158",
80008064,sll,a3:b3de0000,,009a96b3,,"sll	x13,x21,x9","a3,s5,s1",
80008068,sra,t0:fffffa8e,,408b52b3,,"sra	x5,x22,x8","t0,s6,s0",
80008074,srai,t2:00000000,,4173d393,,"srai	x7,x7,0x17","t2,t2,0x17",
80008078,srli,a3:00000fc3,,014ed693,,"srli	x13,x29,0x14","a3,t4,0x14",
8000807c,srl,s6:00000000,,00a95b33,,"srl	x22,x18,x10","s6,s2,a0",
80008080,srli,s1:007ffeb3,,008ad493,,"srli	x9,x21,0x8","s1,s5,0x8",
80008084,slli,s1:9c800000,,015f1493,,"slli	x9,x30,0x15","s1,t5,0x15",
80008088,srai,t4:00000000,,4160de93,,"srai	x29,x1,0x16","t4,ra,0x16",
8000808c,and,a4:00000000,,01e8f733,,"and	x14,x17,x30","a4,a7,t5",
80008094,sltiu,a3:00000001,,8e77b693,,"sltiu	x13,x15,-1817","a3,a5,-1817",
80008098,sll,a7:0003c000,,005c98b3,,"sll	x17,x25,x5","a7,s9,t0",
8000809c,slti,s8:00000001,,0b1c2c13,,"slti	x24,x24,177","s8,s8,177",
800080a0,and,t4:00000000,,01207eb3,,"and	x29,x0,x18","t4,zero,s2",
800080a8,srl,t0:fffffa8e,,0092d2b3,,"srl	x5,x5,x9","t0,t0,s1",
800080ac,ori,t4:000002d7,,2d706e93,,"ori	x29,x0,727","t4,zero,727",
800080b0,slt,a7:00000000,,00aba8b3,,"slt	x17,x23,x10","a7,s7,a0",
800080b4,slli,s5:000003c0,,006c9a93,,"slli	x21,x25,0x6","s5,s9,0x6",
800080b8,addi,tp:e5800798,,79858213,,"addi	x4,x11,1944","tp,a1,1944",
800080bc,andi,s8:00000000,,f151fc13,,"andi	x24,x3,-235","s8,gp,-235",
800080c0,or,a3:00000001,,00d7e6b3,,"or	x13,x15,x13","a3,a5,a3",
800080c4,srli,s7:00000000,,0148db93,,"srli	x23,x17,0x14","s7,a7,0x14",
800080c8,xori,t6:00000677,,cf92cf93,,"xori	x31,x5,-775","t6,t0,-775",
800080cc,or,a4:4649b02c,,01836733,,"or	x14,x6,x24","a4,t1,s8",
800080d0,sub,ra:9c800572,,405480b3,,"sub	x1,x9,x5","ra,s1,t0",
800080d4,srai,s5:00000000,,41dcda93,,"srai	x21,x25,0x1d","s5,s9,0x1d",
800080d8,or,s9:80014e64,,00356cb3,,"or	x25,x10,x3","s9,a0,gp",
800080dc,xori,s4:000004a6,,4a6c4a13,,"xori	x20,x24,1190","s4,s8,1190",
800080e0,addi,s2:800193c7,,6e3f0913,,"addi	x18,x30,1763","s2,t5,1763",
800080e4,srl,sp:00000000,,004bd133,,"srl	x2,x23,x4","sp,s7,tp",
800080e8,srai,ra:00000000,,4103d093,,"srai	x1,x7,0x10","ra,t2,0x10",
800080ec,sll,t3:00000000,,00409e33,,"sll	x28,x1,x4","t3,ra,tp",
800080f0,auipc,tp:8ff8e0f0,,0ff86217,,"auipc	x4,0xff86","tp,0xff86",
800080f4,sra,ra:00000012,,414d50b3,,"sra	x1,x26,x20","ra,s10,s4",
800080fc,or,s5:80014e65,,0196eab3,,"or	x21,x13,x25","s5,a3,s9",
80008100,ori,tp:fffffeaf,,ca12e213,,"ori	x4,x5,-863","tp,t0,-863",
80008104,srl,s10:00000000,,01d6dd33,,"srl	x26,x13,x29","s10,a3,t4",
80008108,sltiu,ra:00000001,,f1223093,,"sltiu	x1,x4,-238","ra,tp,-238",
8000810c,sltu,s0:00000000,,00eab433,,"sltu	x8,x21,x14","s0,s5,a4",
80008110,add,t1:fffffeb0,,00120333,,"add	x6,x4,x1","t1,tp,ra",
80008114,xor,s9:fffffeb0,,00604cb3,,"xor	x25,x0,x6","s9,zero,t1",
80008118,lui,a7:b1240000,,b12408b7,,"lui	x17,0xb1240","a7,0xb1240",
8000811c,sltu,s5:00000000,,007c3ab3,,"sltu	x21,x24,x7","s5,s8,t2",
80008120,sra,s10:00000000,,41fc5d33,,"sra	x26,x24,x31","s10,s8,t6",
80008124,addi,t2:0000055a,,55ac0393,,"addi	x7,x24,1370","t2,s8,1370",
80008128,or,s9:0000000f,,0130ecb3,,"or	x25,x1,x19","s9,ra,s3",
8000812c,srli,tp:00000000,,01fdd213,,"srli	x4,x27,0x1f","tp,s11,0x1f",
80008130,slti,s6:00000001,,d2e2ab13,,"slti	x22,x5,-722","s6,t0,-722",
80008134,sltu,gp:00000001,,01d031b3,,"sltu	x3,x0,x29","gp,zero,t4",
8000813c,sra,gp:00000000,,40f7d1b3,,"sra	x3,x15,x15","gp,a5,a5",
80008140,lui,s2:093db000,,093db937,,"lui	x18,0x93db","s2,0x93db",
80008144,sltu,s1:00000000,,00f434b3,,"sltu	x9,x8,x15","s1,s0,a5",
80008148,sltu,s4:00000000,,00633a33,,"sltu	x20,x6,x6","s4,t1,t1",
8000814c,xor,t6:e5800001,,00bb4fb3,,"xor	x31,x22,x11","t6,s6,a1",
80008150,addi,s0:b1240561,,56188413,,"addi	x8,x17,1377","s0,a7,1377",
80008154,sltiu,t3:00000001,,97103e13,,"sltiu	x28,x0,-1679","t3,zero,-1679",
80008158,andi,t6:00000000,,03dd7f93,,"andi	x31,x26,61","t6,s10,61",
8000815c,ori,s2:fffffdde,,8ce3e913,,"ori	x18,x7,-1842","s2,t2,-1842",
80008160,andi,t6:46484c53,,c7767f93,,"andi	x31,x12,-905","t6,a2,-905",
80008164,lui,t6:e7a38000,,e7a38fb7,,"lui	x31,0xe7a38","t6,0xe7a38",
8000816c,xori,s10:46484d3e,,2ed64d13,,"xori	x26,x12,749","s10,a2,749",
80008170,sub,a7:46484d3e,,40fd08b3,,"sub	x17,x26,x15","a7,s10,a5",
80008174,srl,t1:00000000,,00c15333,,"srl	x6,x2,x12","t1,sp,a2",
80008178,slli,s11:018ce400,,008f1d93,,"slli	x27,x30,0x8","s11,t5,0x8",
8000817c,lui,t3:5a790000,,5a790e37,,"lui	x28,0x5a790","t3,0x5a790",
80008180,andi,t4:00000000,,1145fe93,,"andi	x29,x11,276","t4,a1,276",
80008184,add,s1:fffffcbf,,010984b3,,"add	x9,x19,x16","s1,s3,a6",
80008188,sltiu,t3:00000001,,7c20be13,,"sltiu	x28,x1,1986","t3,ra,1986",
8000818c,sra,t1:00000000,,416e5333,,"sra	x6,x28,x22","t1,t3,s6",
80008190,ori,a3:fffffeb1,,eb10e693,,"ori	x13,x1,-335","a3,ra,-335",
80008194,slli,t4:00100000,,014b1e93,,"slli	x29,x22,0x14","t4,s6,0x14",
80008198,andi,s0:00000000,,d8e1f413,,"andi	x8,x3,-626","s0,gp,-626",
8000819c,slt,s0:00000000,,014e2433,,"slt	x8,x28,x20","s0,t3,s4",
800081a0,lui,a2:68b4f000,,68b4f637,,"lui	x12,0x68b4f","a2,0x68b4f",
800081a4,add,a2:4649b586,,00770633,,"add	x12,x14,x7","a2,a4,t2",
800081a8,sltiu,a2:00000000,,1096b613,,"sltiu	x12,x13,265","a2,a3,265",
800081b0,add,s2:fffffeb2,,00db0933,,"add	x18,x22,x13","s2,s6,a3",
800081b4,slli,s1:80000000,,01b81493,,"slli	x9,x16,0x1b","s1,a6,0x1b",
800081b8,lui,t0:fcbf6000,,fcbf62b7,,"lui	x5,0xfcbf6","t0,0xfcbf6",
800081bc,addi,a1:018ce857,,457d8593,,"addi	x11,x27,1111","a1,s11,1111",
800081c0,and,gp:00000001,,013b71b3,,"and	x3,x22,x19","gp,s6,s3",
800081c4,srli,s2:00000000,,01be5913,,"srli	x18,x28,0x1b","s2,t3,0x1b",
800081c8,srai,s8:00000000,,41925c13,,"srai	x24,x4,0x19","s8,tp,0x19",
800081cc,sub,s6:b9b64fd5,,40e18b33,,"sub	x22,x3,x14","s6,gp,a4",
800081d0,sll,ra:00000000,,013e90b3,,"sll	x1,x29,x19","ra,t4,s3",
800081d4,slti,a5:00000001,,e66fa793,,"slti	x15,x31,-410","a5,t6,-410",
800081d8,slt,a7:00000001,,01c928b3,,"slt	x17,x18,x28","a7,s2,t3",
800081dc,xori,a7:4649b240,,d95b4893,,"xori	x17,x22,-619","a7,s6,-619",
800081e0,srli,s8:00000000,,019a5c13,,"srli	x24,x20,0x19","s8,s4,0x19",
800081e4,sltiu,s2:00000000,,23c3b913,,"sltiu	x18,x7,572","s2,t2,572",
800081e8,srai,a2:00000063,,412dd613,,"srai	x12,x27,0x12","a2,s11,0x12",
800081ec,or,s6:00000001,,003e6b33,,"or	x22,x28,x3","s6,t3,gp",
800081f0,slt,t1:00000000,,0053a333,,"slt	x6,x7,x5","t1,t2,t0",
800081f4,sub,a7:00000000,,401088b3,,"sub	x17,x1,x1","a7,ra,ra",
800081f8,xori,s5:fffffb3a,,b35cca93,,"xori	x21,x25,-1227","s5,s9,-1227",
800081fc,and,s9:00000000,,0083fcb3,,"and	x25,x7,x8","s9,t2,s0",
80008200,andi,s4:00000000,,6fcb7a13,,"andi	x20,x22,1788","s4,s6,1788",
80008204,or,ra:e7ebcd3e,,01afe0b3,,"or	x1,x31,x26","ra,t6,s10",
80008208,add,a3:46484d3e,,012d06b3,,"add	x13,x26,x18","a3,s10,s2",
80008210,sltu,s0:00000000,,01d83433,,"sltu	x8,x16,x29","s0,a6,t4",
80008214,sra,s5:00000000,,4155dab3,,"sra	x21,x11,x21","s5,a1,s5",
80008218,sub,t6:b9b7b2c2,,40d10fb3,,"sub	x31,x2,x13","t6,sp,a3",
8000821c,sra,s5:00000000,,41f95ab3,,"sra	x21,x18,x31","s5,s2,t6",
80008220,sltiu,t0:00000001,,b01ab293,,"sltiu	x5,x21,-1279","t0,s5,-1279",
80008224,and,a3:00000000,,002ef6b3,,"and	x13,x29,x2","a3,t4,sp",
80008228,or,s2:4649b02c,,00e8e933,,"or	x18,x17,x14","s2,a7,a4",
80008230,sltiu,s5:00000001,,d3673a93,,"sltiu	x21,x14,-714","s5,a4,-714",
80008234,or,s10:46484d3e,,01a46d33,,"or	x26,x8,x26","s10,s0,s10",
80008238,srli,s8:00000000,,00d25c13,,"srli	x24,x4,0xd","s8,tp,0xd",
8000823c,sub,t2:e7ebcd3e,,414083b3,,"sub	x7,x1,x20","t2,ra,s4",
80008240,auipc,t4:632f6240,,e32eee97,,"auipc	x29,0xe32ee","t4,0xe32ee",
80008244,sltiu,s11:00000000,,6b94bd93,,"sltiu	x27,x9,1721","s11,s1,1721",
80008248,slt,s4:00000000,,01572a33,,"slt	x20,x14,x21","s4,a4,s5",
8000824c,slli,sp:00000000,,01a69113,,"slli	x2,x13,0x1a","sp,a3,0x1a",
80008250,xori,a1:fffffad1,,ad144593,,"xori	x11,x8,-1327","a1,s0,-1327",
80008254,sll,ra:00000002,,016190b3,,"sll	x1,x3,x22","ra,gp,s6",
80008258,andi,s10:00000000,,d848fd13,,"andi	x26,x17,-636","s10,a7,-636",
8000825c,and,t6:00000000,,00727fb3,,"and	x31,x4,x7","t6,tp,t2",
80008260,and,a3:00000000,,015f76b3,,"and	x13,x30,x21","a3,t5,s5",
80008264,sltiu,a7:00000001,,3b8fb893,,"sltiu	x17,x31,952","a7,t6,952",
80008268,xori,s1:b9b64b6c,,b4074493,,"xori	x9,x14,-1216","s1,a4,-1216",
8000826c,or,t6:00000001,,0031efb3,,"or	x31,x3,x3","t6,gp,gp",
80008270,and,s0:00000000,,01baf433,,"and	x8,x21,x27","s0,s5,s11",
80008274,slt,s10:00000000,,01022d33,,"slt	x26,x4,x16","s10,tp,a6",
80008278,srl,ra:b9b64b6c,,0194d0b3,,"srl	x1,x9,x25","ra,s1,s9",
8000827c,andi,s2:00000000,,08bef913,,"andi	x18,x29,139","s2,t4,139",
80008288,srl,t2:00000000,,012053b3,,"srl	x7,x0,x18","t2,zero,s2",
8000828c,sub,t3:b9b64b5d,,41308e33,,"sub	x28,x1,x19","t3,ra,s3",
80008290,addi,a4:b9b6501a,,4ae08713,,"addi	x14,x1,1198","a4,ra,1198",
80008294,srl,s2:00000001,,014b5933,,"srl	x18,x22,x20","s2,s6,s4",
80008298,lui,t2:bb484000,,bb4843b7,,"lui	x7,0xbb484","t2,0xbb484",
8000829c,or,a5:fffffcb1,,003867b3,,"or	x15,x16,x3","a5,a6,gp",
800082a0,xori,a7:4649b5ee,,e820c893,,"xori	x17,x1,-382","a7,ra,-382",
800082a4,sltu,a4:00000000,,01bbb733,,"sltu	x14,x23,x27","a4,s7,s11",
800082a8,slli,a2:00000000,,01a21613,,"slli	x12,x4,0x1a","a2,tp,0x1a",
800082ac,srai,s8:00000000,,4101dc13,,"srai	x24,x3,0x10","s8,gp,0x10",
800082b0,addi,t3:8001897f,,c9bf0e13,,"addi	x28,x30,-869","t3,t5,-869",
800082b4,sub,t6:44b7c000,,40760fb3,,"sub	x31,x12,x7","t6,a2,t2",
800082b8,andi,t4:00000200,,6020fe93,,"andi	x29,x1,1538","t4,ra,1538",
800082bc,slt,t1:00000001,,00682333,,"slt	x6,x16,x6","t1,a6,t1",
800082c0,andi,sp:00000000,,628a7113,,"andi	x2,x20,1576","sp,s4,1576",
800082c4,slli,gp:00000000,,01321193,,"slli	x3,x4,0x13","gp,tp,0x13",
800082c8,srl,s1:00000000,,015ad4b3,,"srl	x9,x21,x21","s1,s5,s5",
800082cc,slti,s10:00000000,,b7222d13,,"slti	x26,x4,-1166","s10,tp,-1166",
800082d0,or,s9:4649b5ee,,01126cb3,,"or	x25,x4,x17","s9,tp,a7",
800082d4,srl,t2:00000001,,003953b3,,"srl	x7,x18,x3","t2,s2,gp",
800082d8,or,s6:00000000,,00216b33,,"or	x22,x2,x2","s6,sp,sp",
800082dc,srli,s9:00000000,,007b5c93,,"srli	x25,x22,0x7","s9,s6,0x7",
800082e0,srl,ra:00000000,,00c650b3,,"srl	x1,x12,x12","ra,a2,a2",
800082e4,sltu,t3:00000001,,00a63e33,,"sltu	x28,x12,x10","t3,a2,a0",
800082e8,srli,s6:00000000,,00a25b13,,"srli	x22,x4,0xa","s6,tp,0xa",
800082ec,add,t1:00000000,,017b0333,,"add	x6,x22,x23","t1,s6,s7",
800082f0,sra,s9:00000000,,40105cb3,,"sra	x25,x0,x1","s9,zero,ra",
800082f4,ori,a5:fffffeec,,eec76793,,"ori	x15,x14,-276","a5,a4,-276",
800082f8,slt,s9:00000000,,00e62cb3,,"slt	x25,x12,x14","s9,a2,a4",
800082fc,slti,s0:00000001,,41502413,,"slti	x8,x0,1045","s0,zero,1045",
80008300,auipc,t4:5bcf1300,,dbce9e97,,"auipc	x29,0xdbce9","t4,0xdbce9",
80008304,add,s6:fffffeec,,00678b33,,"add	x22,x15,x6","s6,a5,t1",
80008308,slli,a4:00000000,,01911713,,"slli	x14,x2,0x19","a4,sp,0x19",
80008310,slti,ra:00000001,,48c52093,,"slti	x1,x10,1164","ra,a0,1164",
80008314,sltiu,s11:00000001,,a7ebbd93,,"sltiu	x27,x23,-1410","s11,s7,-1410",
80008318,sll,s9:00001000,,00f39cb3,,"sll	x25,x7,x15","s9,t2,a5",
8000831c,sra,s11:00000001,,40e0ddb3,,"sra	x27,x1,x14","s11,ra,a4",
80008320,xori,s4:fffff93d,,93d1ca13,,"xori	x20,x3,-1731","s4,gp,-1731",
80008324,sll,s2:00000000,,01761933,,"sll	x18,x12,x23","s2,a2,s7",
80008328,sltiu,t0:00000001,,8e7db293,,"sltiu	x5,x27,-1817","t0,s11,-1817",
8000832c,auipc,s9:ce67432c,,4e66cc97,,"auipc	x25,0x4e66c","s9,0x4e66c",
80008334,sll,ra:00000000,,019010b3,,"sll	x1,x0,x25","ra,zero,s9",
80008338,ori,a4:00000215,,21506713,,"ori	x14,x0,533","a4,zero,533",
8000833c,sltu,s10:00000000,,00d6bd33,,"sltu	x26,x13,x13","s10,a3,a3",
80008340,ori,s6:fffffcf5,,44586b13,,"ori	x22,x16,1093","s6,a6,1093",
80008344,srli,a2:00000010,,01bf5613,,"srli	x12,x30,0x1b","a2,t5,0x1b",
80008348,srli,s5:00000000,,01cada93,,"srli	x21,x21,0x1c","s5,s5,0x1c",
8000834c,and,a5:00000000,,001af7b3,,"and	x15,x21,x1","a5,s5,ra",
80008350,srli,t4:00000000,,00d7de93,,"srli	x29,x15,0xd","t4,a5,0xd",
80008354,add,s6:00000000,,015c0b33,,"add	x22,x24,x21","s6,s8,s5",
80008358,lui,a5:c98a1000,,c98a17b7,,"lui	x15,0xc98a1","a5,0xc98a1",
8000835c,sltiu,t0:00000001,,7f3d3293,,"sltiu	x5,x26,2035","t0,s10,2035",
80008360,add,s5:80014e64,,01750ab3,,"add	x21,x10,x23","s5,a0,s7",
80008364,srai,s2:0000225b,,411fd913,,"srai	x18,x31,0x11","s2,t6,0x11",
80008368,sll,s9:00000000,,00319cb3,,"sll	x25,x3,x3","s9,gp,gp",
8000836c,or,s7:00000001,,0003ebb3,,"or	x23,x7,x0","s7,t2,zero",
80008370,sra,sp:fffffcb0,,40385133,,"sra	x2,x16,x3","sp,a6,gp",
80008374,and,a7:00000000,,009478b3,,"and	x17,x8,x9","a7,s0,s1",
80008378,sll,s5:00000000,,01921ab3,,"sll	x21,x4,x25","s5,tp,s9",
8000837c,slli,sp:00000000,,01679113,,"slli	x2,x15,0x16","sp,a5,0x16",
80008380,auipc,s10:58fdc380,,d8fd4d17,,"auipc	x26,0xd8fd4","s10,0xd8fd4",
80008384,srai,sp:00000000,,41e15113,,"srai	x2,x2,0x1e","sp,sp,0x1e",
80008388,sll,s2:00000215,,00371933,,"sll	x18,x14,x3","s2,a4,gp",
8000838c,andi,t0:00000000,,694ff293,,"andi	x5,x31,1684","t0,t6,1684",
80008390,sltiu,s1:00000001,,e6eeb493,,"sltiu	x9,x29,-402","s1,t4,-402",
80008394,xor,s10:00000000,,00634d33,,"xor	x26,x6,x6","s10,t1,t1",
80008398,srai,gp:00000000,,40ad5193,,"srai	x3,x26,0xa","gp,s10,0xa",
8000839c,sub,s8:ffffffff,,41c68c33,,"sub	x24,x13,x28","s8,a3,t3",
800083a0,sub,t3:000006c3,,41430e33,,"sub	x28,x6,x20","t3,t1,s4",
800083a4,ori,a5:00000489,,48906793,,"ori	x15,x0,1161","a5,zero,1161",
800083a8,andi,a6:00000000,,92cbf813,,"andi	x16,x23,-1748","a6,s7,-1748",
800083ac,sra,a5:00000000,,411ed7b3,,"sra	x15,x29,x17","a5,t4,a7",
800083b0,sra,tp:00000001,,41fdd233,,"sra	x4,x27,x31","tp,s11,t6",
800083b4,lui,s9:9629d000,,9629dcb7,,"lui	x25,0x9629d","s9,0x9629d",
800083b8,andi,a2:00000000,,f5a6f613,,"andi	x12,x13,-166","a2,a3,-166",
800083bc,sltu,s7:00000000,,006f3bb3,,"sltu	x23,x30,x6","s7,t5,t1",
800083c0,srl,t3:ffffffff,,002c5e33,,"srl	x28,x24,x2","t3,s8,sp",
800083c4,auipc,tp:e57073c4,,656ff217,,"auipc	x4,0x656ff","tp,0x656ff",
800083c8,sub,ra:00000000,,419c80b3,,"sub	x1,x25,x25","ra,s9,s9",
800083cc,ori,s7:000002cf,,2cf7eb93,,"ori	x23,x15,719","s7,a5,719",
800083d4,sll,tp:00000000,,018e9233,,"sll	x4,x29,x24","tp,t4,s8",
800083d8,add,ra:80015079,,012500b3,,"add	x1,x10,x18","ra,a0,s2",
800083dc,and,s10:00000000,,00657d33,,"and	x26,x10,x6","s10,a0,t1",
800083e0,ori,gp:9629d059,,059ce193,,"ori	x3,x25,89","gp,s9,89",
800083e4,sltu,s5:00000000,,0053bab3,,"sltu	x21,x7,x5","s5,t2,t0",
800083ec,sll,a3:00000000,,001f96b3,,"sll	x13,x31,x1","a3,t6,ra",
800083f0,sll,a5:00000000,,002297b3,,"sll	x15,x5,x2","a5,t0,sp",
800083f4,slt,sp:00000000,,0153a133,,"slt	x2,x7,x21","sp,t2,s5",
800083f8,xori,sp:fffff8a8,,757e4113,,"xori	x2,x28,1879","sp,t3,1879",
800083fc,srli,s8:00000000,,011b5c13,,"srli	x24,x22,0x11","s8,s6,0x11",
80008400,xor,a4:00000000,,01aec733,,"xor	x14,x29,x26","a4,t4,s10",
80008404,sub,sp:0000096d,,40290133,,"sub	x2,x18,x2","sp,s2,sp",
80008408,addi,s5:fffffd9b,,d9b00a93,,"addi	x21,x0,-613","s5,zero,-613",
8000840c,sltu,a4:00000001,,01e6b733,,"sltu	x14,x13,x30","a4,a3,t5",
80008410,slli,gp:c0000000,,01ea9193,,"slli	x3,x21,0x1e","gp,s5,0x1e",
80008414,ori,a7:000003df,,39abe893,,"ori	x17,x23,922","a7,s7,922",
80008418,sltiu,s6:00000001,,c2dfbb13,,"sltiu	x22,x31,-979","s6,t6,-979",
8000841c,or,a4:9629d001,,01976733,,"or	x14,x14,x25","a4,a4,s9",
80008424,sll,t1:00000000,,00a61333,,"sll	x6,x12,x10","t1,a2,a0",
80008428,sltiu,sp:00000000,,60313113,,"sltiu	x2,x2,1539","sp,sp,1539",
8000842c,lui,s2:f6ac6000,,f6ac6937,,"lui	x18,0xf6ac6","s2,0xf6ac6",
80008430,srl,a5:80015079,,0030d7b3,,"srl	x15,x1,x3","a5,ra,gp",
80008434,sltu,a1:00000001,,015335b3,,"sltu	x11,x6,x21","a1,t1,s5",
80008438,srli,t1:00000000,,00bd5313,,"srli	x6,x26,0xb","t1,s10,0xb",
8000843c,and,a2:00000000,,001c7633,,"and	x12,x24,x1","a2,s8,ra",
80008440,sra,s2:ffffffff,,41be5933,,"sra	x18,x28,x27","s2,t3,s11",
80008444,sll,s1:80000000,,011994b3,,"sll	x9,x19,x17","s1,s3,a7",
80008448,ori,s1:fffffce4,,ce0f6493,,"ori	x9,x30,-800","s1,t5,-800",
8000844c,slli,a2:9e800000,,017a1613,,"slli	x12,x20,0x17","a2,s4,0x17",
80008450,add,a3:9629d001,,019d86b3,,"add	x13,x27,x25","a3,s11,s9",
80008458,srai,s2:ffffffff,,412ad913,,"srai	x18,x21,0x12","s2,s5,0x12",
8000845c,srai,s0:ffffffff,,40ba5413,,"srai	x8,x20,0xb","s0,s4,0xb",
80008460,sltu,a1:00000000,,0118b5b3,,"sltu	x11,x17,x17","a1,a7,a7",
80008464,add,t1:00000000,,002c0333,,"add	x6,x24,x2","t1,s8,sp",
80008468,sra,gp:fffffe72,,40e4d1b3,,"sra	x3,x9,x14","gp,s1,a4",
8000846c,slti,t0:00000001,,444f2293,,"slti	x5,x30,1092","t0,t5,1092",
80008470,xori,s9:8001881e,,4faf4c93,,"xori	x25,x30,1274","s9,t5,1274",
80008474,sra,s4:ffffff39,,4071da33,,"sra	x20,x3,x7","s4,gp,t2",
80008478,addi,t6:9629c809,,80870f93,,"addi	x31,x14,-2040","t6,a4,-2040",
8000847c,add,t2:00000000,,01a583b3,,"add	x7,x11,x26","t2,a1,s10",
80008480,sub,t6:00000000,,41dd0fb3,,"sub	x31,x26,x29","t6,s10,t4",
80008484,and,t6:00000001,,0166ffb3,,"and	x31,x13,x22","t6,a3,s6",
8000848c,lui,gp:058e8000,,058e81b7,,"lui	x3,0x58e8","gp,0x58e8",
80008490,andi,s8:00000001,,6b19fc13,,"andi	x24,x19,1713","s8,s3,1713",
80008494,auipc,s6:905de494,,105d6b17,,"auipc	x22,0x105d6","s6,0x105d6",
80008498,or,tp:905df4fd,,0167e233,,"or	x4,x15,x22","tp,a5,s6",
8000849c,xor,a2:000002cf,,00bbc633,,"xor	x12,x23,x11","a2,s7,a1",
800084a0,and,s6:00000000,,01abfb33,,"and	x22,x23,x26","s6,s7,s10",
800084a4,add,gp:9629d2d0,,017701b3,,"add	x3,x14,x23","gp,a4,s7",
800084a8,srl,t3:fffffd9b,,00bade33,,"srl	x28,x21,x11","t3,s5,a1",
800084ac,slt,t2:00000001,,013aa3b3,,"slt	x7,x21,x19","t2,s5,s3",
800084b0,slli,s6:01000000,,018c1b13,,"slli	x22,x24,0x18","s6,s8,0x18",
800084b4,auipc,gp:0b01a4b4,,8b012197,,"auipc	x3,0x8b012","gp,0x8b012",
800084bc,sub,a3:00000000,,403186b3,,"sub	x13,x3,x3","a3,gp,gp",
800084c0,ori,t1:905df6ff,,6ea26313,,"ori	x6,x4,1770","t1,tp,1770",
800084c4,addi,s6:fffff914,,91458b13,,"addi	x22,x11,-1772","s6,a1,-1772",
800084c8,lui,a1:857a5000,,857a55b7,,"lui	x11,0x857a5","a1,0x857a5",
800084cc,and,a6:fffff914,,012b7833,,"and	x16,x22,x18","a6,s6,s2",
800084d0,xori,s9:fffff8f1,,b2e8cc93,,"xori	x25,x17,-1234","s9,a7,-1234",
800084d4,auipc,a2:c613d4d4,,46135617,,"auipc	x12,0x46135","a2,0x46135",
800084d8,sltiu,s7:00000001,,20413b93,,"sltiu	x23,x2,516","s7,sp,516",
800084dc,srai,a2:ffffffff,,41f45613,,"srai	x12,x8,0x1f","a2,s0,0x1f",
800084e4,ori,a1:ffffffff,,fc536593,,"ori	x11,x6,-59","a1,t1,-59",
800084ec,and,s6:00000001,,0113fb33,,"and	x22,x7,x17","s6,t2,a7",
800084f0,xori,t3:0000048e,,b7194e13,,"xori	x28,x18,-1167","t3,s2,-1167",
800084f4,srl,s5:00000000,,01dedab3,,"srl	x21,x29,x29","s5,t4,t4",
800084f8,srai,s0:00000001,,4098d413,,"srai	x8,x17,0x9","s0,a7,0x9",
800084fc,sltu,t6:00000000,,01a83fb3,,"sltu	x31,x16,x26","t6,a6,s10",
80008500,slli,s4:10000000,,01cd9a13,,"slli	x20,x27,0x1c","s4,s11,0x1c",
80008504,sltiu,a3:00000001,,5afd3693,,"sltiu	x13,x26,1455","a3,s10,1455",
80008508,srli,tp:00000000,,016ad213,,"srli	x4,x21,0x16","tp,s5,0x16",
80008510,add,s4:10000000,,014e8a33,,"add	x20,x29,x20","s4,t4,s4",
80008514,sltu,s6:00000000,,0078bb33,,"sltu	x22,x17,x7","s6,a7,t2",
80008518,and,t4:ffffffff,,00c5feb3,,"and	x29,x11,x12","t4,a1,a2",
8000851c,sltu,t2:00000000,,01c1b3b3,,"sltu	x7,x3,x28","t2,gp,t3",
80008520,slti,s0:00000001,,1812a413,,"slti	x8,x5,385","s0,t0,385",
80008528,addi,s9:0000052f,,52ed8c93,,"addi	x25,x27,1326","s9,s11,1326",
8000852c,ori,s11:fffffdfe,,5fa86d93,,"ori	x27,x16,1530","s11,a6,1530",
80008530,slli,t1:00000000,,00aa9313,,"slli	x6,x21,0xa","t1,s5,0xa",
80008534,or,tp:0b01a4b4,,0041e233,,"or	x4,x3,x4","tp,gp,tp",
80008538,sll,s8:00000000,,01cf9c33,,"sll	x24,x31,x28","s8,t6,t3",
8000853c,sll,a5:fffffff0,,009597b3,,"sll	x15,x11,x9","a5,a1,s1",
80008540,slt,sp:00000001,,00432133,,"slt	x2,x6,x4","sp,t1,tp",
80008544,ori,t2:fffffbdf,,bdffe393,,"ori	x7,x31,-1057","t2,t6,-1057",
8000854c,slti,s8:00000000,,85b9ac13,,"slti	x24,x19,-1957","s8,s3,-1957",
80008550,srli,a4:0000003f,,01aed713,,"srli	x14,x29,0x1a","a4,t4,0x1a",
80008554,ori,a2:fffff9b4,,8b086613,,"ori	x12,x16,-1872","a2,a6,-1872",
80008558,xori,s11:00000794,,7952cd93,,"xori	x27,x5,1941","s11,t0,1941",
8000855c,auipc,s10:3e9ac55c,,be9a4d17,,"auipc	x26,0xbe9a4","s10,0xbe9a4",
80008560,srai,ra:ffffffff,,4087d093,,"srai	x1,x15,0x8","ra,a5,0x8",
80008564,or,s1:ffffffff,,00bf64b3,,"or	x9,x30,x11","s1,t5,a1",
80008568,add,s0:3e9ac59b,,00ed0433,,"add	x8,x26,x14","s0,s10,a4",
8000856c,slti,s2:00000001,,8e4f2913,,"slti	x18,x30,-1820","s2,t5,-1820",
80008570,srl,a5:00000000,,00ead7b3,,"srl	x15,x21,x14","a5,s5,a4",
80008574,xor,a2:8b00ead0,,00354633,,"xor	x12,x10,x3","a2,a0,gp",
8000857c,ori,tp:fffffd8d,,d8dbe213,,"ori	x4,x23,-627","tp,s7,-627",
80008580,xori,s11:000007f3,,067dcd93,,"xori	x27,x27,103","s11,s11,103",
80008584,slli,t4:00400000,,01629e93,,"slli	x29,x5,0x16","t4,t0,0x16",
80008588,slti,t4:00000001,,7e6aae93,,"slti	x29,x21,2022","t4,s5,2022",
8000858c,xori,s8:fffffa55,,a55fcc13,,"xori	x24,x31,-1451","s8,t6,-1451",
80008590,auipc,t4:4f459590,,cf451e97,,"auipc	x29,0xcf451","t4,0xcf451",
80008594,srai,a2:ffffffff,,40c0d613,,"srai	x12,x1,0xc","a2,ra,0xc",
8000859c,sltiu,a6:00000000,,5ba3b813,,"sltiu	x16,x7,1466","a6,t2,1466",
800085a0,srai,s0:ffffffff,,41e3d413,,"srai	x8,x7,0x1e","s0,t2,0x1e",
800085a4,slli,t1:08000000,,01b91313,,"slli	x6,x18,0x1b","t1,s2,0x1b",
800085ac,slli,s0:3f980000,,013d9413,,"slli	x8,x27,0x13","s0,s11,0x13",
800085b0,xor,sp:fffffa5a,,013c4133,,"xor	x2,x24,x19","sp,s8,s3",
800085b4,addi,s0:0b019fb9,,b0518413,,"addi	x8,x3,-1275","s0,gp,-1275",
800085b8,andi,s4:4f459510,,d3fefa13,,"andi	x20,x29,-705","s4,t4,-705",
800085bc,xor,a2:f7fffa5a,,00614633,,"xor	x12,x2,x6","a2,sp,t1",
800085c0,slt,a4:00000001,,01c2a733,,"slt	x14,x5,x28","a4,t0,t3",
800085c4,srl,s10:fffffa5a,,00015d33,,"srl	x26,x2,x0","s10,sp,zero",
800085c8,sub,t4:7ffe731d,,41e28eb3,,"sub	x29,x5,x30","t4,t0,t5",
800085cc,srai,s0:000001ff,,416ed413,,"srai	x8,x29,0x16","s0,t4,0x16",
800085d0,sltiu,s4:00000000,,55fc3a13,,"sltiu	x20,x24,1375","s4,s8,1375",
800085d4,slti,t6:00000000,,bf092f93,,"slti	x31,x18,-1040","t6,s2,-1040",
800085d8,srai,t3:00000000,,416e5e13,,"srai	x28,x28,0x16","t3,t3,0x16",
800085dc,srai,s6:fffffdef,,4013db13,,"srai	x22,x7,0x1","s6,t2,0x1",
800085e0,sub,a2:f7fffa59,,40e60633,,"sub	x12,x12,x14","a2,a2,a4",
800085e4,slli,a4:00000000,,01e31713,,"slli	x14,x6,0x1e","a4,t1,0x1e",
800085e8,andi,t6:000004ac,,6bcb7f93,,"andi	x31,x22,1724","t6,s6,1724",
800085ec,slti,gp:00000000,,2ccca193,,"slti	x3,x25,716","gp,s9,716",
800085f0,sltu,s1:00000001,,0127b4b3,,"sltu	x9,x15,x18","s1,a5,s2",
800085f4,or,s8:ffffffff,,00e5ec33,,"or	x24,x11,x14","s8,a1,a4",
800085f8,and,s10:00000000,,006dfd33,,"and	x26,x27,x6","s10,s11,t1",
800085fc,lui,t0:ec898000,,ec8982b7,,"lui	x5,0xec898","t0,0xec898",
80008600,add,t2:00000001,,017d03b3,,"add	x7,x26,x23","t2,s10,s7",
80008604,slt,t6:00000001,,006a2fb3,,"slt	x31,x20,x6","t6,s4,t1",
80008608,xori,a2:80018b66,,87bec613,,"xori	x12,x29,-1925","a2,t4,-1925",
8000860c,sra,a6:00000297,,407cd833,,"sra	x16,x25,x7","a6,s9,t2",
80008610,andi,a2:fffffcae,,eaeb7613,,"andi	x12,x22,-338","a2,s6,-338",
80008614,xori,t1:000001f0,,c7d24313,,"xori	x6,x4,-899","t1,tp,-899",
80008618,ori,a2:fffffe9f,,e9e9e613,,"ori	x12,x19,-354","a2,s3,-354",
8000861c,xor,t1:000001ff,,00874333,,"xor	x6,x14,x8","t1,a4,s0",
80008620,or,sp:fffffe9f,,00766133,,"or	x2,x12,x7","sp,a2,t2",
80008624,slti,a4:00000001,,36192713,,"slti	x14,x18,865","a4,s2,865",
80008628,sub,t2:fffffca0,,408103b3,,"sub	x7,x2,x8","t2,sp,s0",
8000862c,slt,s10:00000001,,0130ad33,,"slt	x26,x1,x19","s10,ra,s3",
80008630,add,t4:00000001,,00ff8eb3,,"add	x29,x31,x15","t4,t6,a5",
80008634,slt,a2:00000000,,019ca633,,"slt	x12,x25,x25","a2,s9,s9",
80008638,addi,s8:ffffffb7,,fb858c13,,"addi	x24,x11,-72","s8,a1,-72",
8000863c,ori,s0:fffff9df,,9de9e413,,"ori	x8,x19,-1570","s0,s3,-1570",
80008640,lui,a2:283d4000,,283d4637,,"lui	x12,0x283d4","a2,0x283d4",
80008644,andi,s2:fffffd48,,d480f913,,"andi	x18,x1,-696","s2,ra,-696",
80008648,slt,tp:00000001,,01c42233,,"slt	x4,x8,x28","tp,s0,t3",
8000864c,xori,s11:000000da,,0dbd4d93,,"xori	x27,x26,219","s11,s10,219",
80008650,ori,s8:0000069f,,49986c13,,"ori	x24,x16,1177","s8,a6,1177",
80008658,slti,ra:00000001,,5c0aa093,,"slti	x1,x21,1472","ra,s5,1472",
8000865c,srai,t3:ffffffff,,41695e13,,"srai	x28,x18,0x16","t3,s2,0x16",
80008660,xori,a4:fffffcb8,,1f094713,,"xori	x14,x18,496","a4,s2,496",
80008664,lui,t4:b0d82000,,b0d82eb7,,"lui	x29,0xb0d82","t4,0xb0d82",
80008668,ori,a2:fffff833,,8324e613,,"ori	x12,x9,-1998","a2,s1,-1998",
8000866c,sll,s2:80000000,,01849933,,"sll	x18,x9,x24","s2,s1,s8",
80008670,xori,t6:fffff913,,91224f93,,"xori	x31,x4,-1774","t6,tp,-1774",
80008674,andi,t4:00000000,,e5f1fe93,,"andi	x29,x3,-417","t4,gp,-417",
80008678,srl,s1:00000000,,015ed4b3,,"srl	x9,x29,x21","s1,t4,s5",
8000867c,srl,t0:00000000,,018052b3,,"srl	x5,x0,x24","t0,zero,s8",
80008680,add,s6:00000000,,015e8b33,,"add	x22,x29,x21","s6,t4,s5",
80008684,slti,a6:00000001,,2e502813,,"slti	x16,x0,741","a6,zero,741",
80008688,sll,s8:00000002,,01781c33,,"sll	x24,x16,x23","s8,a6,s7",
8000868c,andi,a5:80000000,,bbc97793,,"andi	x15,x18,-1092","a5,s2,-1092",
80008694,srli,s11:00000000,,0188dd93,,"srli	x27,x17,0x18","s11,a7,0x18",
80008698,ori,a7:0000066f,,6679e893,,"ori	x17,x19,1639","a7,s3,1639",
8000869c,sra,a1:ffffffff,,4135d5b3,,"sra	x11,x11,x19","a1,a1,s3",
800086a0,sltu,t6:00000001,,01c63fb3,,"sltu	x31,x12,x28","t6,a2,t3",
800086a4,sub,tp:ffffffff,,417e8233,,"sub	x4,x29,x23","tp,t4,s7",
800086a8,addi,t2:0000024a,,24ab0393,,"addi	x7,x22,586","t2,s6,586",
800086ac,andi,s4:00000001,,ab30fa13,,"andi	x20,x1,-1357","s4,ra,-1357",
800086b4,sltiu,a1:00000001,,2944b593,,"sltiu	x11,x9,660","a1,s1,660",
800086b8,sll,t3:ffff8000,,01921e33,,"sll	x28,x4,x25","t3,tp,s9",
800086bc,sll,ra:00000002,,010590b3,,"sll	x1,x11,x16","ra,a1,a6",
800086c0,srai,tp:ffc000a7,,40955213,,"srai	x4,x10,0x9","tp,a0,0x9",
800086c4,add,a6:000001ff,,00600833,,"add	x16,x0,x6","a6,zero,t1",
800086c8,sll,s11:fc198000,,01361db3,,"sll	x27,x12,x19","s11,a2,s3",
800086cc,sub,s6:fffffe02,,406d0b33,,"sub	x22,x26,x6","s6,s10,t1",
800086d0,slt,a2:00000001,,00e62633,,"slt	x12,x12,x14","a2,a2,a4",
800086d4,sll,s5:ffff9df0,,01e41ab3,,"sll	x21,x8,x30","s5,s0,t5",
800086dc,srai,t1:00000000,,40b85313,,"srai	x6,x16,0xb","t1,a6,0xb",
800086e0,sub,ra:7ffffad1,,419900b3,,"sub	x1,x18,x25","ra,s2,s9",
800086e4,sub,s4:fffff992,,411f8a33,,"sub	x20,x31,x17","s4,t6,a7",
800086e8,slli,a1:38000000,,01b21593,,"slli	x11,x4,0x1b","a1,tp,0x1b",
800086ec,or,s8:80018ce6,,01ec6c33,,"or	x24,x24,x30","s8,s8,t5",
800086f0,ori,s0:fffff8ef,,8ee26413,,"ori	x8,x4,-1810","s0,tp,-1810",
800086f4,add,a5:00000000,,006007b3,,"add	x15,x0,x6","a5,zero,t1",
800086f8,ori,a7:fffffdba,,db276893,,"ori	x17,x14,-590","a7,a4,-590",
800086fc,lui,t0:9d675000,,9d6752b7,,"lui	x5,0x9d675","t0,0x9d675",
80008700,sltiu,sp:00000001,,fef43113,,"sltiu	x2,x8,-17","sp,s0,-17",
80008708,ori,s2:fffffe61,,e606e913,,"ori	x18,x13,-416","s2,a3,-416",
8000870c,and,t6:00000000,,01de7fb3,,"and	x31,x28,x29","t6,t3,t4",
80008710,add,s6:ffff9df1,,01510b33,,"add	x22,x2,x21","s6,sp,s5",
80008714,slli,s2:ffffd688,,00309913,,"slli	x18,x1,0x3","s2,ra,0x3",
80008718,ori,s6:fffffde6,,944c6b13,,"ori	x22,x24,-1724","s6,s8,-1724",
8000871c,sra,s2:fffffdba,,41b8d933,,"sra	x18,x17,x27","s2,a7,s11",
80008720,or,s6:ffc005af,,004ceb33,,"or	x22,x25,x4","s6,s9,tp",
80008724,xor,tp:0000000e,,0179c233,,"xor	x4,x19,x23","tp,s3,s7",
80008728,slti,t4:00000000,,3390ae93,,"slti	x29,x1,825","t4,ra,825",
8000872c,add,gp:ffff9baa,,011a81b3,,"add	x3,x21,x17","gp,s5,a7",
80008730,ori,a7:00000024,,0244e893,,"ori	x17,x9,36","a7,s1,36",
80008734,slt,a2:00000000,,005ea633,,"slt	x12,x29,x5","a2,t4,t0",
80008738,ori,s8:80018ee4,,2a0f6c13,,"ori	x24,x30,672","s8,t5,672",
8000873c,xori,a5:ffff81e3,,1e3e4793,,"xori	x15,x28,483","a5,t3,483",
80008740,sub,s7:00000000,,417b8bb3,,"sub	x23,x23,x23","s7,s7,s7",
80008744,xori,t3:0000601a,,bb01ce13,,"xori	x28,x3,-1104","t3,gp,-1104",
80008748,ori,a2:7ffffedb,,44a0e613,,"ori	x12,x1,1098","a2,ra,1098",
8000874c,ori,s8:fffffd0b,,d0bdec13,,"ori	x24,x27,-757","s8,s11,-757",
80008750,xor,s2:ffc007e5,,0163c933,,"xor	x18,x7,x22","s2,t2,s6",
80008754,sub,t1:7ffffad1,,41f08333,,"sub	x6,x1,x31","t1,ra,t6",
80008758,ori,t2:fffff96a,,96a4e393,,"ori	x7,x9,-1686","t2,s1,-1686",
8000875c,xor,sp:ffff9ca2,,01c74133,,"xor	x2,x14,x28","sp,a4,t3",
80008760,slli,s4:00c67200,,007f1a13,,"slli	x20,x30,0x7","s4,t5,0x7",
80008764,xori,s5:fffffb74,,b7b9ca93,,"xori	x21,x19,-1157","s5,s3,-1157",
80008768,sll,a4:00000000,,01021733,,"sll	x14,x4,x16","a4,tp,a6",
8000876c,addi,a1:fffffce4,,ce4f8593,,"addi	x11,x31,-796","a1,t6,-796",
80008770,sltiu,t2:00000001,,f291b393,,"sltiu	x7,x3,-215","t2,gp,-215",
80008774,xori,sp:fffffa2b,,bd484113,,"xori	x2,x16,-1068","sp,a6,-1068",
8000877c,or,s9:ffc005af,,016fecb3,,"or	x25,x31,x22","s9,t6,s6",
80008780,sra,sp:ffff81e3,,4147d133,,"sra	x2,x15,x20","sp,a5,s4",
80008788,sltiu,s6:00000001,,eb213b13,,"sltiu	x22,x2,-334","s6,sp,-334",
8000878c,sll,a5:00000010,,011697b3,,"sll	x15,x13,x17","a5,a3,a7",
80008790,slli,s4:20000000,,01b59a13,,"slli	x20,x11,0x1b","s4,a1,0x1b",
80008794,ori,s4:fffffeef,,a0bf6a13,,"ori	x20,x30,-1525","s4,t5,-1525",
80008798,srl,t3:00000000,,0164de33,,"srl	x28,x9,x22","t3,s1,s6",
8000879c,addi,t0:80019163,,47ff0293,,"addi	x5,x30,1151","t0,t5,1151",
800087a0,slli,t1:f6d80000,,01361313,,"slli	x6,x12,0x13","t1,a2,0x13",
800087a4,sltiu,t1:00000001,,b5253313,,"sltiu	x6,x10,-1198","t1,a0,-1198",
800087a8,xori,t2:fffffffa,,ffb34393,,"xori	x7,x6,-5","t2,t1,-5",
800087ac,or,t1:00000001,,009d6333,,"or	x6,x26,x9","t1,s10,s1",
800087b0,andi,tp:00000044,,44caf213,,"andi	x4,x21,1100","tp,s5,1100",
800087b4,sltiu,tp:00000001,,a0dcb213,,"sltiu	x4,x25,-1523","tp,s9,-1523",
800087b8,sll,s8:f8ef0000,,00f41c33,,"sll	x24,x8,x15","s8,s0,a5",
800087bc,addi,sp:fffff835,,f4640113,,"addi	x2,x8,-186","sp,s0,-186",
800087c0,sll,t1:19c80000,,001f1333,,"sll	x6,x30,x1","t1,t5,ra",
800087c4,auipc,t2:4e59c7c4,,ce594397,,"auipc	x7,0xce594","t2,0xce594",
800087cc,slt,a2:00000000,,00a22633,,"slt	x12,x4,x10","a2,tp,a0",
800087d0,srli,a3:08001916,,0042d693,,"srli	x13,x5,0x4","a3,t0,0x4",
800087d8,sltu,a7:00000001,,019bb8b3,,"sltu	x17,x23,x25","a7,s7,s9",
800087dc,slt,s7:00000001,,00c2abb3,,"slt	x23,x5,x12","s7,t0,a2",
800087e0,sll,s0:00008000,,01989433,,"sll	x8,x17,x25","s0,a7,s9",
800087e4,lui,t2:75b74000,,75b743b7,,"lui	x7,0x75b74","t2,0x75b74",
800087e8,sub,a6:ffffffff,,40460833,,"sub	x16,x12,x4","a6,a2,tp",
800087ec,xori,s9:8001973a,,6592cc93,,"xori	x25,x5,1625","s9,t0,1625",
800087f0,xori,s10:80000599,,f480cd13,,"xori	x26,x1,-184","s10,ra,-184",
800087f4,sltiu,a6:00000001,,ac793813,,"sltiu	x16,x18,-1337","a6,s2,-1337",
800087f8,ori,a4:800005dd,,1dcd6713,,"ori	x14,x26,476","a4,s10,476",
800087fc,xor,s5:f5b6d163,,0053cab3,,"xor	x21,x7,x5","s5,t2,t0",
80008800,lui,tp:da308000,,da308237,,"lui	x4,0xda308","tp,0xda308",
80008804,or,s4:00000001,,01f8ea33,,"or	x20,x17,x31","s4,a7,t6",
80008808,srl,a7:00000007,,00e958b3,,"srl	x17,x18,x14","a7,s2,a4",
80008810,sltu,s6:00000001,,00863b33,,"sltu	x22,x12,x8","s6,a2,s0",
80008814,sll,s0:fc198000,,00cd9433,,"sll	x8,x27,x12","s0,s11,a2",
80008818,xor,t4:fffffce4,,01c5ceb3,,"xor	x29,x11,x28","t4,a1,t3",
8000881c,lui,t3:a7376000,,a7376e37,,"lui	x28,0xa7376","t3,0xa7376",
80008820,or,a6:7ffffad1,,001a6833,,"or	x16,x20,x1","a6,s4,ra",
80008824,sltu,t6:00000001,,01b6bfb3,,"sltu	x31,x13,x27","t6,a3,s11",
80008828,sltiu,a7:00000001,,388fb893,,"sltiu	x17,x31,904","a7,t6,904",
8000882c,sub,a7:7c197a67,,41a408b3,,"sub	x17,x8,x26","a7,s0,s10",
80008830,addi,sp:75b73cfb,,cfb38113,,"addi	x2,x7,-773","sp,t2,-773",
80008834,slti,s0:00000001,,10302413,,"slti	x8,x0,259","s0,zero,259",
80008838,sll,t3:fffffce4,,009e9e33,,"sll	x28,x29,x9","t3,t4,s1",
8000883c,lui,s11:7925f000,,7925fdb7,,"lui	x27,0x7925f","s11,0x7925f",
80008840,lui,a6:6dbe0000,,6dbe0837,,"lui	x16,0x6dbe0","a6,0x6dbe0",
80008844,sra,t1:ffc007e5,,40495333,,"sra	x6,x18,x4","t1,s2,tp",
80008848,lui,s0:981f2000,,981f2437,,"lui	x8,0x981f2","s0,0x981f2",
8000884c,add,s1:f1d0ba67,,011384b3,,"add	x9,x7,x17","s1,t2,a7",
80008850,slli,s11:97c00000,,00ad9d93,,"slli	x27,x27,0xa","s11,s11,0xa",
80008854,slli,s1:f1de0000,,001c1493,,"slli	x9,x24,0x1","s1,s8,0x1",
80008858,sra,a1:80000599,,418d55b3,,"sra	x11,x26,x24","a1,s10,s8",
8000885c,and,s10:00000001,,01f0fd33,,"and	x26,x1,x31","s10,ra,t6",
80008864,sll,tp:5b6d1630,,01da9233,,"sll	x4,x21,x29","tp,s5,t4",
80008868,sltiu,a7:00000001,,8d593893,,"sltiu	x17,x18,-1835","a7,s2,-1835",
8000886c,slti,s11:00000001,,52532d93,,"slti	x27,x6,1317","s11,t1,1317",
80008870,lui,a7:747ea000,,747ea8b7,,"lui	x17,0x747ea","a7,0x747ea",
80008874,lui,a6:0672c000,,0672c837,,"lui	x16,0x672c","a6,0x672c",
80008878,sltiu,s7:00000001,,8df9bb93,,"sltiu	x23,x19,-1825","s7,s3,-1825",
8000887c,xori,s7:a492e8a8,,e9824b93,,"xori	x23,x4,-360","s7,tp,-360",
80008880,lui,s9:0ef38000,,0ef38cb7,,"lui	x25,0xef38","s9,0xef38",
80008884,lui,s9:9b63e000,,9b63ecb7,,"lui	x25,0x9b63e","s9,0x9b63e",
80008888,and,sp:00000000,,00767133,,"and	x2,x12,x7","sp,a2,t2",
8000888c,slti,a6:00000000,,a0912813,,"slti	x16,x2,-1527","a6,sp,-1527",
80008890,srl,s6:0000ffff,,00f1db33,,"srl	x22,x3,x15","s6,gp,a5",
80008894,srl,ra:80018ce4,,002f50b3,,"srl	x1,x30,x2","ra,t5,sp",
80008898,add,s8:00000000,,01010c33,,"add	x24,x2,x16","s8,sp,a6",
800088a0,srli,s10:00000000,,0077dd13,,"srli	x26,x15,0x7","s10,a5,0x7",
800088a4,xori,a5:5b6d1636,,e9ebc793,,"xori	x15,x23,-354","a5,s7,-354",
800088a8,sll,a3:981f2000,,01a416b3,,"sll	x13,x8,x26","a3,s0,s10",
800088ac,srai,tp:fffffffd,,41aad213,,"srai	x4,x21,0x1a","tp,s5,0x1a",
800088b0,and,s11:80000664,,00a97db3,,"and	x27,x18,x10","s11,s2,a0",
800088b4,sltu,s8:00000000,,01863c33,,"sltu	x24,x12,x24","s8,a2,s8",
800088b8,auipc,a4:705f48b8,,f05ec717,,"auipc	x14,0xf05ec","a4,0xf05ec",
800088bc,srai,a2:fffff000,,41355613,,"srai	x12,x10,0x13","a2,a0,0x13",
800088c0,andi,sp:00000000,,4ebc7113,,"andi	x2,x24,1259","sp,s8,1259",
800088c4,xor,s8:69c12000,,0084cc33,,"xor	x24,x9,x8","s8,s1,s0",
800088cc,sll,s2:f1de0000,,01949933,,"sll	x18,x9,x25","s2,s1,s9",
800088d0,xor,t4:00000319,,004e4eb3,,"xor	x29,x28,x4","t4,t3,tp",
800088d4,slti,a2:00000001,,4f71a613,,"slti	x12,x3,1271","a2,gp,1271",
800088d8,xor,tp:2b325e8e,,00f74233,,"xor	x4,x14,x15","tp,a4,a5",
800088dc,xor,a2:a4921757,,016bc633,,"xor	x12,x23,x22","a2,s7,s6",
800088e0,auipc,a7:b46038e0,,345fb897,,"auipc	x17,0x345fb","a7,0x345fb",
800088e4,srli,s5:0003c778,,00e95a93,,"srli	x21,x18,0xe","s5,s2,0xe",
800088e8,sltu,t3:00000000,,00003e33,,"sltu	x28,x0,x0","t3,zero,zero",
800088ec,lui,t6:8ca48000,,8ca48fb7,,"lui	x31,0x8ca48","t6,0x8ca48",
800088f0,srli,s10:00000000,,00915d13,,"srli	x26,x2,0x9","s10,sp,0x9",
800088f4,sltu,s9:00000000,,010cbcb3,,"sltu	x25,x25,x16","s9,s9,a6",
800088f8,sub,a3:963ee001,,418a06b3,,"sub	x13,x20,x24","a3,s4,s8",
800088fc,sll,ra:80000664,,01fd90b3,,"sll	x1,x27,x31","ra,s11,t6",
80008900,sltu,s2:00000000,,002e3933,,"sltu	x18,x28,x2","s2,t3,sp",
80008904,sub,s1:e9bfd19c,,40ac04b3,,"sub	x9,x24,x10","s1,s8,a0",
80008908,lui,t3:1b594000,,1b594e37,,"lui	x28,0x1b594","t3,0x1b594",
8000890c,srai,a5:00000000,,415ed793,,"srai	x15,x29,0x15","a5,t4,0x15",
80008910,ori,a5:fffffffd,,f55be793,,"ori	x15,x23,-171","a5,s7,-171",
80008914,sra,s0:fffffff4,,40b4d433,,"sra	x8,x9,x11","s0,s1,a1",
80008918,lui,gp:206f8000,,206f81b7,,"lui	x3,0x206f8","gp,0x206f8",
8000891c,xori,a1:0000046d,,4629c593,,"xori	x11,x19,1122","a1,s3,1122",
80008920,sub,s6:fffe7980,,41e08b33,,"sub	x22,x1,x30","s6,ra,t5",
80008924,and,a1:00000000,,01d975b3,,"and	x11,x18,x29","a1,s2,t4",
80008928,sra,s10:fc652400,,406fdd33,,"sra	x26,x31,x6","s10,t6,t1",
8000892c,slt,ra:00000000,,010720b3,,"slt	x1,x14,x16","ra,a4,a6",
80008930,srli,t1:00000007,,0019d313,,"srli	x6,x19,0x1","t1,s3,0x1",
80008934,srl,s10:00000000,,01485d33,,"srl	x26,x16,x20","s10,a6,s4",
80008938,andi,s5:00000204,,20fdfa93,,"andi	x21,x27,527","s5,s11,527",
8000893c,sub,s5:f5b7399c,,41b38ab3,,"sub	x21,x7,x27","s5,t2,s11",
80008944,sll,gp:e0000000,,00f991b3,,"sll	x3,x19,x15","gp,s3,a5",
80008948,or,a3:00000000,,019966b3,,"or	x13,x18,x25","a3,s2,s9",
8000894c,and,s7:fffffff4,,00f47bb3,,"and	x23,x8,x15","s7,s0,a5",
80008950,lui,a2:b9b67000,,b9b67637,,"lui	x12,0xb9b67","a2,0xb9b67",
80008954,slli,s6:00000000,,00e91b13,,"slli	x22,x18,0xe","s6,s2,0xe",
80008958,addi,s2:8001543a,,5d650913,,"addi	x18,x10,1494","s2,a0,1494",
8000895c,or,a5:e0000000,,0036e7b3,,"or	x15,x13,x3","a5,a3,gp",
80008960,sra,a3:ffffffff,,408456b3,,"sra	x13,x8,x8","a3,s0,s0",
80008964,xori,s5:fffffb0e,,b0934a93,,"xori	x21,x6,-1271","s5,t1,-1271",
80008968,add,s4:34603f44,,011d8a33,,"add	x20,x27,x17","s4,s11,a7",
8000896c,lui,tp:0cebd000,,0cebd237,,"lui	x4,0xcebd","tp,0xcebd",
80008970,sra,s6:b46038e0,,4048db33,,"sra	x22,x17,x4","s6,a7,tp",
80008974,sra,t6:1b594000,,41ce5fb3,,"sra	x31,x28,x28","t6,t3,t3",
80008978,or,s8:1b594000,,00be6c33,,"or	x24,x28,x11","s8,t3,a1",
8000897c,xori,a4:00000528,,adc44713,,"xori	x14,x8,-1316","a4,s0,-1316",
80008980,or,a7:fffffffc,,0174e8b3,,"or	x17,x9,x23","a7,s1,s7",
80008984,srl,s11:00000000,,01fcddb3,,"srl	x27,x25,x31","s11,s9,t6",
80008988,andi,a5:00000000,,609df793,,"andi	x15,x27,1545","a5,s11,1545",
80008990,srli,s2:00000000,,0085d913,,"srli	x18,x11,0x8","s2,a1,0x8",
80008994,sub,t0:8a48bffc,,407882b3,,"sub	x5,x17,x7","t0,a7,t2",
80008998,slti,s8:00000001,,6bf1ac13,,"slti	x24,x3,1727","s8,gp,1727",
8000899c,andi,t3:00000180,,182bfe13,,"andi	x28,x23,386","t3,s7,386",
800089a0,lui,s0:64f9f000,,64f9f437,,"lui	x8,0x64f9f","s0,0x64f9f",
800089a4,srl,s9:0000005a,,01db5cb3,,"srl	x25,x22,x29","s9,s6,t4",
800089a8,sltiu,ra:00000000,,222ab093,,"sltiu	x1,x21,546","ra,s5,546",
800089ac,sra,s7:00000000,,40975bb3,,"sra	x23,x14,x9","s7,a4,s1",
800089b0,srai,s10:00000000,,41e85d13,,"srai	x26,x16,0x1e","s10,a6,0x1e",
800089b4,slti,t4:00000000,,84deae93,,"slti	x29,x29,-1971","t4,t4,-1971",
800089b8,and,s11:00000000,,00f27db3,,"and	x27,x4,x15","s11,tp,a5",
800089bc,auipc,s8:6512e9bc,,e5126c17,,"auipc	x24,0xe5126","s8,0xe5126",
800089c0,and,t1:04e9d000,,00827333,,"and	x6,x4,x8","t1,tp,s0",
800089c4,srli,s4:00000000,,00095a13,,"srli	x20,x18,0x0","s4,s2,0x0",
800089c8,srai,s2:00000000,,40b5d913,,"srai	x18,x11,0xb","s2,a1,0xb",
800089cc,srai,s7:00000000,,4135db93,,"srai	x23,x11,0x13","s7,a1,0x13",
800089d0,srai,s9:00000000,,4175dc93,,"srai	x25,x11,0x17","s9,a1,0x17",
800089d4,xori,s4:b4603b8b,,36bb4a13,,"xori	x20,x22,875","s4,s6,875",
800089d8,srli,s7:00000000,,00c85b93,,"srli	x23,x16,0xc","s7,a6,0xc",
800089dc,sltu,a4:00000001,,01ed3733,,"sltu	x14,x26,x30","a4,s10,t5",
800089e0,and,s9:00000000,,019bfcb3,,"and	x25,x23,x25","s9,s7,s9",
800089e4,auipc,a2:d69839e4,,5697b617,,"auipc	x12,0x5697b","a2,0x5697b",
800089e8,sra,t1:00000000,,41415333,,"sra	x6,x2,x20","t1,sp,s4",
800089ec,sltiu,a3:00000001,,4dc9b693,,"sltiu	x13,x19,1244","a3,s3,1244",
800089f0,srai,a1:00000000,,41675593,,"srai	x11,x14,0x16","a1,a4,0x16",
800089f4,srl,s11:fffffffc,,0088ddb3,,"srl	x27,x17,x8","s11,a7,s0",
800089f8,lui,t3:9ce48000,,9ce48e37,,"lui	x28,0x9ce48","t3,0x9ce48",
800089fc,sll,s6:b0000000,,009a1b33,,"sll	x22,x20,x9","s6,s4,s1",
80008a00,lui,ra:e46b6000,,e46b60b7,,"lui	x1,0xe46b6","ra,0xe46b6",
80008a04,xori,t4:000005d7,,5d66ce93,,"xori	x29,x13,1494","t4,a3,1494",
80008a08,sltiu,s5:00000001,,c5c83a93,,"sltiu	x21,x16,-932","s5,a6,-932",
80008a0c,xor,a3:6512e9bc,,012c46b3,,"xor	x13,x24,x18","a3,s8,s2",
80008a10,sra,a3:d69839e4,,408656b3,,"sra	x13,x12,x8","a3,a2,s0",
80008a14,lui,t1:0c62a000,,0c62a337,,"lui	x6,0xc62a","t1,0xc62a",
80008a18,sra,s6:9ce48000,,41fe5b33,,"sra	x22,x28,x31","s6,t3,t6",
80008a1c,slti,s6:00000000,,c99fab13,,"slti	x22,x31,-871","s6,t6,-871",
80008a20,sltu,a4:00000000,,014a3733,,"sltu	x14,x20,x20","a4,s4,s4",
80008a24,add,sp:0000000f,,01298133,,"add	x2,x19,x18","sp,s3,s2",
80008a28,auipc,t0:26a1da28,,a6a15297,,"auipc	x5,0xa6a15","t0,0xa6a15",
80008a34,xor,ra:80014e64,,00a940b3,,"xor	x1,x18,x10","ra,s2,a0",
80008a38,srli,s5:00000001,,01ec5a93,,"srli	x21,x24,0x1e","s5,s8,0x1e",
80008a3c,sltiu,t1:00000000,,0a643313,,"sltiu	x6,x8,166","t1,s0,166",
80008a40,slt,s8:00000000,,01efac33,,"slt	x24,x31,x30","s8,t6,t5",
80008a44,sra,tp:00000000,,4135d233,,"sra	x4,x11,x19","tp,a1,s3",
80008a48,lui,a7:fae77000,,fae778b7,,"lui	x17,0xfae77","a7,0xfae77",
80008a4c,ori,a3:d6983fee,,74e66693,,"ori	x13,x12,1870","a3,a2,1870",
80008a50,slli,a5:00000000,,018f9793,,"slli	x15,x31,0x18","a5,t6,0x18",
80008a54,xori,a2:fffffa81,,a8194613,,"xori	x12,x18,-1407","a2,s2,-1407",
80008a58,ori,s6:fae77622,,6228eb13,,"ori	x22,x17,1570","s6,a7,1570",
80008a5c,sltu,a2:00000001,,01413633,,"sltu	x12,x2,x20","a2,sp,s4",
80008a60,srli,s9:0000000c,,01b45c93,,"srli	x25,x8,0x1b","s9,s0,0x1b",
80008a64,sub,s1:26a1da1c,,419284b3,,"sub	x9,x5,x25","s1,t0,s9",
80008a68,ori,t3:fffffee3,,ee3c6e13,,"ori	x28,x24,-285","t3,s8,-285",
80008a6c,lui,a6:4b7c4000,,4b7c4837,,"lui	x16,0x4b7c4","a6,0x4b7c4",
80008a70,sub,s6:8a48c001,,407a8b33,,"sub	x22,x21,x7","s6,s5,t2",
80008a74,xor,a4:80014e64,,00f0c733,,"xor	x14,x1,x15","a4,ra,a5",
80008a78,srl,s8:04b7c400,,01e85c33,,"srl	x24,x16,x30","s8,a6,t5",
80008a7c,sltiu,s4:00000000,,2f5fba13,,"sltiu	x20,x31,757","s4,t6,757",
80008a80,or,s7:80014e6f,,01356bb3,,"or	x23,x10,x19","s7,a0,s3",
80008a84,slli,s11:00000000,,01259d93,,"slli	x27,x11,0x12","s11,a1,0x12",
80008a88,andi,s10:00000000,,f0307d13,,"andi	x26,x0,-253","s10,zero,-253",
80008a8c,andi,s8:e0000000,,e3b1fc13,,"andi	x24,x3,-453","s8,gp,-453",
80008a90,sltiu,t3:00000001,,c6c0be13,,"sltiu	x28,x1,-916","t3,ra,-916",
80008a94,auipc,s2:76178a94,,f6170917,,"auipc	x18,0xf6170","s2,0xf6170",
80008a98,ori,t2:fffffddc,,dd4ce393,,"ori	x7,x25,-556","t2,s9,-556",
80008a9c,sltiu,t6:00000001,,cac1bf93,,"sltiu	x31,x3,-852","t6,gp,-852",
80008aa0,srl,s10:00000000,,01e7dd33,,"srl	x26,x15,x30","s10,a5,t5",
80008aa4,sll,a7:00000000,,003598b3,,"sll	x17,x11,x3","a7,a1,gp",
80008aa8,xori,t0:fffffe38,,e388c293,,"xori	x5,x17,-456","t0,a7,-456",
80008aac,srli,s4:0d6983fe,,0046da13,,"srli	x20,x13,0x4","s4,a3,0x4",
80008ab0,slt,s9:00000001,,0092acb3,,"slt	x25,x5,x9","s9,t0,s1",
80008ab4,slt,tp:00000001,,004c2233,,"slt	x4,x24,x4","tp,s8,tp",
80008ab8,sltu,a7:00000001,,0050b8b3,,"sltu	x17,x1,x5","a7,ra,t0",
80008abc,andi,a5:00000594,,f94ef793,,"andi	x15,x29,-108","a5,t4,-108",
80008ac0,sltiu,s2:00000001,,94cbb913,,"sltiu	x18,x23,-1716","s2,s7,-1716",
80008ac4,srli,a3:00000000,,00d05693,,"srli	x13,x0,0xd","a3,zero,0xd",
80008ac8,and,s8:00000000,,0156fc33,,"and	x24,x13,x21","s8,a3,s5",
80008acc,slt,s9:00000001,,009cacb3,,"slt	x25,x25,x9","s9,s9,s1",
80008ad0,sltiu,s1:00000001,,d1d1b493,,"sltiu	x9,x3,-739","s1,gp,-739",
80008ad4,add,s4:00000001,,01a48a33,,"add	x20,x9,x26","s4,s1,s10",
80008adc,andi,s4:00000000,,08cffa13,,"andi	x20,x31,140","s4,t6,140",
80008ae0,andi,s6:00000000,,4b097b13,,"andi	x22,x18,1200","s6,s2,1200",
80008ae4,slt,t4:00000001,,0193aeb3,,"slt	x29,x7,x25","t4,t2,s9",
80008ae8,slti,s0:00000000,,ed102413,,"slti	x8,x0,-303","s0,zero,-303",
80008aec,add,s6:00000000,,01b00b33,,"add	x22,x0,x27","s6,zero,s11",
80008af0,slt,ra:00000000,,015220b3,,"slt	x1,x4,x21","ra,tp,s5",
80008af4,add,s1:0000000f,,002584b3,,"add	x9,x11,x2","s1,a1,sp",
80008af8,sll,gp:00000002,,01fc91b3,,"sll	x3,x25,x31","gp,s9,t6",
80008afc,auipc,s10:0594cafc,,85944d17,,"auipc	x26,0x85944","s10,0x85944",
80008b00,auipc,t0:f914cb00,,79144297,,"auipc	x5,0x79144","t0,0x79144",
80008b04,xor,s10:4b7c4001,,01584d33,,"xor	x26,x16,x21","s10,a6,s5",
80008b08,slli,a6:0003c000,,00e11813,,"slli	x16,x2,0xe","a6,sp,0xe",
80008b0c,andi,s8:00000000,,67007c13,,"andi	x24,x0,1648","s8,zero,1648",
80008b10,sra,t4:00000001,,40bfdeb3,,"sra	x29,x31,x11","t4,t6,a1",
80008b14,ori,ra:ffffff95,,f9536093,,"ori	x1,x6,-107","ra,t1,-107",
80008b18,add,s6:0000000f,,002d8b33,,"add	x22,x27,x2","s6,s11,sp",
80008b1c,xor,a5:b483bddd,,01a3c7b3,,"xor	x15,x7,x26","a5,t2,s10",
80008b20,slli,s9:0014e6f0,,004b9c93,,"slli	x25,x23,0x4","s9,s7,0x4",
80008b24,auipc,s7:daf38b24,,5af30b97,,"auipc	x23,0x5af30","s7,0x5af30",
80008b28,ori,a7:ffffffdd,,c5c0e893,,"ori	x17,x1,-932","a7,ra,-932",
80008b2c,srl,a3:00014e6f,,00ecd6b3,,"srl	x13,x25,x14","a3,s9,a4",
80008b30,xori,s2:00000090,,090dc913,,"xori	x18,x27,144","s2,s11,144",
80008b34,srli,t0:07ffffee,,0053d293,,"srli	x5,x7,0x5","t0,t2,0x5",
80008b38,sltu,a2:00000000,,016bb633,,"sltu	x12,x23,x22","a2,s7,s6",
80008b3c,xori,a7:ffffff58,,f5834893,,"xori	x17,x6,-168","a7,t1,-168",
80008b44,slli,s11:ff700000,,01329d93,,"slli	x27,x5,0x13","s11,t0,0x13",
80008b48,slt,ra:00000000,,001a20b3,,"slt	x1,x20,x1","ra,s4,ra",
80008b4c,and,t2:00000000,,01c0f3b3,,"and	x7,x1,x28","t2,ra,t3",
80008b50,sltiu,gp:00000001,,49b63193,,"sltiu	x3,x12,1179","gp,a2,1179",
80008b54,sltu,s11:00000001,,0112bdb3,,"sltu	x27,x5,x17","s11,t0,a7",
80008b58,add,s1:0000000f,,013584b3,,"add	x9,x11,x19","s1,a1,s3",
80008b5c,srl,a6:00000000,,01b1d833,,"srl	x16,x3,x27","a6,gp,s11",
80008b60,sra,a5:00000000,,419457b3,,"sra	x15,x8,x25","a5,s0,s9",
80008b68,xori,t1:fffffb5b,,b5afc313,,"xori	x6,x31,-1190","t1,t6,-1190",
80008b6c,xori,t2:00000723,,72224393,,"xori	x7,x4,1826","t2,tp,1826",
80008b74,andi,tp:0000000b,,37bb7213,,"andi	x4,x22,891","tp,s6,891",
80008b78,add,a6:80014e64,,00e08833,,"add	x16,x1,x14","a6,ra,a4",
80008b7c,xori,s7:fffffcaf,,b8c3cb93,,"xori	x23,x7,-1140","s7,t2,-1140",
80008b80,addi,s6:fffff99d,,98e10b13,,"addi	x22,x2,-1650","s6,sp,-1650",
80008b84,sltiu,s5:00000000,,09abba93,,"sltiu	x21,x23,154","s5,s7,154",
80008b88,lui,t0:40779000,,407792b7,,"lui	x5,0x40779","t0,0x40779",
80008b8c,sra,s1:00000000,,41d054b3,,"sra	x9,x0,x29","s1,zero,t4",
80008b94,andi,s4:00000003,,f2317a13,,"andi	x20,x2,-221","s4,sp,-221",
80008b98,sltiu,a6:00000001,,f30f3813,,"sltiu	x16,x30,-208","a6,t5,-208",
80008b9c,xori,tp:00014f2d,,1426c213,,"xori	x4,x13,322","tp,a3,322",
80008ba0,slti,t0:00000000,,7a022293,,"slti	x5,x4,1952","t0,tp,1952",
80008ba4,xori,s6:0000069b,,69bc4b13,,"xori	x22,x24,1691","s6,s8,1691",
80008ba8,addi,s9:4b7c3dcb,,dcad0c93,,"addi	x25,x26,-566","s9,s10,-566",
80008bac,andi,s7:00000000,,7755fb93,,"andi	x23,x11,1909","s7,a1,1909",
80008bb0,sub,t1:fffff8dd,,40728333,,"sub	x6,x5,x7","t1,t0,t2",
80008bb4,srl,a4:00000000,,0007d733,,"srl	x14,x15,x0","a4,a5,zero",
80008bb8,srai,tp:00000000,,40cbd213,,"srai	x4,x23,0xc","tp,s7,0xc",
80008bbc,slli,sp:00000000,,00361113,,"slli	x2,x12,0x3","sp,a2,0x3",
80008bc0,andi,t3:00000000,,ba107e13,,"andi	x28,x0,-1119","t3,zero,-1119",
80008bc4,sll,gp:00000001,,001811b3,,"sll	x3,x16,x1","gp,a6,ra",
80008bc8,add,t2:00000000,,01ca83b3,,"add	x7,x21,x28","t2,s5,t3",
80008bcc,or,t3:00000000,,015bee33,,"or	x28,x23,x21","t3,s7,s5",
80008bd0,addi,t4:80015198,,33450e93,,"addi	x29,x10,820","t4,a0,820",
80008bd4,add,s0:80015198,,01d70433,,"add	x8,x14,x29","s0,a4,t4",
80008bd8,xor,s7:00000000,,0174cbb3,,"xor	x23,x9,x23","s7,s1,s7",
80008bdc,and,tp:00000003,,0146f233,,"and	x4,x13,x20","tp,a3,s4",
80008be0,slti,a6:00000000,,8980a813,,"slti	x16,x1,-1896","a6,ra,-1896",
80008be4,slt,sp:00000001,,01302133,,"slt	x2,x0,x19","sp,zero,s3",
80008be8,add,s6:00000000,,000a8b33,,"add	x22,x21,x0","s6,s5,zero",
80008bf0,and,t0:80015198,,01d472b3,,"and	x5,x8,x29","t0,s0,t4",
80008bf4,sltiu,s4:00000001,,858b3a13,,"sltiu	x20,x22,-1960","s4,s6,-1960",
80008bf8,or,t4:80015198,,0055eeb3,,"or	x29,x11,x5","t4,a1,t0",
80008bfc,and,t0:00000000,,00a4f2b3,,"and	x5,x9,x10","t0,s1,a0",
80008c00,srai,a2:00000000,,4122d613,,"srai	x12,x5,0x12","a2,t0,0x12",
80008c04,and,t6:00000000,,01f5ffb3,,"and	x31,x11,x31","t6,a1,t6",
80008c08,sub,s6:00000000,,409a8b33,,"sub	x22,x21,x9","s6,s5,s1",
80008c0c,ori,s8:fffffd0f,,d0e16c13,,"ori	x24,x2,-754","s8,sp,-754",
80008c10,ori,a5:0000014f,,14d26793,,"ori	x15,x4,333","a5,tp,333",
80008c14,and,a5:00000000,,00ccf7b3,,"and	x15,x25,x12","a5,s9,a2",
80008c18,add,a4:ffffff58,,01158733,,"add	x14,x11,x17","a4,a1,a7",
80008c1c,sll,a7:00000001,,01cd98b3,,"sll	x17,x27,x28","a7,s11,t3",
80008c20,xor,s1:80014e64,,00aac4b3,,"xor	x9,x21,x10","s1,s5,a0",
80008c24,ori,s6:00000273,,2733eb13,,"ori	x22,x7,627","s6,t2,627",
80008c28,xori,s0:7ffeb395,,df154413,,"xori	x8,x10,-527","s0,a0,-527",
80008c2c,srai,s5:00000000,,40b7da93,,"srai	x21,x15,0xb","s5,a5,0xb",
80008c30,xori,t2:fffff9a9,,17434393,,"xori	x7,x6,372","t2,t1,372",
80008c34,sra,t3:fffff8dd,,41535e33,,"sra	x28,x6,x21","t3,t1,s5",
80008c38,sub,s0:00000000,,40508433,,"sub	x8,x1,x5","s0,ra,t0",
80008c3c,sll,s5:00000000,,00b81ab3,,"sll	x21,x16,x11","s5,a6,a1",
80008c44,and,a4:00000000,,00a1f733,,"and	x14,x3,x10","a4,gp,a0",
80008c48,sub,t3:00000723,,40680e33,,"sub	x28,x16,x6","t3,a6,t1",
80008c4c,sra,a4:4b7c4001,,40cd5733,,"sra	x14,x26,x12","a4,s10,a2",
80008c50,sltiu,a2:00000001,,8cca3613,,"sltiu	x12,x20,-1844","a2,s4,-1844",
80008c54,sltiu,s4:00000001,,66813a13,,"sltiu	x20,x2,1640","s4,sp,1640",
80008c58,or,a5:00000000,,0002e7b3,,"or	x15,x5,x0","a5,t0,zero",
80008c5c,andi,a6:00000020,,834e7813,,"andi	x16,x28,-1996","a6,t3,-1996",
80008c60,slli,t0:00000000,,01779293,,"slli	x5,x15,0x17","t0,a5,0x17",
80008c64,srai,a7:00000000,,41ead893,,"srai	x17,x21,0x1e","a7,s5,0x1e",
80008c68,sll,s8:00000010,,01ed9c33,,"sll	x24,x27,x30","s8,s11,t5",
80008c6c,slt,s5:00000001,,01aa2ab3,,"slt	x21,x20,x26","s5,s4,s10",
80008c74,or,t4:fffff9a9,,01b3eeb3,,"or	x29,x7,x27","t4,t2,s11",
80008c78,slli,a3:00000400,,00a19693,,"slli	x13,x3,0xa","a3,gp,0xa",
80008c7c,slt,ra:00000000,,008fa0b3,,"slt	x1,x31,x8","ra,t6,s0",
80008c80,xori,a4:80014e5b,,03f54713,,"xori	x14,x10,63","a4,a0,63",
80008c84,auipc,s5:4a1c0c84,,ca1b8a97,,"auipc	x21,0xca1b8","s5,0xca1b8",
80008c8c,sltiu,t6:00000001,,1098bf93,,"sltiu	x31,x17,265","t6,a7,265",
80008c90,andi,a2:00000000,,ac35f613,,"andi	x12,x11,-1341","a2,a1,-1341",
80008c94,add,s11:00000401,,00268db3,,"add	x27,x13,x2","s11,a3,sp",
80008c98,srl,ra:00000007,,0063d0b3,,"srl	x1,x7,x6","ra,t2,t1",
80008c9c,or,s8:00000407,,001dec33,,"or	x24,x27,x1","s8,s11,ra",
80008ca0,slti,s5:00000000,,ccfc2a93,,"slti	x21,x24,-817","s5,s8,-817",
80008ca4,andi,gp:00000400,,d3c6f193,,"andi	x3,x13,-708","gp,a3,-708",
80008ca8,and,t2:00000000,,00d973b3,,"and	x7,x18,x13","t2,s2,a3",
80008cac,sltiu,t3:00000001,,d82cbe13,,"sltiu	x28,x25,-638","t3,s9,-638",
80008cb0,srli,s1:00000000,,01d25493,,"srli	x9,x4,0x1d","s1,tp,0x1d",
80008cb4,srli,s6:00200053,,00a75b13,,"srli	x22,x14,0xa","s6,a4,0xa",
80008cb8,sub,t4:0000008f,,41c90eb3,,"sub	x29,x18,x28","t4,s2,t3",
80008cbc,slli,s0:00000000,,00d29413,,"slli	x8,x5,0xd","s0,t0,0xd",
80008cc0,srai,s8:00000000,,4189dc13,,"srai	x24,x19,0x18","s8,s3,0x18",
80008cc4,slt,s9:00000001,,01b8acb3,,"slt	x25,x17,x27","s9,a7,s11",
80008ccc,xori,s7:0000019a,,59bdcb93,,"xori	x23,x27,1435","s7,s11,1435",
80008cd4,or,s4:00000400,,00c6ea33,,"or	x20,x13,x12","s4,a3,a2",
80008cd8,slt,a2:00000000,,00dd2633,,"slt	x12,x26,x13","a2,s10,a3",
80008cdc,srl,a4:00000000,,006a5733,,"srl	x14,x20,x6","a4,s4,t1",
80008ce0,slti,a1:00000001,,0028a593,,"slti	x11,x17,2","a1,a7,2",
80008ce4,xor,t4:4b7c4021,,010d4eb3,,"xor	x29,x26,x16","t4,s10,a6",
80008ce8,sll,s4:00000001,,018f9a33,,"sll	x20,x31,x24","s4,t6,s8",
80008cec,andi,t6:00000003,,9a30ff93,,"andi	x31,x1,-1629","t6,ra,-1629",
80008cf0,ori,t3:00000527,,526fee13,,"ori	x28,x31,1318","t3,t6,1318",
80008cf4,slt,a4:00000001,,01cfa733,,"slt	x14,x31,x28","a4,t6,t3",
80008cf8,xori,s9:fffffe44,,a441cc93,,"xori	x25,x3,-1468","s9,gp,-1468",
80008cfc,sltu,t3:00000000,,00433e33,,"sltu	x28,x6,x4","t3,t1,tp",
80008d00,slli,a5:0029cc80,,00551793,,"slli	x15,x10,0x5","a5,a0,0x5",
80008d04,slt,s6:00000001,,01932b33,,"slt	x22,x6,x25","s6,t1,s9",
80008d08,sll,s10:00000480,,00491d33,,"sll	x26,x18,x4","s10,s2,tp",
80008d0c,addi,a5:fffff9e5,,9e560793,,"addi	x15,x12,-1563","a5,a2,-1563",
80008d10,sltiu,s7:00000001,,1ac0bb93,,"sltiu	x23,x1,428","s7,ra,428",
80008d14,sltiu,a3:00000001,,edbab693,,"sltiu	x13,x21,-293","a3,s5,-293",
80008d1c,ori,a5:0000012c,,12c8e793,,"ori	x15,x17,300","a5,a7,300",
80008d20,add,s10:fffff96d,,00690d33,,"add	x26,x18,x6","s10,s2,t1",
80008d24,addi,t3:fffffde3,,de258e13,,"addi	x28,x11,-542","t3,a1,-542",
80008d28,slt,s4:00000000,,0131aa33,,"slt	x20,x3,x19","s4,gp,s3",
80008d2c,slt,a4:00000001,,01fe2733,,"slt	x14,x28,x31","a4,t3,t6",
80008d30,addi,a1:fffff88c,,88ca8593,,"addi	x11,x21,-1908","a1,s5,-1908",
80008d34,sra,gp:25be2010,,41bed1b3,,"sra	x3,x29,x27","gp,t4,s11",
80008d38,xor,s2:7ffeb020,,00acc933,,"xor	x18,x25,x10","s2,s9,a0",
80008d3c,and,t0:25be2000,,0191f2b3,,"and	x5,x3,x25","t0,gp,s9",
80008d40,auipc,a7:344ecd40,,b44e4897,,"auipc	x17,0xb44e4","a7,0xb44e4",
80008d44,srai,s1:00000000,,41305493,,"srai	x9,x0,0x13","s1,zero,0x13",
80008d48,lui,s7:a429b000,,a429bbb7,,"lui	x23,0xa429b","s7,0xa429b",
80008d4c,slt,gp:00000000,,00c9a1b3,,"slt	x3,x19,x12","gp,s3,a2",
80008d50,lui,ra:f68d2000,,f68d20b7,,"lui	x1,0xf68d2","ra,0xf68d2",
80008d54,addi,s9:fffffc41,,c3ef8c93,,"addi	x25,x31,-962","s9,t6,-962",
80008d58,addi,s8:00000696,,295d8c13,,"addi	x24,x27,661","s8,s11,661",
80008d5c,srai,s2:00000004,,41ced913,,"srai	x18,x29,0x1c","s2,t4,0x1c",
80008d60,xori,a5:00000225,,22624793,,"xori	x15,x4,550","a5,tp,550",
80008d64,add,gp:344ecd40,,008881b3,,"add	x3,x17,x8","gp,a7,s0",
80008d68,ori,s1:f68d20f8,,0f80e493,,"ori	x9,x1,248","s1,ra,248",
80008d6c,srai,t2:00000000,,419a5393,,"srai	x7,x20,0x19","t2,s4,0x19",
80008d70,andi,s10:00000000,,4ebafd13,,"andi	x26,x21,1259","s10,s5,1259",
80008d74,srli,a4:00000000,,001b5713,,"srli	x14,x22,0x1","a4,s6,0x1",
80008d78,auipc,a5:f9629d78,,79621797,,"auipc	x15,0x79621","a5,0x79621",
80008d7c,srai,t3:00000000,,4079de13,,"srai	x28,x19,0x7","t3,s3,0x7",
80008d80,addi,sp:00000159,,15868113,,"addi	x2,x13,344","sp,a3,344",
80008d84,andi,s9:00000000,,04ba7c93,,"andi	x25,x20,75","s9,s4,75",
80008d88,sra,s6:00000001,,4116db33,,"sra	x22,x13,x17","s6,a3,a7",
80008d8c,srli,s6:00000000,,007adb13,,"srli	x22,x21,0x7","s6,s5,0x7",
80008d90,lui,t0:dd914000,,dd9142b7,,"lui	x5,0xdd914","t0,0xdd914",
80008d94,andi,a3:00000000,,95277693,,"andi	x13,x14,-1710","a3,a4,-1710",
80008d98,sltu,t1:00000001,,010fb333,,"sltu	x6,x31,x16","t1,t6,a6",
80008d9c,slt,t6:00000000,,00fdafb3,,"slt	x31,x27,x15","t6,s11,a5",
80008da0,srai,t1:0000025b,,415ed313,,"srai	x6,x29,0x15","t1,t4,0x15",
80008da4,srli,a2:00000000,,01fc5613,,"srli	x12,x24,0x1f","a2,s8,0x1f",
80008da8,sll,t0:dd914000,,001292b3,,"sll	x5,x5,x1","t0,t0,ra",
80008dac,slt,a3:00000001,,014526b3,,"slt	x13,x10,x20","a3,a0,s4",
80008db0,sltu,a7:00000000,,019d38b3,,"sltu	x17,x26,x25","a7,s10,s9",
80008db4,sltiu,a7:00000001,,2aaa3893,,"sltiu	x17,x20,682","a7,s4,682",
80008db8,lui,a4:4b805000,,4b805737,,"lui	x14,0x4b805","a4,0x4b805",
80008dbc,lui,t6:09e7a000,,09e7afb7,,"lui	x31,0x9e7a","t6,0x9e7a",
80008dc0,or,a2:0000000f,,00d9e633,,"or	x12,x19,x13","a2,s3,a3",
80008dc4,sltiu,s11:00000000,,60efbd93,,"sltiu	x27,x31,1550","s11,t6,1550",
80008dc8,xor,a2:4b805020,,00e84633,,"xor	x12,x16,x14","a2,a6,a4",
80008dcc,auipc,a2:89aaadcc,,09aa2617,,"auipc	x12,0x9aa2","a2,0x9aa2",
80008dd0,sltu,sp:00000000,,0170b133,,"sltu	x2,x1,x23","sp,ra,s7",
80008dd4,sltu,s5:00000000,,002abab3,,"sltu	x21,x21,x2","s5,s5,sp",
80008dd8,sltiu,sp:00000000,,0335b113,,"sltiu	x2,x11,51","sp,a1,51",
80008ddc,addi,s2:344ed3be,,67e18913,,"addi	x18,x3,1662","s2,gp,1662",
80008de0,slt,t0:00000001,,01c5a2b3,,"slt	x5,x11,x28","t0,a1,t3",
80008de4,lui,a1:72783000,,727835b7,,"lui	x11,0x72783","a1,0x72783",
80008de8,and,a1:00000000,,007275b3,,"and	x11,x4,x7","a1,tp,t2",
80008dec,srli,gp:00000000,,01add193,,"srli	x3,x27,0x1a","gp,s11,0x1a",
80008df0,slti,s0:00000001,,26bda413,,"slti	x8,x27,619","s0,s11,619",
80008df4,addi,t2:fffffbde,,bdeb0393,,"addi	x7,x22,-1058","t2,s6,-1058",
80008df8,add,a1:4b7c4021,,01ae85b3,,"add	x11,x29,x26","a1,t4,s10",
80008dfc,andi,s4:00000000,,9eda7a13,,"andi	x20,x20,-1555","s4,s4,-1555",
80008e00,auipc,a1:bf776e00,,3f76e597,,"auipc	x11,0x3f76e","a1,0x3f76e",
80008e04,xori,s6:80014972,,71654b13,,"xori	x22,x10,1814","s6,a0,1814",
80008e08,slti,a2:00000001,,3ddda613,,"slti	x12,x27,989","a2,s11,989",
80008e0c,and,gp:00000000,,006771b3,,"and	x3,x14,x6","gp,a4,t1",
80008e10,add,s10:0000000f,,01300d33,,"add	x26,x0,x19","s10,zero,s3",
80008e14,sll,s1:00400000,,018414b3,,"sll	x9,x8,x24","s1,s0,s8",
80008e18,xori,t1:f9629f9f,,2e77c313,,"xori	x6,x15,743","t1,a5,743",
80008e1c,slt,s8:00000000,,01f92c33,,"slt	x24,x18,x31","s8,s2,t6",
80008e20,slli,t3:00003c00,,00a99e13,,"slli	x28,x19,0xa","t3,s3,0xa",
80008e24,andi,a6:f68d2000,,a550f813,,"andi	x16,x1,-1451","a6,ra,-1451",
80008e28,ori,t4:fffff9d5,,9d56ee93,,"ori	x29,x13,-1579","t4,a3,-1579",
80008e2c,srli,s7:000fffff,,00cedb93,,"srli	x23,x29,0xc","s7,t4,0xc",
80008e30,xor,s6:f68d2000,,00284b33,,"xor	x22,x16,x2","s6,a6,sp",
80008e34,auipc,s5:f9420e34,,79418a97,,"auipc	x21,0x79418","s5,0x79418",
80008e38,sra,s0:00000000,,410cd433,,"sra	x8,x25,x16","s0,s9,a6",
80008e3c,srli,s9:00000200,,01655c93,,"srli	x25,x10,0x16","s9,a0,0x16",
80008e40,lui,s8:21f79000,,21f79c37,,"lui	x24,0x21f79","s8,0x21f79",
80008e44,xori,t6:00000372,,aa7ecf93,,"xori	x31,x29,-1369","t6,t4,-1369",
80008e48,add,s8:f68d1bde,,00138c33,,"add	x24,x7,x1","s8,t2,ra",
80008e4c,slli,s5:08000000,,01b89a93,,"slli	x21,x17,0x1b","s5,a7,0x1b",
80008e50,sub,s1:344ed3be,,408904b3,,"sub	x9,x18,x8","s1,s2,s0",
80008e54,srl,s1:0000689d,,0134d4b3,,"srl	x9,x9,x19","s1,s1,s3",
80008e58,or,s0:f68d6e64,,00156433,,"or	x8,x10,x1","s0,a0,ra",
80008e5c,srli,s6:02fdddb8,,0065db13,,"srli	x22,x11,0x6","s6,a1,0x6",
80008e60,xor,a3:80018ce4,,01e046b3,,"xor	x13,x0,x30","a3,zero,t5",
80008e64,sub,a4:bf777222,,40758733,,"sub	x14,x11,x7","a4,a1,t2",
80008e68,slli,t6:a4000000,,00d81f93,,"slli	x31,x16,0xd","t6,a6,0xd",
80008e6c,xor,t4:0000689d,,0034ceb3,,"xor	x29,x9,x3","t4,s1,gp",
80008e70,andi,s5:00000000,,0850fa93,,"andi	x21,x1,133","s5,ra,133",
80008e74,ori,a4:fffffbbf,,bb3d6713,,"ori	x14,x26,-1101","a4,s10,-1101",
80008e78,slli,s8:00000000,,00b19c13,,"slli	x24,x3,0xb","s8,gp,0xb",
80008e7c,slli,a5:18000000,,01b21793,,"slli	x15,x4,0x1b","a5,tp,0x1b",
80008e80,xor,s0:80018ce4,,0186c433,,"xor	x8,x13,x24","s0,a3,s8",
80008e84,ori,sp:fffff86d,,86d2e113,,"ori	x2,x5,-1939","sp,t0,-1939",
80008e88,lui,s1:4d552000,,4d5524b7,,"lui	x9,0x4d552","s1,0x4d552",
80008e8c,sltiu,ra:00000001,,10803093,,"sltiu	x1,x0,264","ra,zero,264",
80008e90,sub,t3:80018ce3,,41140e33,,"sub	x28,x8,x17","t3,s0,a7",
80008e94,sra,s8:00000000,,406c5c33,,"sra	x24,x24,x6","s8,s8,t1",
80008e98,auipc,t0:38c62e98,,b8c5a297,,"auipc	x5,0xb8c5a","t0,0xb8c5a",
80008e9c,srai,s2:00000000,,407a5913,,"srai	x18,x20,0x7","s2,s4,0x7",
80008ea0,xor,tp:02fdddb7,,0169c233,,"xor	x4,x19,x22","tp,s3,s6",
80008ea4,sll,t3:a4000000,,00249e33,,"sll	x28,x9,x2","t3,s1,sp",
80008ea8,slli,t1:30000000,,01929313,,"slli	x6,x5,0x19","t1,t0,0x19",
80008eac,auipc,t0:5167deac,,d1675297,,"auipc	x5,0xd1675","t0,0xd1675",
80008eb0,sll,s4:00000000,,01e31a33,,"sll	x20,x6,x30","s4,t1,t5",
80008eb4,sll,s8:fffffbde,,01b39c33,,"sll	x24,x7,x27","s8,t2,s11",
80008eb8,srai,a3:e9000000,,402e5693,,"srai	x13,x28,0x2","a3,t3,0x2",
80008ebc,and,s10:00000000,,0013fd33,,"and	x26,x7,x1","s10,t2,ra",
80008ec0,sra,a5:fffffbbf,,41b757b3,,"sra	x15,x14,x27","a5,a4,s11",
80008ec4,auipc,gp:31670ec4,,b1668197,,"auipc	x3,0xb1668","gp,0xb1668",
80008ec8,xor,ra:7c322ec4,,0091c0b3,,"xor	x1,x3,x9","ra,gp,s1",
80008ecc,or,s0:0000689d,,01d06433,,"or	x8,x0,x29","s0,zero,t4",
80008ed0,ori,a1:fffffeff,,adf2e593,,"ori	x11,x5,-1313","a1,t0,-1313",
80008ed4,srli,a7:003ffffe,,00a7d893,,"srli	x17,x15,0xa","a7,a5,0xa",
80008ed8,sltu,s4:00000000,,01773a33,,"sltu	x20,x14,x23","s4,a4,s7",
80008edc,sll,a2:00000000,,00869633,,"sll	x12,x13,x8","a2,a3,s0",
80008ee0,sra,a7:fffffffc,,408558b3,,"sra	x17,x10,x8","a7,a0,s0",
80008ee4,srl,tp:fffffeff,,00c5d233,,"srl	x4,x11,x12","tp,a1,a2",
80008ee8,addi,t4:000000d2,,4f4c0e93,,"addi	x29,x24,1268","t4,s8,1268",
80008eec,and,sp:00000000,,013a7133,,"and	x2,x20,x19","sp,s4,s3",
80008ef0,slti,t2:00000001,,dee7a393,,"slti	x7,x15,-530","t2,a5,-530",
80008ef4,sltiu,t1:00000001,,55063313,,"sltiu	x6,x12,1360","t1,a2,1360",
80008ef8,sll,a3:000fffff,,009b96b3,,"sll	x13,x23,x9","a3,s7,s1",
80008efc,xor,s0:83cdd03b,,0015c433,,"xor	x8,x11,x1","s0,a1,ra",
80008f00,or,s2:02fdddb8,,014b6933,,"or	x18,x22,x20","s2,s6,s4",
80008f04,sltu,a3:00000001,,0039b6b3,,"sltu	x13,x19,x3","a3,s3,gp",
80008f08,xori,t4:a400058b,,58bfce93,,"xori	x29,x31,1419","t4,t6,1419",
80008f0c,slti,s11:00000000,,3f692d93,,"slti	x27,x18,1014","s11,s2,1014",
80008f10,auipc,s8:d40cff10,,540c7c17,,"auipc	x24,0x540c7","s8,0x540c7",
80008f18,sltu,t6:00000001,,01cf3fb3,,"sltu	x31,x30,x28","t6,t5,t3",
80008f1c,and,a6:7c322a84,,0017f833,,"and	x16,x15,x1","a6,a5,ra",
80008f20,xori,s9:ae98251f,,bb32cc93,,"xori	x25,x5,-1101","s9,t0,-1101",
80008f24,add,a5:0000000f,,015987b3,,"add	x15,x19,x21","a5,s3,s5",
80008f28,sltiu,s7:00000000,,45a83b93,,"sltiu	x23,x16,1114","s7,a6,1114",
80008f2c,srli,a4:00000800,,014f5713,,"srli	x14,x30,0x14","a4,t5,0x14",
80008f30,auipc,s11:53ea4f30,,d3e9cd97,,"auipc	x27,0xd3e9c","s11,0xd3e9c",
80008f34,sltiu,s10:00000000,,2accbd13,,"sltiu	x26,x25,684","s10,s9,684",
80008f3c,andi,s0:7c322840,,8590f413,,"andi	x8,x1,-1959","s0,ra,-1959",
80008f40,sltu,s6:00000001,,01903b33,,"sltu	x22,x0,x25","s6,zero,s9",
80008f44,sub,sp:23feb19c,,40ae0133,,"sub	x2,x28,x10","sp,t3,a0",
80008f48,xori,s1:5167dc70,,96fcc493,,"xori	x9,x25,-1681","s1,s9,-1681",
80008f4c,srli,a1:000000a4,,018ed593,,"srli	x11,x29,0x18","a1,t4,0x18",
80008f50,andi,s6:00000000,,e0167b13,,"andi	x22,x12,-511","s6,a2,-511",
80008f54,sltu,a6:00000001,,00863833,,"sltu	x16,x12,x8","a6,a2,s0",
80008f58,sltu,s7:00000001,,01e7bbb3,,"sltu	x23,x15,x30","s7,a5,t5",
80008f5c,lui,s8:880c5000,,880c5c37,,"lui	x24,0x880c5","s8,0x880c5",
80008f60,addi,t0:00000386,,38580293,,"addi	x5,x16,901","t0,a6,901",
80008f64,addi,s5:a40000a7,,0a7e0a93,,"addi	x21,x28,167","s5,t3,167",
80008f68,srli,a4:00010003,,00ff5713,,"srli	x14,x30,0xf","a4,t5,0xf",
80008f6c,add,sp:a400062f,,01d58133,,"add	x2,x11,x29","sp,a1,t4",
80008f70,and,s4:00000000,,01bffa33,,"and	x20,x31,x27","s4,t6,s11",
80008f74,srli,s7:00000000,,00cd5b93,,"srli	x23,x26,0xc","s7,s10,0xc",
80008f78,auipc,a1:e0697f78,,6068f597,,"auipc	x11,0x6068f","a1,0x6068f",
80008f7c,sll,s8:fffffffc,,00089c33,,"sll	x24,x17,x0","s8,a7,zero",
80008f80,srli,s5:02ba6094,,006cda93,,"srli	x21,x25,0x6","s5,s9,0x6",
80008f84,slti,a2:00000001,,02b82613,,"slti	x12,x16,43","a2,a6,43",
80008f88,xori,t2:00000482,,48d9c393,,"xori	x7,x19,1165","t2,s3,1165",
80008f8c,slti,a3:00000001,,08bba693,,"slti	x13,x23,139","a3,s7,139",
80008f90,sub,a5:0000000f,,417987b3,,"sub	x15,x19,x23","a5,s3,s7",
80008f94,andi,tp:00000244,,27d0f213,,"andi	x4,x1,637","tp,ra,637",
80008f98,slli,a2:fffffff8,,001c1613,,"slli	x12,x24,0x1","a2,s8,0x1",
80008f9c,or,s11:a400058b,,014eedb3,,"or	x27,x29,x20","s11,t4,s4",
80008fa0,lui,t0:4f524000,,4f5242b7,,"lui	x5,0x4f524","t0,0x4f524",
80008fa4,sltu,s8:00000001,,01c23c33,,"sltu	x24,x4,x28","s8,tp,t3",
80008fa8,andi,s10:7c322a84,,a8f0fd13,,"andi	x26,x1,-1393","s10,ra,-1393",
80008fac,srli,s10:00000000,,001fdd13,,"srli	x26,x31,0x1","s10,t6,0x1",
80008fb0,addi,t3:a40003c2,,e37e8e13,,"addi	x28,x29,-457","t3,t4,-457",
80008fb4,srai,a5:00000000,,40f6d793,,"srai	x15,x13,0xf","a5,a3,0xf",
80008fb8,sltiu,t2:00000001,,bbc0b393,,"sltiu	x7,x1,-1092","t2,ra,-1092",
80008fbc,andi,s9:00000000,,7e7d7c93,,"andi	x25,x26,2023","s9,s10,2023",
80008fc0,sub,s4:23feb727,,40ae8a33,,"sub	x20,x29,x10","s4,t4,a0",
80008fc8,srl,a5:00000000,,019d57b3,,"srl	x15,x26,x25","a5,s10,s9",
80008fcc,sltiu,s5:00000000,,427e3a93,,"sltiu	x21,x28,1063","s5,t3,1063",
80008fd4,srl,s11:00000000,,0013ddb3,,"srl	x27,x7,x1","s11,t2,ra",
80008fd8,sub,s11:a400062f,,41a10db3,,"sub	x27,x2,x26","s11,sp,s10",
80008fdc,addi,t4:0000079c,,79bc0e93,,"addi	x29,x24,1947","t4,s8,1947",
80008fe0,lui,gp:61490000,,614901b7,,"lui	x3,0x61490","gp,0x61490",
80008fe4,sra,t6:00000000,,40685fb3,,"sra	x31,x16,x6","t6,a6,t1",
80008fe8,or,t2:7c322ec4,,001463b3,,"or	x7,x8,x1","t2,s0,ra",
80008ff0,add,t3:7c332ec7,,00170e33,,"add	x28,x14,x1","t3,a4,ra",
80008ff4,slti,s7:00000000,,fb52ab93,,"slti	x23,x5,-75","s7,t0,-75",
80008ff8,sltiu,t2:00000001,,0b4cb393,,"sltiu	x7,x25,180","t2,s9,180",
80008ffc,auipc,s0:d4e03ffc,,54dfb417,,"auipc	x8,0x54dfb","s0,0x54dfb",
80009000,ori,t1:ffffffed,,bed0e313,,"ori	x6,x1,-1043","t1,ra,-1043",
80009004,xori,s1:fffffeb5,,eb5cc493,,"xori	x9,x25,-331","s1,s9,-331",
80009008,add,t4:61490000,,003f8eb3,,"add	x29,x31,x3","t4,t6,gp",
8000900c,and,s5:00000000,,0117fab3,,"and	x21,x15,x17","s5,a5,a7",
80009010,sub,s9:858dfffc,,40540cb3,,"sub	x25,x8,x5","s9,s0,t0",
80009014,srli,t1:00003fff,,0124d313,,"srli	x6,x9,0x12","t1,s1,0x12",
80009018,auipc,sp:d5cf3018,,55cea117,,"auipc	x2,0x55cea","sp,0x55cea",
80009020,lui,a4:f595f000,,f595f737,,"lui	x14,0xf595f","a4,0xf595f",
80009024,slli,s9:00000000,,00279c93,,"slli	x25,x15,0x2","s9,a5,0x2",
80009028,srl,s0:0100029c,,01c55433,,"srl	x8,x10,x28","s0,a0,t3",
8000902c,addi,a3:02fde50a,,75290693,,"addi	x13,x18,1874","a3,s2,1874",
80009030,slli,t2:dddb8000,,00c91393,,"slli	x7,x18,0xc","t2,s2,0xc",
80009034,slti,gp:00000000,,ca60a193,,"slti	x3,x1,-858","gp,ra,-858",
80009038,sll,s11:00000001,,01ac1db3,,"sll	x27,x24,x26","s11,s8,s10",
8000903c,lui,t2:39979000,,399793b7,,"lui	x7,0x39979","t2,0x39979",
80009040,sra,tp:ffffffff,,4098d233,,"sra	x4,x17,x9","tp,a7,s1",
80009044,sltiu,s11:00000001,,e9f0bd93,,"sltiu	x27,x1,-353","s11,ra,-353",
80009048,andi,s2:00000010,,0d417913,,"andi	x18,x2,212","s2,sp,212",
8000904c,xori,t2:000000f7,,0f6c4393,,"xori	x7,x24,246","t2,s8,246",
80009050,or,a5:0000000f,,013be7b3,,"or	x15,x23,x19","a5,s7,s3",
80009054,sltu,t3:00000000,,0167be33,,"sltu	x28,x15,x22","t3,a5,s6",
80009058,and,t4:45104000,,00e2feb3,,"and	x29,x5,x14","t4,t0,a4",
8000905c,sltu,a5:00000000,,01ce37b3,,"sltu	x15,x28,x28","a5,t3,t3",
80009060,slti,sp:00000000,,9154a113,,"slti	x2,x9,-1771","sp,s1,-1771",
80009064,lui,s11:023b1000,,023b1db7,,"lui	x27,0x23b1","s11,0x23b1",
80009068,or,a6:023b1000,,01b16833,,"or	x16,x2,x27","a6,sp,s11",
8000906c,sll,t3:ffffeb50,,00149e33,,"sll	x28,x9,x1","t3,s1,ra",
80009070,auipc,a3:09123070,,8911a697,,"auipc	x13,0x8911a","a3,0x8911a",
80009074,andi,a5:fffffac0,,ac28f793,,"andi	x15,x17,-1342","a5,a7,-1342",
80009078,andi,s6:80018c00,,e0af7b13,,"andi	x22,x30,-502","s6,t5,-502",
80009080,srai,s8:00000000,,41e6dc13,,"srai	x24,x13,0x1e","s8,a3,0x1e",
80009084,sltu,s0:00000000,,01233433,,"sltu	x8,x6,x18","s0,t1,s2",
80009088,slli,ra:40000000,,01c09093,,"slli	x1,x1,0x1c","ra,ra,0x1c",
8000908c,slt,s4:00000001,,006faa33,,"slt	x20,x31,x6","s4,t6,t1",
80009090,auipc,tp:c7922090,,47919217,,"auipc	x4,0x47919","tp,0x47919",
80009094,slti,gp:00000000,,8aa42193,,"slti	x3,x8,-1878","gp,s0,-1878",
80009098,slli,t0:00000000,,017b1293,,"slli	x5,x22,0x17","t0,s6,0x17",
8000909c,addi,gp:80014b1e,,cba50193,,"addi	x3,x10,-838","gp,a0,-838",
800090a0,sltiu,a2:00000001,,85343613,,"sltiu	x12,x8,-1965","a2,s0,-1965",
800090a4,srli,s2:00000000,,006ad913,,"srli	x18,x21,0x6","s2,s5,0x6",
800090a8,addi,s7:09122c73,,c0368b93,,"addi	x23,x13,-1021","s7,a3,-1021",
800090ac,sra,t6:80018ce4,,40ff5fb3,,"sra	x31,x30,x15","t6,t5,a5",
800090b0,ori,a5:fffffe6f,,e6fae793,,"ori	x15,x21,-401","a5,s5,-401",
800090b4,srai,s10:00000002,,41abdd13,,"srai	x26,x23,0x1a","s10,s7,0x1a",
800090b8,and,a4:00002c70,,00bbf733,,"and	x14,x23,x11","a4,s7,a1",
800090bc,sll,t3:023b1000,,01bd9e33,,"sll	x28,x27,x27","t3,s11,s11",
800090c0,srai,t2:00000058,,40775393,,"srai	x7,x14,0x7","t2,a4,0x7",
800090c8,sltu,t1:00000000,,00523333,,"sltu	x6,x4,x5","t1,tp,t0",
800090cc,xor,ra:00000058,,0003c0b3,,"xor	x1,x7,x0","ra,t2,zero",
800090d4,and,s6:00000000,,0032fb33,,"and	x22,x5,x3","s6,t0,gp",
800090d8,slli,s1:00000000,,015a9493,,"slli	x9,x21,0x15","s1,s5,0x15",
800090dc,and,s10:00000000,,00d07d33,,"and	x26,x0,x13","s10,zero,a3",
800090e0,xori,t3:fffffd4d,,d4d04e13,,"xori	x28,x0,-691","t3,zero,-691",
800090e4,sltu,s7:00000000,,00963bb3,,"sltu	x23,x12,x9","s7,a2,s1",
800090e8,slti,t6:00000001,,c4bf2f93,,"slti	x31,x30,-949","t6,t5,-949",
800090ec,sltu,a1:00000000,,0196b5b3,,"sltu	x11,x13,x25","a1,a3,s9",
800090f0,sltiu,s10:00000001,,8eb83d13,,"sltiu	x26,x16,-1813","s10,a6,-1813",
800090f4,slt,a1:00000001,,0168a5b3,,"slt	x11,x17,x22","a1,a7,s6",
800090f8,ori,a2:fffffddd,,49de6613,,"ori	x12,x28,1181","a2,t3,1181",
800090fc,and,s0:00000000,,009df433,,"and	x8,x27,x9","s0,s11,s1",
80009100,sll,s5:00000001,,008a1ab3,,"sll	x21,x20,x8","s5,s4,s0",
80009104,sll,gp:00010000,,00ef91b3,,"sll	x3,x31,x14","gp,t6,a4",
80009108,sub,t1:fffefffc,,40388333,,"sub	x6,x17,x3","t1,a7,gp",
8000910c,slti,t1:00000001,,2780a313,,"slti	x6,x1,632","t1,ra,632",
80009110,sub,s7:00000224,,40ca8bb3,,"sub	x23,x21,x12","s7,s5,a2",
80009114,srai,t4:00000000,,41b4de93,,"srai	x29,x9,0x1b","t4,s1,0x1b",
80009118,auipc,t4:6b3dd118,,eb3d4e97,,"auipc	x29,0xeb3d4","t4,0xeb3d4",
8000911c,srli,a5:00000000,,01ebd793,,"srli	x15,x23,0x1e","a5,s7,0x1e",
80009120,auipc,a7:8dd5d120,,0dd54897,,"auipc	x17,0xdd54","a7,0xdd54",
80009124,or,s4:cfd7f1b0,,0048ea33,,"or	x20,x17,x4","s4,a7,tp",
80009128,lui,s8:e045e000,,e045ec37,,"lui	x24,0xe045e","s8,0xe045e",
8000912c,xor,a1:00000000,,00bfc5b3,,"xor	x11,x31,x11","a1,t6,a1",
80009130,srai,a4:00476200,,40385713,,"srai	x14,x16,0x3","a4,a6,0x3",
80009134,sra,t0:c000c672,,41ff52b3,,"sra	x5,x30,x31","t0,t5,t6",
80009138,sltiu,s10:00000001,,17733d13,,"sltiu	x26,x6,375","s10,t1,375",
8000913c,slti,s5:00000000,,f32daa93,,"slti	x21,x27,-206","s5,s11,-206",
80009140,srli,sp:00000002,,01ef5113,,"srli	x2,x30,0x1e","sp,t5,0x1e",
80009144,andi,gp:00000000,,6c2c7193,,"andi	x3,x24,1730","gp,s8,1730",
80009148,sll,s0:00000001,,008d1433,,"sll	x8,x26,x8","s0,s10,s0",
8000914c,addi,a3:000001a0,,1a058693,,"addi	x13,x11,416","a3,a1,416",
80009150,ori,s7:fffffd60,,d6006b93,,"ori	x23,x0,-672","s7,zero,-672",
80009154,lui,t2:82f74000,,82f743b7,,"lui	x7,0x82f74","t2,0x82f74",
80009158,srli,s0:00000000,,01db5413,,"srli	x8,x22,0x1d","s0,s6,0x1d",
8000915c,srli,s7:00000047,,01075b93,,"srli	x23,x14,0x10","s7,a4,0x10",
80009160,ori,t1:0000031b,,31bae313,,"ori	x6,x21,795","t1,s5,795",
80009164,sub,ra:722a2cbd,,411600b3,,"sub	x1,x12,x17","ra,a2,a7",
80009168,and,ra:00000000,,0102f0b3,,"and	x1,x5,x16","ra,t0,a6",
8000916c,srl,a5:00000000,,00c757b3,,"srl	x15,x14,x12","a5,a4,a2",
80009170,add,t6:eb3f1f7c,,01d50fb3,,"add	x31,x10,x29","t6,a0,t4",
80009174,srli,t2:0008ec40,,00375393,,"srli	x7,x14,0x3","t2,a4,0x3",
80009178,or,a3:cfd7f1b0,,0141e6b3,,"or	x13,x3,x20","a3,gp,s4",
8000917c,sltiu,s6:00000001,,19c4bb13,,"sltiu	x22,x9,412","s6,s1,412",
80009180,srai,s11:ffffffe0,,4192dd93,,"srai	x27,x5,0x19","s11,t0,0x19",
80009184,xori,s11:0000007c,,d31e4d93,,"xori	x27,x28,-719","s11,t3,-719",
80009188,srli,a5:00004762,,0053d793,,"srli	x15,x7,0x5","a5,t2,0x5",
80009190,srli,tp:00000000,,015b5213,,"srli	x4,x22,0x15","tp,s6,0x15",
80009194,addi,a6:ffffff4e,,f4c10813,,"addi	x16,x2,-180","a6,sp,-180",
80009198,srli,t3:0000001a,,01aede13,,"srli	x28,x29,0x1a","t3,t4,0x1a",
8000919c,sltu,sp:00000000,,00efb133,,"sltu	x2,x31,x14","sp,t6,a4",
800091a0,sltu,s5:00000000,,01363ab3,,"sltu	x21,x12,x19","s5,a2,s3",
800091a4,slti,t6:00000000,,06132f93,,"slti	x31,x6,97","t6,t1,97",
800091a8,ori,t2:00000255,,2551e393,,"ori	x7,x3,597","t2,gp,597",
800091ac,sub,ra:00000000,,41ef00b3,,"sub	x1,x30,x30","ra,t5,t5",
800091b0,sub,t2:fffffce5,,406583b3,,"sub	x7,x11,x6","t2,a1,t1",
800091b4,sltiu,tp:00000001,,17643213,,"sltiu	x4,x8,374","tp,s0,374",
800091b8,addi,t1:80014d9c,,f3850313,,"addi	x6,x10,-200","t1,a0,-200",
800091bc,sltiu,a5:00000000,,1e853793,,"sltiu	x15,x10,488","a5,a0,488",
800091c0,lui,t4:76ae6000,,76ae6eb7,,"lui	x29,0x76ae6","t4,0x76ae6",
800091c4,or,tp:cfd7f1b0,,009a6233,,"or	x4,x20,x9","tp,s4,s1",
800091c8,lui,ra:7def5000,,7def50b7,,"lui	x1,0x7def5","ra,0x7def5",
800091cc,srai,t6:ffffe375,,4128df93,,"srai	x31,x17,0x12","t6,a7,0x12",
800091d0,sra,gp:fcfd7f1b,,40aa51b3,,"sra	x3,x20,x10","gp,s4,a0",
800091d4,auipc,s9:0f54f1d4,,8f546c97,,"auipc	x25,0x8f546","s9,0x8f546",
800091d8,addi,a1:8dd5d8ac,,78c88593,,"addi	x11,x17,1932","a1,a7,1932",
800091dc,slli,s4:00a6ce00,,00731a13,,"slli	x20,x6,0x7","s4,t1,0x7",
800091e0,slt,t6:00000000,,01e02fb3,,"slt	x31,x0,x30","t6,zero,t5",
800091e4,slli,sp:30000000,,00fe9113,,"slli	x2,x29,0xf","sp,t4,0xf",
800091e8,and,s6:00000000,,00a17b33,,"and	x22,x2,x10","s6,sp,a0",
800091ec,lui,s8:5d77e000,,5d77ec37,,"lui	x24,0x5d77e","s8,0x5d77e",
800091f0,slli,s1:001e0000,,01199493,,"slli	x9,x19,0x11","s1,s3,0x11",
800091f4,lui,a2:4608a000,,4608a637,,"lui	x12,0x4608a","a2,0x4608a",
800091f8,slti,t0:00000000,,d8e42293,,"slti	x5,x8,-626","t0,s0,-626",
800091fc,lui,sp:a6eff000,,a6eff137,,"lui	x2,0xa6eff","sp,0xa6eff",
80009200,srai,sp:00000000,,412dd113,,"srai	x2,x27,0x12","sp,s11,0x12",
80009204,slt,s4:00000001,,0099aa33,,"slt	x20,x19,x9","s4,s3,s1",
80009208,ori,a7:fffff9df,,99abe893,,"ori	x17,x23,-1638","a7,s7,-1638",
8000920c,sub,ra:a2882000,,418400b3,,"sub	x1,x8,x24","ra,s0,s8",
80009210,xor,s4:00000000,,01fb4a33,,"xor	x20,x22,x31","s4,s6,t6",
80009214,slt,s2:00000000,,00eca933,,"slt	x18,x25,x14","s2,s9,a4",
80009218,and,t4:80014d18,,00337eb3,,"and	x29,x6,x3","t4,t1,gp",
8000921c,addi,t6:ffffff03,,f0340f93,,"addi	x31,x8,-253","t6,s0,-253",
80009220,srli,ra:00000001,,01e65093,,"srli	x1,x12,0x1e","ra,a2,0x1e",
80009224,sll,t3:60000000,,00359e33,,"sll	x28,x11,x3","t3,a1,gp",
80009228,slli,a3:82280000,,00661693,,"slli	x13,x12,0x6","a3,a2,0x6",
8000922c,srl,a4:00000000,,01bdd733,,"srl	x14,x27,x27","a4,s11,s11",
80009230,xor,s6:fcfd7f1b,,00e1cb33,,"xor	x22,x3,x14","s6,gp,a4",
80009234,lui,s4:0450f000,,0450fa37,,"lui	x20,0x450f","s4,0x450f",
80009238,srli,s9:000450f0,,008a5c93,,"srli	x25,x20,0x8","s9,s4,0x8",
8000923c,slti,a1:00000000,,cdf9a593,,"slti	x11,x19,-801","a1,s3,-801",
80009240,add,a4:46089f4e,,00c80733,,"add	x14,x16,x12","a4,a6,a2",
80009244,lui,s6:da4a4000,,da4a4b37,,"lui	x22,0xda4a4","s6,0xda4a4",
80009248,sltiu,a4:00000001,,46e0b713,,"sltiu	x14,x1,1134","a4,ra,1134",
8000924c,or,t3:fffff9df,,0178ee33,,"or	x28,x17,x23","t3,a7,s7",
80009250,add,a4:00000001,,00ea8733,,"add	x14,x21,x14","a4,s5,a4",
80009254,or,a4:cfd7f1b1,,00476733,,"or	x14,x14,x4","a4,a4,tp",
80009258,slli,ra:d7f1b000,,00c19093,,"slli	x1,x3,0xc","ra,gp,0xc",
8000925c,srl,s4:cfd7f1b1,,00f75a33,,"srl	x20,x14,x15","s4,a4,a5",
80009260,sub,a3:0226b264,,406686b3,,"sub	x13,x13,x6","a3,a3,t1",
80009264,lui,t0:27254000,,272542b7,,"lui	x5,0x27254","t0,0x27254",
80009268,add,s2:cfd7f0ff,,01070933,,"add	x18,x14,x16","s2,a4,a6",
8000926c,slt,s9:00000001,,0182acb3,,"slt	x25,x5,x24","s9,t0,s8",
80009270,and,a1:001e0000,,0074f5b3,,"and	x11,x9,x7","a1,s1,t2",
80009274,or,t6:80014d9d,,01936fb3,,"or	x31,x6,x25","t6,t1,s9",
80009278,xor,t6:cfd7f1f6,,00ebcfb3,,"xor	x31,x23,x14","t6,s7,a4",
8000927c,srl,a2:fcfd7f1b,,0151d633,,"srl	x12,x3,x21","a2,gp,s5",
80009280,srl,t2:fcfd7f1b,,015653b3,,"srl	x7,x12,x21","t2,a2,s5",
80009284,addi,s5:8001859f,,8bbf0a93,,"addi	x21,x30,-1861","s5,t5,-1861",
80009288,srl,tp:0000000f,,01b8d233,,"srl	x4,x17,x27","tp,a7,s11",
8000928c,sll,s11:0000000f,,00f21db3,,"sll	x27,x4,x15","s11,tp,a5",
80009290,sltu,t4:00000000,,01463eb3,,"sltu	x29,x12,x20","t4,a2,s4",
80009294,slt,s8:00000001,,005cac33,,"slt	x24,x25,x5","s8,s9,t0",
80009298,sra,sp:fffffff3,,41f3d133,,"sra	x2,x7,x31","sp,t2,t6",
8000929c,add,sp:ffffff5d,,00480133,,"add	x2,x16,x4","sp,a6,tp",
800092a0,andi,gp:00000000,,20b47193,,"andi	x3,x8,523","gp,s0,523",
800092a4,slli,gp:ffeba000,,00d11193,,"slli	x3,x2,0xd","gp,sp,0xd",
800092a8,ori,tp:800185bf,,533ae213,,"ori	x4,x21,1331","tp,s5,1331",
800092ac,addi,a5:cfd7f74b,,64c90793,,"addi	x15,x18,1612","a5,s2,1612",
800092b0,slti,s4:00000001,,b64a2a13,,"slti	x20,x20,-1180","s4,s4,-1180",
800092b4,or,a1:0000000f,,01bde5b3,,"or	x11,x27,x27","a1,s11,s11",
800092b8,or,s7:ffffffff,,00296bb3,,"or	x23,x18,x2","s7,s2,sp",
800092bc,srli,a1:00000000,,0185d593,,"srli	x11,x11,0x18","a1,a1,0x18",
800092c0,addi,gp:0000042c,,42c00193,,"addi	x3,x0,1068","gp,zero,1068",
800092c4,andi,t1:00000000,,5d6cf313,,"andi	x6,x25,1494","t1,s9,1494",
800092c8,sra,t0:cfd7f1f6,,416fd2b3,,"sra	x5,x31,x22","t0,t6,s6",
800092cc,lui,a3:dde5c000,,dde5c6b7,,"lui	x13,0xdde5c","a3,0xdde5c",
800092d0,andi,tp:000000bb,,0bbbf213,,"andi	x4,x23,187","tp,s7,187",
800092d4,slti,s10:00000001,,0b15ad13,,"slti	x26,x11,177","s10,a1,177",
800092d8,sub,s8:7ffe731c,,41e40c33,,"sub	x24,x8,x30","s8,s0,t5",
800092dc,sra,a4:00000000,,41005733,,"sra	x14,x0,x16","a4,zero,a6",
800092e0,sll,t1:0018ce40,,00af1333,,"sll	x6,x30,x10","t1,t5,a0",
800092e4,slt,t6:00000000,,01102fb3,,"slt	x31,x0,x17","t6,zero,a7",
800092ec,and,a7:00000000,,018478b3,,"and	x17,x8,x24","a7,s0,s8",
800092f0,slt,gp:00000000,,01c721b3,,"slt	x3,x14,x28","gp,a4,t3",
800092f4,andi,t0:cfd7f249,,a597f293,,"andi	x5,x15,-1447","t0,a5,-1447",
800092f8,slli,s1:10000000,,01ca1493,,"slli	x9,x20,0x1c","s1,s4,0x1c",
80009300,addi,s5:ffffff75,,f7540a93,,"addi	x21,x8,-139","s5,s0,-139",
80009304,slli,s5:0029cc80,,00551a93,,"slli	x21,x10,0x5","s5,a0,0x5",
80009308,srai,s0:00000000,,418fd413,,"srai	x8,x31,0x18","s0,t6,0x18",
8000930c,xor,t4:ffffff4e,,00384eb3,,"xor	x29,x16,x3","t4,a6,gp",
80009310,andi,s10:fffffa02,,ab2efd13,,"andi	x26,x29,-1358","s10,t4,-1358",
80009314,srli,a3:00000067,,0192d693,,"srli	x13,x5,0x19","a3,t0,0x19",
80009318,xori,t2:00000442,,4f924393,,"xori	x7,x4,1273","t2,tp,1273",
8000931c,sll,t6:fffffeba,,01911fb3,,"sll	x31,x2,x25","t6,sp,s9",
80009320,ori,s7:fffffee4,,ae4f6b93,,"ori	x23,x30,-1308","s7,t5,-1308",
80009324,slt,a4:00000001,,01912733,,"slt	x14,x2,x25","a4,sp,s9",
80009328,sub,s5:7ffe731c,,41e18ab3,,"sub	x21,x3,x30","s5,gp,t5",
8000932c,addi,s0:8001493f,,adb50413,,"addi	x8,x10,-1317","s0,a0,-1317",
80009330,slt,s2:00000001,,0065a933,,"slt	x18,x11,x6","s2,a1,t1",
80009334,addi,t3:d7f1aac1,,ac108e13,,"addi	x28,x1,-1343","t3,ra,-1343",
80009338,slt,s8:00000001,,00642c33,,"slt	x24,x8,x6","s8,s0,t1",
8000933c,ori,s10:ffffffcf,,38f86d13,,"ori	x26,x16,911","s10,a6,911",
80009340,lui,a5:0b4f1000,,0b4f17b7,,"lui	x15,0xb4f1","a5,0xb4f1",
80009344,and,tp:00000002,,01b3f233,,"and	x4,x7,x27","tp,t2,s11",
80009348,andi,tp:0000000e,,22edf213,,"andi	x4,x27,558","tp,s11,558",
8000934c,sra,t0:00000001,,416c52b3,,"sra	x5,x24,x22","t0,s8,s6",
80009350,add,a3:0fffff5d,,009106b3,,"add	x13,x2,x9","a3,sp,s1",
80009354,sll,tp:80018ce4,,016f1233,,"sll	x4,x30,x22","tp,t5,s6",
80009358,add,a5:fffffee4,,00bb87b3,,"add	x15,x23,x11","a5,s7,a1",
80009360,slt,tp:00000001,,01422233,,"slt	x4,x4,x20","tp,tp,s4",
80009364,slti,t2:00000001,,888f2393,,"slti	x7,x30,-1912","t2,t5,-1912",
80009368,srli,a1:00000001,,01ff5593,,"srli	x11,x30,0x1f","a1,t5,0x1f",
8000936c,srli,t4:100029cc,,00355e93,,"srli	x29,x10,0x3","t4,a0,0x3",
80009370,srl,a1:7fffff5d,,01cfd5b3,,"srl	x11,x31,x28","a1,t6,t3",
80009374,add,s7:0018cd9d,,00230bb3,,"add	x23,x6,x2","s7,t1,sp",
80009378,andi,s9:00000000,,d461fc93,,"andi	x25,x3,-698","s9,gp,-698",
8000937c,slt,s7:00000001,,01462bb3,,"slt	x23,x12,x20","s7,a2,s4",
80009380,and,a3:00000001,,0073f6b3,,"and	x13,x7,x7","a3,t2,t2",
80009384,slli,t0:00000000,,017b1293,,"slli	x5,x22,0x17","t0,s6,0x17",
80009388,ori,t6:ffffff5d,,20d16f93,,"ori	x31,x2,525","t6,sp,525",
8000938c,xori,ra:10002d99,,455ec093,,"xori	x1,x29,1109","ra,t4,1109",
80009390,slli,s7:5d000000,,018f9b93,,"slli	x23,x31,0x18","s7,t6,0x18",
80009398,or,a3:00000001,,00d266b3,,"or	x13,x4,x13","a3,tp,a3",
8000939c,sub,t2:00000001,,403c03b3,,"sub	x7,x24,x3","t2,s8,gp",
800093a0,addi,s8:0000024f,,24098c13,,"addi	x24,x19,576","s8,s3,576",
800093a4,addi,s1:8001859d,,8b9f0493,,"addi	x9,x30,-1863","s1,t5,-1863",
800093a8,slt,s0:00000000,,01692433,,"slt	x8,x18,x22","s0,s2,s6",
800093ac,xor,s11:7ffe731d,,007acdb3,,"xor	x27,x21,x7","s11,s5,t2",
800093b0,and,a5:00000000,,0122f7b3,,"and	x15,x5,x18","a5,t0,s2",
800093b4,slli,t2:00080000,,013a1393,,"slli	x7,x20,0x13","t2,s4,0x13",
800093b8,slt,s11:00000000,,00342db3,,"slt	x27,x8,x3","s11,s0,gp",
800093bc,sltiu,t4:00000001,,f364be93,,"sltiu	x29,x9,-202","t4,s1,-202",
800093c0,slt,a4:00000000,,009ca733,,"slt	x14,x25,x9","a4,s9,s1",
800093c4,or,s7:ffffff5d,,00216bb3,,"or	x23,x2,x2","s7,sp,sp",
800093c8,sra,t0:ffffffff,,41a852b3,,"sra	x5,x16,x26","t0,a6,s10",
800093d0,add,s6:00000002,,014a0b33,,"add	x22,x20,x20","s6,s4,s4",
800093d4,addi,s8:100031c7,,42e08c13,,"addi	x24,x1,1070","s8,ra,1070",
800093d8,sltiu,t0:00000001,,ba7e3293,,"sltiu	x5,x28,-1113","t0,t3,-1113",
800093dc,slli,s9:e7800000,,017d1c93,,"slli	x25,x26,0x17","s9,s10,0x17",
800093e0,ori,a7:fffffdff,,cfb4e893,,"ori	x17,x9,-773","a7,s1,-773",
800093e8,andi,t2:00080000,,bfe3f393,,"andi	x7,x7,-1026","t2,t2,-1026",
800093ec,slti,t0:00000000,,df1aa293,,"slti	x5,x21,-527","t0,s5,-527",
800093f0,xori,t6:000001d9,,1d904f93,,"xori	x31,x0,473","t6,zero,473",
800093f4,sra,s2:ff000319,,418f5933,,"sra	x18,x30,x24","s2,t5,s8",
800093f8,slt,t2:00000000,,01a0a3b3,,"slt	x7,x1,x26","t2,ra,s10",
800093fc,auipc,sp:a43893fc,,24380117,,"auipc	x2,0x24380","sp,0x24380",
80009400,ori,t1:fffffa3f,,a339e313,,"ori	x6,x19,-1485","t1,s3,-1485",
80009404,srl,sp:00000002,,00cc5133,,"srl	x2,x24,x12","sp,s8,a2",
80009408,auipc,gp:b0e5a408,,30e51197,,"auipc	x3,0x30e51","gp,0x30e51",
8000940c,sltiu,a5:00000000,,713bb793,,"sltiu	x15,x23,1811","a5,s7,1811",
80009410,andi,s4:00000000,,a2917a13,,"andi	x20,x2,-1495","s4,sp,-1495",
80009414,and,t3:00000000,,00757e33,,"and	x28,x10,x7","t3,a0,t2",
80009418,sra,t1:00000000,,40105333,,"sra	x6,x0,x1","t1,zero,ra",
80009420,xor,a2:00000001,,005ec633,,"xor	x12,x29,x5","a2,t4,t0",
80009424,slli,a5:00000080,,006b1793,,"slli	x15,x22,0x6","a5,s6,0x6",
8000942c,srli,sp:00000000,,0069d113,,"srli	x2,x19,0x6","sp,s3,0x6",
80009430,sub,s7:80018ce4,,41528bb3,,"sub	x23,x5,x21","s7,t0,s5",
80009434,xori,a6:fffff911,,91064813,,"xori	x16,x12,-1776","a6,a2,-1776",
80009438,slt,s1:00000000,,0049a4b3,,"slt	x9,x19,x4","s1,s3,tp",
8000943c,srai,sp:0004000b,,40a0d113,,"srai	x2,x1,0xa","sp,ra,0xa",
80009440,ori,a3:fffffe67,,e6776693,,"ori	x13,x14,-409","a3,a4,-409",
80009444,sltiu,a4:00000000,,07f6b713,,"sltiu	x14,x13,127","a4,a3,127",
80009448,slli,t0:00080000,,013e9293,,"slli	x5,x29,0x13","t0,t4,0x13",
8000944c,slti,t2:00000000,,0b6aa393,,"slti	x7,x21,182","t2,s5,182",
80009450,slli,t3:f7fc0000,,01289e13,,"slli	x28,x17,0x12","t3,a7,0x12",
80009454,ori,s11:0000067b,,67b36d93,,"ori	x27,x6,1659","s11,t1,1659",
80009458,and,a5:00000000,,0006f7b3,,"and	x15,x13,x0","a5,a3,zero",
8000945c,xori,t1:00000716,,e0784313,,"xori	x6,x16,-505","t1,a6,-505",
80009464,srli,ra:000001ef,,017e5093,,"srli	x1,x28,0x17","ra,t3,0x17",
80009468,ori,ra:000003ef,,2810e093,,"ori	x1,x1,641","ra,ra,641",
8000946c,lui,s6:bb5ff000,,bb5ffb37,,"lui	x22,0xbb5ff","s6,0xbb5ff",
80009470,addi,s2:fffffb6d,,b5e98913,,"addi	x18,x19,-1186","s2,s3,-1186",
80009478,or,s1:fffffd19,,0101e4b3,,"or	x9,x3,x16","s1,gp,a6",
8000947c,sltiu,s4:00000001,,238fba13,,"sltiu	x20,x31,568","s4,t6,568",
80009480,add,tp:80014e73,,00a98233,,"add	x4,x19,x10","tp,s3,a0",
80009484,slti,sp:00000000,,1e3aa113,,"slti	x2,x21,483","sp,s5,483",
80009488,slli,sp:00000000,,01ab1113,,"slli	x2,x22,0x1a","sp,s6,0x1a",
80009490,and,s5:10002000,,003c7ab3,,"and	x21,x24,x3","s5,s8,gp",
80009494,addi,s5:00000cec,,5d630a93,,"addi	x21,x6,1494","s5,t1,1494",
80009498,or,t2:80018ff6,,01e363b3,,"or	x7,x6,x30","t2,t1,t5",
8000949c,sra,s9:00000000,,41f75cb3,,"sra	x25,x14,x31","s9,a4,t6",
800094a0,andi,s7:100030c1,,ad1c7b93,,"andi	x23,x24,-1327","s7,s8,-1327",
800094a4,sub,tp:fffff986,,41ba0233,,"sub	x4,x20,x27","tp,s4,s11",
800094a8,andi,s10:10003081,,eb1bfd13,,"andi	x26,x23,-335","s10,s7,-335",
800094ac,srl,a2:fffffd19,,0004d633,,"srl	x12,x9,x0","a2,s1,zero",
800094b4,and,a1:00018f54,,0075f5b3,,"and	x11,x11,x7","a1,a1,t2",
800094b8,slti,t4:00000001,,5ef92e93,,"slti	x29,x18,1519","t4,s2,1519",
800094bc,add,s10:000001d9,,01f70d33,,"add	x26,x14,x31","s10,a4,t6",
800094c0,slti,s5:00000001,,66f8aa93,,"slti	x21,x17,1647","s5,a7,1647",
800094c4,add,t3:100030c1,,00eb8e33,,"add	x28,x23,x14","t3,s7,a4",
800094c8,srl,s1:0000007f,,0094d4b3,,"srl	x9,x9,x9","s1,s1,s1",
800094cc,addi,a1:fffffb64,,e4b60593,,"addi	x11,x12,-437","a1,a2,-437",
800094d0,sra,sp:00000000,,4129d133,,"sra	x2,x19,x18","sp,s3,s2",
800094d4,xor,s10:0000049f,,00464d33,,"xor	x26,x12,x4","s10,a2,tp",
800094d8,lui,s9:884e7000,,884e7cb7,,"lui	x25,0x884e7","s9,0x884e7",
800094dc,srli,s7:00000000,,00da5b93,,"srli	x23,x20,0xd","s7,s4,0xd",
800094e0,sll,a6:0093e000,,012d1833,,"sll	x16,x26,x18","a6,s10,s2",
800094e4,ori,sp:884e7114,,114ce113,,"ori	x2,x25,276","sp,s9,276",
800094e8,slti,gp:00000000,,008c2193,,"slti	x3,x24,8","gp,s8,8",
800094ec,sll,a2:fffff6da,,01591633,,"sll	x12,x18,x21","a2,s2,s5",
800094f0,add,s11:80018ff7,,007e8db3,,"add	x27,x29,x7","s11,t4,t2",
800094f4,auipc,s9:04dea4f4,,84de1c97,,"auipc	x25,0x84de1","s9,0x84de1",
800094f8,or,sp:fffffe67,,0106e133,,"or	x2,x13,x16","sp,a3,a6",
80009500,auipc,tp:32dc7500,,b2dbe217,,"auipc	x4,0xb2dbe","tp,0xb2dbe",
80009504,slti,a5:00000000,,89632793,,"slti	x15,x6,-1898","a5,t1,-1898",
80009508,xori,s0:fffff963,,7046c413,,"xori	x8,x13,1796","s0,a3,1796",
8000950c,auipc,ra:876c750c,,076be097,,"auipc	x1,0x76be","ra,0x76be",
80009510,srai,a5:00000cb7,,41225793,,"srai	x15,x4,0x12","a5,tp,0x12",
80009518,slti,s10:00000000,,8631ad13,,"slti	x26,x3,-1949","s10,gp,-1949",
8000951c,auipc,ra:5386a51c,,d3861097,,"auipc	x1,0xd3861","ra,0xd3861",
80009524,srai,s8:00000000,,414fdc13,,"srai	x24,x31,0x14","s8,t6,0x14",
80009528,andi,s1:0093e000,,93d87493,,"andi	x9,x16,-1731","s1,a6,-1731",
80009530,ori,s1:fffffff7,,b617e493,,"ori	x9,x15,-1183","s1,a5,-1183",
80009538,srai,a5:00000000,,41e85793,,"srai	x15,x16,0x1e","a5,a6,0x1e",
8000953c,sub,ra:04dea4f3,,414c80b3,,"sub	x1,x25,x20","ra,s9,s4",
80009540,sra,tp:00000003,,402fd233,,"sra	x4,x31,x2","tp,t6,sp",
80009544,auipc,t0:f1112544,,71109297,,"auipc	x5,0x71109","t0,0x71109",
80009548,sll,t1:00000000,,01f79333,,"sll	x6,x15,x31","t1,a5,t6",
8000954c,auipc,t4:efda554c,,6fd9ce97,,"auipc	x29,0x6fd9c","t4,0x6fd9c",
80009550,add,a3:00000000,,017d06b3,,"add	x13,x26,x23","a3,s10,s7",
80009554,and,s8:0013e000,,010b7c33,,"and	x24,x22,x16","s8,s6,a6",
80009558,sub,gp:fffffb64,,411401b3,,"sub	x3,x8,x17","gp,s0,a7",
8000955c,srl,s8:000000ec,,014fdc33,,"srl	x24,x31,x20","s8,t6,s4",
80009560,sra,s0:fffffffb,,4028d433,,"sra	x8,x17,x2","s0,a7,sp",
80009564,xori,s8:f11126c7,,3832cc13,,"xori	x24,x5,899","s8,t0,899",
80009568,add,a5:7112b6be,,018d87b3,,"add	x15,x27,x24","a5,s11,s8",
8000956c,lui,a2:cf5c5000,,cf5c5637,,"lui	x12,0xcf5c5","a2,0xcf5c5",
80009570,slti,gp:00000000,,65a0a193,,"slti	x3,x1,1626","gp,ra,1626",
80009574,srl,s2:0bb5ff00,,00ab5933,,"srl	x18,x22,x10","s2,s6,a0",
80009578,sra,s6:00000000,,41abdb33,,"sra	x22,x23,x26","s6,s7,s10",
8000957c,srli,s8:00000000,,00aa5c13,,"srli	x24,x20,0xa","s8,s4,0xa",
80009580,auipc,t0:aa1da580,,2a1d1297,,"auipc	x5,0x2a1d1","t0,0x2a1d1",
80009584,or,t1:7112b6bf,,0157e333,,"or	x6,x15,x21","t1,a5,s5",
80009588,srli,a4:00000000,,017c5713,,"srli	x14,x24,0x17","a4,s8,0x17",
8000958c,sub,s5:80014e63,,41550ab3,,"sub	x21,x10,x21","s5,a0,s5",
80009590,srai,t2:00000013,,416cd393,,"srai	x7,x25,0x16","t2,s9,0x16",
80009594,add,sp:80014e5a,,009a8133,,"add	x2,x21,x9","sp,s5,s1",
80009598,srai,a3:00000000,,4153d693,,"srai	x13,x7,0x15","a3,t2,0x15",
8000959c,add,gp:84e031d7,,01e081b3,,"add	x3,x1,x30","gp,ra,t5",
800095a0,sub,a1:7b1fce29,,403705b3,,"sub	x11,x14,x3","a1,a4,gp",
800095a4,slli,s8:7112b6be,,00079c13,,"slli	x24,x15,0x0","s8,a5,0x0",
800095a8,andi,s1:000001e3,,1e3df493,,"andi	x9,x27,483","s1,s11,483",
800095ac,slli,s1:00000000,,012b1493,,"slli	x9,x22,0x12","s1,s6,0x12",
800095b0,auipc,s10:ab53d5b0,,2b534d17,,"auipc	x26,0x2b534","s10,0x2b534",
800095b4,sra,t6:00000000,,40dbdfb3,,"sra	x31,x23,x13","t6,s7,a3",
800095b8,srl,a3:00000800,,019f56b3,,"srl	x13,x30,x25","a3,t5,s9",
800095bc,slli,a4:00000000,,007b9713,,"slli	x14,x23,0x7","a4,s7,0x7",
800095c0,slt,t6:00000001,,003aafb3,,"slt	x31,x21,x3","t6,s5,gp",
800095c4,slli,s9:80000000,,01f89c93,,"slli	x25,x17,0x1f","s9,a7,0x1f",
800095c8,sll,tp:84e031d7,,00919233,,"sll	x4,x3,x9","tp,gp,s1",
800095cc,slli,s8:000c6720,,003f1c13,,"slli	x24,x30,0x3","s8,t5,0x3",
800095d4,or,a2:84e039d7,,0046e633,,"or	x12,x13,x4","a2,a3,tp",
800095d8,andi,s6:00000038,,0797fb13,,"andi	x22,x15,121","s6,a5,121",
800095dc,sub,a2:253d6ba9,,40c28633,,"sub	x12,x5,x12","a2,t0,a2",
800095e0,or,s5:f113feff,,00faeab3,,"or	x21,x21,x15","s5,s5,a5",
800095e4,addi,sp:84e02ca2,,acb20113,,"addi	x2,x4,-1333","sp,tp,-1333",
800095e8,addi,gp:fffffdfa,,dff40193,,"addi	x3,x8,-513","gp,s0,-513",
800095ec,ori,s11:fffffe65,,a6156d93,,"ori	x27,x10,-1439","s11,a0,-1439",
800095f0,sll,a7:fffffdfa,,019198b3,,"sll	x17,x3,x25","a7,gp,s9",
800095f4,lui,a7:cfd5d000,,cfd5d8b7,,"lui	x17,0xcfd5d","a7,0xcfd5d",
800095f8,sub,a4:cfd5cff1,,41388733,,"sub	x14,x17,x19","a4,a7,s3",
800095fc,ori,s4:fffffa1c,,a1c86a13,,"ori	x20,x16,-1508","s4,a6,-1508",
80009600,srl,t1:0093e000,,01285333,,"srl	x6,x16,x18","t1,a6,s2",
80009604,sub,s10:0093dfed,,40730d33,,"sub	x26,x6,x7","s10,t1,t2",
80009608,slt,t3:00000000,,0010ae33,,"slt	x28,x1,x1","t3,ra,ra",
8000960c,srli,s4:000002a8,,0162da13,,"srli	x20,x5,0x16","s4,t0,0x16",
80009610,auipc,t2:8f73a610,,0f731397,,"auipc	x7,0xf731","t2,0xf731",
80009614,auipc,s10:55488614,,d547fd17,,"auipc	x26,0xd547f","s10,0xd547f",
80009618,srli,s9:0000011e,,0173dc93,,"srli	x25,x7,0x17","s9,t2,0x17",
8000961c,andi,s7:00000000,,89b07b93,,"andi	x23,x0,-1893","s7,zero,-1893",
80009620,addi,a7:800151b5,,35150893,,"addi	x17,x10,849","a7,a0,849",
80009624,auipc,s7:2a5f3624,,aa5eab97,,"auipc	x23,0xaa5ea","s7,0xaa5ea",
80009628,xori,a6:0eec076c,,993ac813,,"xori	x16,x21,-1645","a6,s5,-1645",
8000962c,ori,s9:7112b7fe,,1cc7ec93,,"ori	x25,x15,460","s9,a5,460",
80009630,andi,t6:00000280,,fc1a7f93,,"andi	x31,x20,-63","t6,s4,-63",
80009634,srli,s1:00000000,,010fd493,,"srli	x9,x31,0x10","s1,t6,0x10",
80009638,srli,s8:0000003b,,01aedc13,,"srli	x24,x29,0x1a","s8,t4,0x1a",
8000963c,add,a3:4522db60,,01ae86b3,,"add	x13,x29,x26","a3,t4,s10",
80009640,addi,sp:fffff94b,,94b48113,,"addi	x2,x9,-1717","sp,s1,-1717",
80009644,xor,a6:0eec0104,,008ac833,,"xor	x16,x21,x8","a6,s5,s0",
80009648,srai,s1:00000000,,412b5493,,"srai	x9,x22,0x12","s1,s6,0x12",
8000964c,add,s2:fffff946,,00810933,,"add	x18,x2,x8","s2,sp,s0",
80009650,or,a6:ffdaf7fe,,00fee833,,"or	x16,x29,x15","a6,t4,a5",
80009654,slt,t2:00000000,,000c23b3,,"slt	x7,x24,x0","t2,s8,zero",
80009658,andi,ra:fffff803,,e9317093,,"andi	x1,x2,-365","ra,sp,-365",
8000965c,lui,s2:5f0be000,,5f0be937,,"lui	x18,0x5f0be","s2,0x5f0be",
80009660,ori,t6:7112b7ff,,265cef93,,"ori	x31,x25,613","t6,s9,613",
80009664,srl,ra:00000711,,01a7d0b3,,"srl	x1,x15,x26","ra,a5,s10",
80009668,slti,t0:00000001,,767ea293,,"slti	x5,x29,1895","t0,t4,1895",
8000966c,lui,t1:3529d000,,3529d337,,"lui	x6,0x3529d","t1,0x3529d",
80009670,addi,s7:fffff96c,,02110b93,,"addi	x23,x2,33","s7,sp,33",
80009674,xor,t2:b5289e64,,006543b3,,"xor	x7,x10,x6","t2,a0,t1",
80009678,srai,a5:ffff6a51,,40f3d793,,"srai	x15,x7,0xf","a5,t2,0xf",
8000967c,srai,t0:0003d8fe,,40d5d293,,"srai	x5,x11,0xd","t0,a1,0xd",
80009680,sra,ra:0000129e,,401650b3,,"sra	x1,x12,x1","ra,a2,ra",
80009684,srli,ra:007fffb5,,0097d093,,"srli	x1,x15,0x9","ra,a5,0x9",
80009688,or,s8:ffdbfffe,,01056c33,,"or	x24,x10,x16","s8,a0,a6",
8000968c,sub,s11:edf92801,,41f90db3,,"sub	x27,x18,x31","s11,s2,t6",
80009690,sra,s8:00000000,,41fa5c33,,"sra	x24,x20,x31","s8,s4,t6",
80009694,sll,s4:00000000,,01f91a33,,"sll	x20,x18,x31","s4,s2,t6",
80009698,lui,a4:fc417000,,fc417737,,"lui	x14,0xfc417","a4,0xfc417",
8000969c,slli,t0:ff2d8000,,00db9293,,"slli	x5,x23,0xd","t0,s7,0xd",
800096a0,srli,a2:00020005,,00e8d613,,"srli	x12,x17,0xe","a2,a7,0xe",
800096a8,sltu,t6:00000000,,0145bfb3,,"sltu	x31,x11,x20","t6,a1,s4",
800096ac,srai,a6:e000546d,,4028d813,,"srai	x16,x17,0x2","a6,a7,0x2",
800096b0,srli,t3:001fffff,,00b45e13,,"srli	x28,x8,0xb","t3,s0,0xb",
800096b4,sll,tp:5289e640,,01e39233,,"sll	x4,x7,x30","tp,t2,t5",
800096b8,and,a1:00000000,,01f775b3,,"and	x11,x14,x31","a1,a4,t6",
800096bc,slli,sp:00000000,,00759113,,"slli	x2,x11,0x7","sp,a1,0x7",
800096c0,sll,s8:3a000000,,01031c33,,"sll	x24,x6,x16","s8,t1,a6",
800096c4,auipc,s0:add726c4,,2dd69417,,"auipc	x8,0x2dd69","s0,0x2dd69",
800096c8,andi,s11:f113fa1d,,a1dafd93,,"andi	x27,x21,-1507","s11,s5,-1507",
800096cc,slti,a6:00000000,,66dca813,,"slti	x16,x25,1645","a6,s9,1645",
800096d0,sltu,a5:00000000,,01c1b7b3,,"sltu	x15,x3,x28","a5,gp,t3",
800096d4,srai,s0:05f0be00,,40495413,,"srai	x8,x18,0x4","s0,s2,0x4",
800096d8,auipc,s4:ca7c76d8,,4a7bea17,,"auipc	x20,0x4a7be","s4,0x4a7be",
800096dc,and,gp:42884440,,01d271b3,,"and	x3,x4,x29","gp,tp,t4",
800096e0,auipc,tp:b4da16e0,,34d98217,,"auipc	x4,0x34d98","tp,0x34d98",
800096e4,sra,a4:00000000,,41005733,,"sra	x14,x0,x16","a4,zero,a6",
800096e8,xor,a3:c5235784,,00df46b3,,"xor	x13,x30,x13","a3,t5,a3",
800096ec,srai,a3:fffffe00,,41655693,,"srai	x13,x10,0x16","a3,a0,0x16",
800096f0,and,s6:000011b4,,0198fb33,,"and	x22,x17,x25","s6,a7,s9",
800096f4,or,a2:b4da16e0,,0045e633,,"or	x12,x11,x4","a2,a1,tp",
800096f8,srli,s5:00000000,,016e5a93,,"srli	x21,x28,0x16","s5,t3,0x16",
800096fc,or,t1:b529de64,,00656333,,"or	x6,x10,x6","t1,a0,t1",
80009700,slt,a2:00000001,,01a6a633,,"slt	x12,x13,x26","a2,a3,s10",
80009704,slti,tp:00000000,,ed662213,,"slti	x4,x12,-298","tp,a2,-298",
80009708,or,ra:00000001,,00c760b3,,"or	x1,x14,x12","ra,a4,a2",
8000970c,auipc,s9:4de7170c,,cde68c97,,"auipc	x25,0xcde68","s9,0xcde68",
80009710,ori,s9:ffffff74,,3746ec93,,"ori	x25,x13,884","s9,a3,884",
80009714,sltiu,s7:00000001,,bdd3bb93,,"sltiu	x23,x7,-1059","s7,t2,-1059",
80009718,slti,a4:00000001,,e84f2713,,"slti	x14,x30,-380","a4,t5,-380",
8000971c,sll,t3:80000000,,01b31e33,,"sll	x28,x6,x27","t3,t1,s11",
80009720,srai,t0:ffffff00,,417e5293,,"srai	x5,x28,0x17","t0,t3,0x17",
80009724,sltu,s5:00000000,,0081bab3,,"sltu	x21,x3,x8","s5,gp,s0",
8000972c,andi,s6:55488410,,d78d7b13,,"andi	x22,x26,-648","s6,s10,-648",
80009730,add,a1:00000001,,004705b3,,"add	x11,x14,x4","a1,a4,tp",
80009734,or,a4:00000001,,00166733,,"or	x14,x12,x1","a4,a2,ra",
80009738,sltiu,s9:00000001,,fa48bc93,,"sltiu	x25,x17,-92","s9,a7,-92",
8000973c,andi,s9:00000000,,81f27c93,,"andi	x25,x4,-2017","s9,tp,-2017",
80009740,sra,gp:05f0be00,,403451b3,,"sra	x3,x8,x3","gp,s0,gp",
80009744,ori,t2:ffffff65,,f645e393,,"ori	x7,x11,-156","t2,a1,-156",
80009748,or,ra:05f0be00,,000460b3,,"or	x1,x8,x0","ra,s0,zero",
8000974c,and,a5:00000000,,0145f7b3,,"and	x15,x11,x20","a5,a1,s4",
80009750,or,s1:efda554c,,009ee4b3,,"or	x9,x29,x9","s1,t4,s1",
80009754,ori,s9:000004fd,,4fdaec93,,"ori	x25,x21,1277","s9,s5,1277",
80009758,and,gp:00000e00,,008571b3,,"and	x3,x10,x8","gp,a0,s0",
8000975c,srai,s5:ffffffc0,,419f5a93,,"srai	x21,x30,0x19","s5,t5,0x19",
80009760,xor,s1:aab779d4,,015d44b3,,"xor	x9,x26,x21","s1,s10,s5",
80009768,or,t1:000004ff,,013ce333,,"or	x6,x25,x19","t1,s9,s3",
8000976c,srl,s9:00000000,,016cdcb3,,"srl	x25,x25,x22","s9,s9,s6",
80009770,add,t3:80018ce5,,01e60e33,,"add	x28,x12,x30","t3,a2,t5",
80009774,srl,s2:5f0be000,,00195933,,"srl	x18,x18,x1","s2,s2,ra",
80009778,or,sp:00000000,,000fe133,,"or	x2,x31,x0","sp,t6,zero",
8000977c,sub,t6:fffffe00,,40f68fb3,,"sub	x31,x13,x15","t6,a3,a5",
80009780,slt,t4:00000001,,008eaeb3,,"slt	x29,x29,x8","t4,t4,s0",
80009784,auipc,sp:4e503784,,ce4fa117,,"auipc	x2,0xce4fa","sp,0xce4fa",
80009788,slti,t3:00000000,,73dc2e13,,"slti	x28,x24,1853","t3,s8,1853",
8000978c,sub,s5:4bab99d4,,41248ab3,,"sub	x21,x9,x18","s5,s1,s2",
80009790,sra,ra:ffffff00,,41c2d0b3,,"sra	x1,x5,x28","ra,t0,t3",
80009798,srai,tp:fffffffb,,4053d213,,"srai	x4,x7,0x5","tp,t2,0x5",
8000979c,sltiu,a2:00000000,,05643613,,"sltiu	x12,x8,86","a2,s0,86",
800097a0,or,t3:df0bece4,,012f6e33,,"or	x28,x30,x18","t3,t5,s2",
800097a4,xori,a7:fffffff9,,b0634893,,"xori	x17,x6,-1274","a7,t1,-1274",
800097a8,auipc,a1:c7b7a7a8,,47b71597,,"auipc	x11,0x47b71","a1,0x47b71",
800097ac,and,s11:00000000,,0047fdb3,,"and	x27,x15,x4","s11,a5,tp",
800097b0,slti,gp:00000000,,86dd2193,,"slti	x3,x26,-1939","gp,s10,-1939",
800097b4,and,a6:00000000,,002cf833,,"and	x16,x25,x2","a6,s9,sp",
800097b8,sub,s5:e4b779ec,,41ac0ab3,,"sub	x21,x24,x26","s5,s8,s10",
800097bc,and,s11:e4b77964,,007afdb3,,"and	x27,x21,x7","s11,s5,t2",
800097c0,slti,t3:00000000,,f7db2e13,,"slti	x28,x22,-131","t3,s6,-131",
800097c4,sub,ra:c7b7a799,,413580b3,,"sub	x1,x11,x19","ra,a1,s3",
800097c8,srl,t2:00000000,,00e753b3,,"srl	x7,x14,x14","t2,a4,a4",
800097cc,sltu,a7:00000000,,0122b8b3,,"sltu	x17,x5,x18","a7,t0,s2",
800097d0,lui,t1:f41bf000,,f41bf337,,"lui	x6,0xf41bf","t1,0xf41bf",
800097d4,srli,s10:00000000,,01185d13,,"srli	x26,x16,0x11","s10,a6,0x11",
800097dc,slt,a3:00000001,,00e026b3,,"slt	x13,x0,x14","a3,zero,a4",
800097e0,addi,s11:fffff943,,94318d93,,"addi	x27,x3,-1725","s11,gp,-1725",
800097e4,lui,s5:d625f000,,d625fab7,,"lui	x21,0xd625f","s5,0xd625f",
800097ec,sra,t1:55488410,,412b5333,,"sra	x6,x22,x18","t1,s6,s2",
800097f0,slt,s11:00000001,,0132adb3,,"slt	x27,x5,x19","s11,t0,s3",
800097f4,srli,a6:00000000,,00fed813,,"srli	x16,x29,0xf","a6,t4,0xf",
800097fc,slt,t4:00000000,,0101aeb3,,"slt	x29,x3,x16","t4,gp,a6",
80009800,sltiu,t3:00000000,,ba523e13,,"sltiu	x28,x4,-1115","t3,tp,-1115",
80009804,auipc,s9:67577804,,e756ec97,,"auipc	x25,0xe756e","s9,0xe756e",
80009808,ori,t2:0000058f,,58b9e393,,"ori	x7,x19,1419","t2,s3,1419",
8000980c,sltiu,t0:00000001,,ee763293,,"sltiu	x5,x12,-281","t0,a2,-281",
80009810,slt,a2:00000001,,0150a633,,"slt	x12,x1,x21","a2,ra,s5",
80009814,xori,a7:000002e2,,2e2ec893,,"xori	x17,x29,738","a7,t4,738",
8000981c,slli,gp:00000000,,01919193,,"slli	x3,x3,0x19","gp,gp,0x19",
80009820,addi,a5:aab773d0,,9fc48793,,"addi	x15,x9,-1540","a5,s1,-1540",
80009824,andi,a2:00000001,,d67bf613,,"andi	x12,x23,-665","a2,s7,-665",
8000982c,slli,t3:d5de0100,,006c9e13,,"slli	x28,x25,0x6","t3,s9,0x6",
80009830,and,s4:c5960100,,001e7a33,,"and	x20,x28,x1","s4,t3,ra",
80009834,andi,s5:00000000,,04b1fa93,,"andi	x21,x3,75","s5,gp,75",
80009838,srai,a5:fffffff8,,41b5d793,,"srai	x15,x11,0x1b","a5,a1,0x1b",
80009840,slti,s5:00000001,,37522a93,,"slti	x21,x4,885","s5,tp,885",
80009844,xor,a5:4e503785,,002647b3,,"xor	x15,x12,x2","a5,a2,sp",
80009848,slti,a6:00000001,,6884a813,,"slti	x16,x9,1672","a6,s1,1672",
8000984c,sltiu,s4:00000001,,0062ba13,,"sltiu	x20,x5,6","s4,t0,6",
80009850,slli,s4:00000020,,00571a13,,"slli	x20,x14,0x5","s4,a4,0x5",
80009854,or,a6:00000001,,01dde833,,"or	x16,x27,x29","a6,s11,t4",
80009858,and,ra:00000000,,0081f0b3,,"and	x1,x3,x8","ra,gp,s0",
8000985c,srai,s5:fffe0005,,40e55a93,,"srai	x21,x10,0xe","s5,a0,0xe",
80009860,add,t3:1d002bb8,,01658e33,,"add	x28,x11,x22","t3,a1,s6",
80009864,slt,s10:00000000,,003dad33,,"slt	x26,x27,x3","s10,s11,gp",
80009868,slt,t0:00000000,,0019a2b3,,"slt	x5,x19,x1","t0,s3,ra",
8000986c,srai,s0:00000000,,4112d413,,"srai	x8,x5,0x11","s0,t0,0x11",
80009870,sub,s7:e2ffd448,,41cd0bb3,,"sub	x23,x26,x28","s7,s10,t3",
80009874,xor,s0:420bcbb8,,012e4433,,"xor	x8,x28,x18","s0,t3,s2",
80009878,auipc,ra:f0778878,,7076f097,,"auipc	x1,0x7076f","ra,0x7076f",
8000987c,srai,t4:00055488,,40cb5e93,,"srai	x29,x22,0xc","t4,s6,0xc",
80009884,auipc,t0:23e23884,,a3e1a297,,"auipc	x5,0xa3e1a","t0,0xa3e1a",
80009888,sltiu,ra:00000001,,9d193093,,"sltiu	x1,x18,-1583","ra,s2,-1583",
8000988c,auipc,a5:3807088c,,b8067797,,"auipc	x15,0xb8067","a5,0xb8067",
80009890,and,a4:00000000,,016d7733,,"and	x14,x26,x22","a4,s10,s6",
80009894,sltiu,t3:00000000,,7c4bbe13,,"sltiu	x28,x23,1988","t3,s7,1988",
80009898,sll,s0:00000001,,00e09433,,"sll	x8,x1,x14","s0,ra,a4",
8000989c,sra,t6:00000000,,4196dfb3,,"sra	x31,x13,x25","t6,a3,s9",
800098a0,slli,t1:06339000,,00af1313,,"slli	x6,x30,0xa","t1,t5,0xa",
800098a4,and,s1:00000000,,019a74b3,,"and	x9,x20,x25","s1,s4,s9",
800098a8,srai,sp:03a00000,,404c5113,,"srai	x2,x24,0x4","sp,s8,0x4",
800098ac,auipc,s4:f102d8ac,,71024a17,,"auipc	x20,0x71024","s4,0x71024",
800098b0,add,a3:00000001,,000086b3,,"add	x13,x1,x0","a3,ra,zero",
800098b4,sltiu,a1:00000001,,a4f03593,,"sltiu	x11,x0,-1457","a1,zero,-1457",
800098bc,sra,s10:000000b8,,4118dd33,,"sra	x26,x17,x17","s10,a7,a7",
800098c0,xori,t0:000003de,,3defc293,,"xori	x5,x31,990","t0,t6,990",
800098c8,andi,t2:00000390,,bb12f393,,"andi	x7,x5,-1103","t2,t0,-1103",
800098d0,andi,gp:00000040,,15af7193,,"andi	x3,x30,346","gp,t5,346",
800098d4,slli,a1:00000000,,01f19593,,"slli	x11,x3,0x1f","a1,gp,0x1f",
800098d8,and,a2:00000001,,01347633,,"and	x12,x8,x19","a2,s0,s3",
800098dc,auipc,s11:4ed728dc,,ced69d97,,"auipc	x27,0xced69","s11,0xced69",
800098e0,ori,t3:fffff9bf,,9be46e13,,"ori	x28,x8,-1602","t3,s0,-1602",
800098e4,sub,a4:fc5ff9bf,,402e0733,,"sub	x14,x28,x2","a4,t3,sp",
800098e8,ori,s2:fffff917,,91766913,,"ori	x18,x12,-1769","s2,a2,-1769",
800098ec,sra,a6:fe2ffcdf,,41075833,,"sra	x16,x14,x16","a6,a4,a6",
800098f0,or,a6:80014e65,,00d56833,,"or	x16,x10,x13","a6,a0,a3",
800098f4,sub,a3:c7f8f08b,,40f906b3,,"sub	x13,x18,x15","a3,s2,a5",
800098f8,srli,a4:00000000,,01a05713,,"srli	x14,x0,0x1a","a4,zero,0x1a",
800098fc,srli,a7:00000000,,01e4d893,,"srli	x17,x9,0x1e","a7,s1,0x1e",
80009900,sltiu,s2:00000001,,f6df3913,,"sltiu	x18,x30,-147","s2,t5,-147",
80009908,auipc,s9:afdbd908,,2fdb4c97,,"auipc	x25,0x2fdb4","s9,0x2fdb4",
8000990c,slli,ra:00000000,,01c71093,,"slli	x1,x14,0x1c","ra,a4,0x1c",
80009910,or,gp:ffffffff,,004861b3,,"or	x3,x16,x4","gp,a6,tp",
80009914,srli,s8:00000003,,01e1dc13,,"srli	x24,x3,0x1e","s8,gp,0x1e",
80009918,slt,a5:00000000,,0172a7b3,,"slt	x15,x5,x23","a5,t0,s7",
8000991c,srli,ra:02aa4420,,005b5093,,"srli	x1,x22,0x5","ra,s6,0x5",
80009920,or,a5:ffffffff,,004867b3,,"or	x15,x16,x4","a5,a6,tp",
80009924,srai,s4:f80014e6,,40485a13,,"srai	x20,x16,0x4","s4,a6,0x4",
80009928,add,s11:afdbd908,,01900db3,,"add	x27,x0,x25","s11,zero,s9",
8000992c,sub,s10:8632031c,,41e30d33,,"sub	x26,x6,x30","s10,t1,t5",
80009930,slti,a1:00000000,,83c42593,,"slti	x11,x8,-1988","a1,s0,-1988",
80009934,ori,s7:fffffd9b,,d9b06b93,,"ori	x23,x0,-613","s7,zero,-613",
80009938,auipc,a7:0dffd938,,8dff4897,,"auipc	x17,0x8dff4","a7,0x8dff4",
8000993c,sltu,s8:00000000,,0106bc33,,"sltu	x24,x13,x16","s8,a3,a6",
80009940,srli,a7:2aa44208,,001b5893,,"srli	x17,x22,0x1","a7,s6,0x1",
80009944,lui,a1:adfb9000,,adfb95b7,,"lui	x11,0xadfb9","a1,0xadfb9",
80009948,slt,a3:00000000,,01a326b3,,"slt	x13,x6,x26","a3,t1,s10",
8000994c,auipc,a4:1c5d594c,,9c5cc717,,"auipc	x14,0x9c5cc","a4,0x9c5cc",
80009950,andi,a7:00000000,,3f317893,,"andi	x17,x2,1011","a7,sp,1011",
80009954,auipc,s7:0a6bf954,,8a6b6b97,,"auipc	x23,0x8a6b6","s7,0x8a6b6",
80009958,sltiu,tp:00000001,,5be9b213,,"sltiu	x4,x19,1470","tp,s3,1470",
8000995c,slt,t3:00000001,,0027ae33,,"slt	x28,x15,x2","t3,a5,sp",
80009960,slli,s4:80000000,,01f79a13,,"slli	x20,x15,0x1f","s4,a5,0x1f",
80009964,slt,gp:00000001,,0047a1b3,,"slt	x3,x15,x4","gp,a5,tp",
80009968,lui,a2:5f4b6000,,5f4b6637,,"lui	x12,0x5f4b6","a2,0x5f4b6",
8000996c,slt,s5:00000000,,0089aab3,,"slt	x21,x19,x8","s5,s3,s0",
80009970,sub,sp:e64cead4,,40e08133,,"sub	x2,x1,x14","sp,ra,a4",
80009974,sub,s1:5f4b6001,,40f604b3,,"sub	x9,x12,x15","s1,a2,a5",
80009978,slt,tp:00000000,,01e02233,,"slt	x4,x0,x30","tp,zero,t5",
8000997c,slt,ra:00000000,,0049a0b3,,"slt	x1,x19,x4","ra,s3,tp",
80009980,or,s4:00000001,,018e6a33,,"or	x20,x28,x24","s4,t3,s8",
8000998c,sub,a1:a0b4a3de,,40c285b3,,"sub	x11,x5,x12","a1,t0,a2",
80009990,xor,a6:80014e64,,010e4833,,"xor	x16,x28,x16","a6,t3,a6",
80009994,xor,t6:1c5d594c,,00e04fb3,,"xor	x31,x0,x14","t6,zero,a4",
80009998,slti,s8:00000001,,c53cac13,,"slti	x24,x25,-941","s8,s9,-941",
8000999c,sub,s6:5f4b5fb2,,40b38b33,,"sub	x22,x7,x11","s6,t2,a1",
800099a0,addi,a1:1c5d52e0,,994f8593,,"addi	x11,x31,-1644","a1,t6,-1644",
800099a4,sll,s2:4cead400,,01b11933,,"sll	x18,x2,x27","s2,sp,s11",
800099ac,auipc,s7:3a9819ac,,ba978b97,,"auipc	x23,0xba978","s7,0xba978",
800099b0,sll,a1:0000000f,,012995b3,,"sll	x11,x19,x18","a1,s3,s2",
800099b4,lui,t6:320b8000,,320b8fb7,,"lui	x31,0x320b8","t6,0x320b8",
800099b8,addi,s0:afdbd468,,b60c8413,,"addi	x8,x25,-1184","s0,s9,-1184",
800099bc,sltiu,a7:00000000,,5cd73893,,"sltiu	x17,x14,1485","a7,a4,1485",
800099c0,srai,s6:00000000,,4122db13,,"srai	x22,x5,0x12","s6,t0,0x12",
800099c4,slt,a7:00000001,,01f728b3,,"slt	x17,x14,x31","a7,a4,t6",
800099c8,addi,s5:fffffe4d,,e4db0a93,,"addi	x21,x22,-435","s5,s6,-435",
800099cc,lui,a6:da186000,,da186837,,"lui	x16,0xda186","a6,0xda186",
800099d0,sll,s7:00008000,,013e1bb3,,"sll	x23,x28,x19","s7,t3,s3",
800099d4,addi,s9:fffffdef,,dee18c93,,"addi	x25,x3,-530","s9,gp,-530",
800099d8,sltu,s8:00000001,,01a4bc33,,"sltu	x24,x9,x26","s8,s1,s10",
800099dc,slt,a2:00000000,,0111a633,,"slt	x12,x3,x17","a2,gp,a7",
800099e0,srli,s9:00000000,,0121dc93,,"srli	x25,x3,0x12","s9,gp,0x12",
800099e4,slli,s0:d594c000,,00c71413,,"slli	x8,x14,0xc","s0,a4,0xc",
800099e8,srai,s7:00000000,,41c8db93,,"srai	x23,x17,0x1c","s7,a7,0x1c",
800099ec,addi,a7:80015284,,42050893,,"addi	x17,x10,1056","a7,a0,1056",
800099f0,and,s6:00000000,,0161fb33,,"and	x22,x3,x22","s6,gp,s6",
800099f4,xori,t1:fffffd8d,,d8c1c313,,"xori	x6,x3,-628","t1,gp,-628",
800099f8,slli,s11:00000000,,01909d93,,"slli	x27,x1,0x19","s11,ra,0x19",
800099fc,srl,t0:80015284,,01b8d2b3,,"srl	x5,x17,x27","t0,a7,s11",
80009a00,slt,s0:00000001,,01c42433,,"slt	x8,x8,x28","s0,s0,t3",
80009a04,srai,t6:00000000,,412c5f93,,"srai	x31,x24,0x12","t6,s8,0x12",
80009a08,addi,sp:86320224,,f08d0113,,"addi	x2,x26,-248","sp,s10,-248",
80009a0c,slt,tp:00000001,,016d2233,,"slt	x4,x26,x22","tp,s10,s6",
80009a10,and,a5:00000000,,005677b3,,"and	x15,x12,x5","a5,a2,t0",
80009a14,sltu,a1:00000001,,009c35b3,,"sltu	x11,x24,x9","a1,s8,s1",
80009a18,add,tp:86320224,,01710233,,"add	x4,x2,x23","tp,sp,s7",
80009a20,and,a4:00000000,,0009f733,,"and	x14,x19,x0","a4,s3,zero",
80009a24,slt,a6:00000000,,01e4a833,,"slt	x16,x9,x30","a6,s1,t5",
80009a28,sra,a3:ffff0c64,,413256b3,,"sra	x13,x4,x19","a3,tp,s3",
80009a2c,srl,gp:0002fa5b,,0064d1b3,,"srl	x3,x9,x6","gp,s1,t1",
80009a30,xor,s10:a0b49d8c,,0064cd33,,"xor	x26,x9,x6","s10,s1,t1",
80009a34,lui,t2:2c117000,,2c1173b7,,"lui	x7,0x2c117","t2,0x2c117",
80009a3c,addi,a5:863202ba,,09610793,,"addi	x15,x2,150","a5,sp,150",
80009a40,ori,a6:0002fb7b,,3791e813,,"ori	x16,x3,889","a6,gp,889",
80009a44,add,s0:80005ac8,,00a68433,,"add	x8,x13,x10","s0,a3,a0",
80009a48,xori,s6:80015384,,1008cb13,,"xori	x22,x17,256","s6,a7,256",
80009a4c,xori,s0:000004eb,,4eaa4413,,"xori	x8,x20,1258","s0,s4,1258",
80009a50,andi,s10:00000484,,59ff7d13,,"andi	x26,x30,1439","s10,t5,1439",
80009a54,sltiu,a1:00000000,,3066b593,,"sltiu	x11,x13,774","a1,a3,774",
80009a58,addi,a1:000001f7,,1f760593,,"addi	x11,x12,503","a1,a2,503",
80009a5c,lui,gp:a1ff8000,,a1ff81b7,,"lui	x3,0xa1ff8","gp,0xa1ff8",
80009a60,auipc,s7:1973ba60,,99732b97,,"auipc	x23,0x99732","s7,0x99732",
80009a64,lui,a1:bc027000,,bc0275b7,,"lui	x11,0xbc027","a1,0xbc027",
80009a68,add,a3:0002a508,,005286b3,,"add	x13,x5,x5","a3,t0,t0",
80009a70,addi,s11:fffffa82,,a82c8d93,,"addi	x27,x25,-1406","s11,s9,-1406",
80009a74,sll,s10:00000908,,014d1d33,,"sll	x26,x26,x20","s10,s10,s4",
80009a78,sub,a1:20b5f283,,409285b3,,"sub	x11,x5,x9","a1,t0,s1",
80009a7c,and,s4:00000000,,016cfa33,,"and	x20,x25,x22","s4,s9,s6",
80009a80,xori,t1:d3ee8abb,,abb3c313,,"xori	x6,x7,-1349","t1,t2,-1349",
80009a84,xor,tp:063351a0,,01624233,,"xor	x4,x4,x22","tp,tp,s6",
80009a88,auipc,t4:7ce74a88,,fce6be97,,"auipc	x29,0xfce6b","t4,0xfce6b",
80009a8c,ori,tp:fffffa69,,a6976213,,"ori	x4,x14,-1431","tp,a4,-1431",
80009a90,ori,s7:ffffffc7,,fc7a6b93,,"ori	x23,x20,-57","s7,s4,-57",
80009a94,andi,a7:00000024,,5be17893,,"andi	x17,x2,1470","a7,sp,1470",
80009a98,lui,a7:a96c6000,,a96c68b7,,"lui	x17,0xa96c6","a7,0xa96c6",
80009a9c,ori,t2:800152f6,,2762e393,,"ori	x7,x5,630","t2,t0,630",
80009aa0,sltu,t0:00000000,,00cd32b3,,"sltu	x5,x26,x12","t0,s10,a2",
80009aa4,sltiu,t4:00000001,,eb2d3e93,,"sltiu	x29,x26,-334","t4,s10,-334",
80009aa8,sub,s11:fffd5af9,,40dc0db3,,"sub	x27,x24,x13","s11,s8,a3",
80009aac,xor,s5:0002a508,,00d2cab3,,"xor	x21,x5,x13","s5,t0,a3",
80009ab0,xor,a7:00000909,,01aec8b3,,"xor	x17,x29,x26","a7,t4,s10",
80009ab4,sll,s2:00000000,,002a1933,,"sll	x18,x20,x2","s2,s4,sp",
80009ab8,slti,a1:00000001,,71822593,,"slti	x11,x4,1816","a1,tp,1816",
80009abc,xori,t1:fffffb38,,4ffbc313,,"xori	x6,x23,1279","t1,s7,1279",
80009ac0,andi,s9:00000084,,0fdb7c93,,"andi	x25,x22,253","s9,s6,253",
80009ac4,add,tp:fffffb38,,006a0233,,"add	x4,x20,x6","tp,s4,t1",
80009ac8,sub,a6:7ffead0a,,40708833,,"sub	x16,x1,x7","a6,ra,t2",
80009acc,add,s8:a1ff8001,,003e8c33,,"add	x24,x29,x3","s8,t4,gp",
80009ad0,addi,s0:5f4b5c58,,c5748413,,"addi	x8,x9,-937","s0,s1,-937",
80009ad4,auipc,s1:3cab4ad4,,bcaab497,,"auipc	x9,0xbcaab","s1,0xbcaab",
80009ad8,xor,s6:7ffead0a,,010fcb33,,"xor	x22,x31,x16","s6,t6,a6",
80009adc,lui,tp:2b57a000,,2b57a237,,"lui	x4,0x2b57a","tp,0x2b57a",
80009ae0,sltiu,sp:00000001,,a2b3b113,,"sltiu	x2,x7,-1493","sp,t2,-1493",
80009ae4,ori,tp:fffffa2e,,a2e1e213,,"ori	x4,x3,-1490","tp,gp,-1490",
80009ae8,slli,a3:20000000,,01d89693,,"slli	x13,x17,0x1d","a3,a7,0x1d",
80009aec,srli,gp:00000000,,0132d193,,"srli	x3,x5,0x13","gp,t0,0x13",
80009af0,addi,a2:00000747,,74790613,,"addi	x12,x18,1863","a2,s2,1863",
80009af4,sltiu,t3:00000001,,31b03e13,,"sltiu	x28,x0,795","t3,zero,795",
80009af8,srl,s1:3fff5685,,00b854b3,,"srl	x9,x16,x11","s1,a6,a1",
80009afc,sltiu,s6:00000001,,7c463b13,,"sltiu	x22,x12,1988","s6,a2,1988",
80009b04,add,a2:3fff5686,,009b0633,,"add	x12,x22,x9","a2,s6,s1",
80009b08,sltu,s7:00000001,,01e8bbb3,,"sltu	x23,x17,x30","s7,a7,t5",
80009b0c,and,a5:00000000,,0153f7b3,,"and	x15,x7,x21","a5,t2,s5",
80009b10,or,ra:00000001,,01fb60b3,,"or	x1,x22,x31","ra,s6,t6",
80009b14,slli,t1:00009080,,004d1313,,"slli	x6,x26,0x4","t1,s10,0x4",
80009b18,sra,s2:00000000,,411fd933,,"sra	x18,x31,x17","s2,t6,a7",
80009b1c,add,s4:5f4b5c58,,00e40a33,,"add	x20,x8,x14","s4,s0,a4",
80009b20,sub,s8:800152f7,,410e8c33,,"sub	x24,x29,x16","s8,t4,a6",
80009b24,and,a4:00000000,,0087f733,,"and	x14,x15,x8","a4,a5,s0",
80009b28,sll,s1:00000000,,01f194b3,,"sll	x9,x3,x31","s1,gp,t6",
80009b2c,xori,a5:fffffd3d,,d3c5c793,,"xori	x15,x11,-708","a5,a1,-708",
80009b30,slti,s1:00000000,,1f262493,,"slti	x9,x12,498","s1,a2,498",
80009b38,xori,sp:00000757,,756ec113,,"xori	x2,x29,1878","sp,t4,1878",
80009b3c,sltiu,a4:00000001,,6971b713,,"sltiu	x14,x3,1687","a4,gp,1687",
80009b40,and,ra:00000001,,013b70b3,,"and	x1,x22,x19","ra,s6,s3",
80009b44,xori,a5:00000c00,,508d4793,,"xori	x15,x26,1288","a5,s10,1288",
80009b4c,xor,s1:00000085,,019b44b3,,"xor	x9,x22,x25","s1,s6,s9",
80009b50,srl,a2:00000000,,008e5633,,"srl	x12,x28,x8","a2,t3,s0",
80009b54,add,a5:00000766,,002987b3,,"add	x15,x19,x2","a5,s3,sp",
80009b58,sll,a1:00024200,,00fd15b3,,"sll	x11,x26,x15","a1,s10,a5",
80009b5c,sll,s7:0319c800,,011f1bb3,,"sll	x23,x30,x17","s7,t5,a7",
80009b60,sll,gp:00000000,,00f911b3,,"sll	x3,x18,x15","gp,s2,a5",
80009b64,slli,t3:ab5f2000,,00dd9e13,,"slli	x28,x27,0xd","t3,s11,0xd",
80009b6c,sll,s9:02000000,,01bb1cb3,,"sll	x25,x22,x27","s9,s6,s11",
80009b70,sra,s8:00000000,,416b5c33,,"sra	x24,x22,x22","s8,s6,s6",
80009b74,slt,a4:00000001,,0063a733,,"slt	x14,x7,x6","a4,t2,t1",
80009b78,slt,a2:00000001,,012f2633,,"slt	x12,x30,x18","a2,t5,s2",
80009b7c,addi,s2:000000d6,,0d6c0913,,"addi	x18,x24,214","s2,s8,214",
80009b80,lui,a7:cfc7b000,,cfc7b8b7,,"lui	x17,0xcfc7b","a7,0xcfc7b",
80009b84,xori,s2:fffffccb,,6e524913,,"xori	x18,x4,1765","s2,tp,1765",
80009b88,add,a7:00000010,,013708b3,,"add	x17,x14,x19","a7,a4,s3",
80009b8c,xori,a7:00000266,,267ec893,,"xori	x17,x29,615","a7,t4,615",
80009b90,sll,t0:56850000,,013812b3,,"sll	x5,x16,x19","t0,a6,s3",
80009b94,or,s4:ab5f2000,,01fe6a33,,"or	x20,x28,x31","s4,t3,t6",
80009b98,or,a3:fffffa2e,,004066b3,,"or	x13,x0,x4","a3,zero,tp",
80009ba0,sra,s1:c000a732,,40e554b3,,"sra	x9,x10,x14","s1,a0,a4",
80009ba4,xor,a1:00000000,,014a45b3,,"xor	x11,x20,x20","a1,s4,s4",
80009ba8,or,s8:c000a733,,00e4ec33,,"or	x24,x9,x14","s8,s1,a4",
80009bac,add,a2:800152f7,,00770633,,"add	x12,x14,x7","a2,a4,t2",
80009bb0,or,s4:00000001,,0011ea33,,"or	x20,x3,x1","s4,gp,ra",
80009bb4,or,s6:80014e64,,00a5eb33,,"or	x22,x11,x10","s6,a1,a0",
80009bb8,sll,tp:00000100,,015a1233,,"sll	x4,x20,x21","tp,s4,s5",
80009bbc,andi,a3:00000001,,bd3a7693,,"andi	x13,x20,-1069","a3,s4,-1069",
80009bc0,auipc,t1:37787bc0,,b777e317,,"auipc	x6,0xb777e","t1,0xb777e",
80009bc4,srl,t2:000319c8,,01abd3b3,,"srl	x7,x23,x26","t2,s7,s10",
80009bc8,or,t0:5f4b5c59,,01d462b3,,"or	x5,x8,x29","t0,s0,t4",
80009bcc,slli,s5:66000000,,019c1a93,,"slli	x21,x24,0x19","s5,s8,0x19",
80009bd0,srai,a2:e00054bd,,40265613,,"srai	x12,x12,0x2","a2,a2,0x2",
80009bd4,slli,t6:80000000,,01f71f93,,"slli	x31,x14,0x1f","t6,a4,0x1f",
80009bd8,sra,a1:00000000,,4139d5b3,,"sra	x11,x19,x19","a1,s3,s3",
80009bdc,auipc,tp:ae6d9bdc,,2e6d0217,,"auipc	x4,0x2e6d0","tp,0x2e6d0",
80009be4,andi,t6:02000000,,cf1cff93,,"andi	x31,x25,-783","t6,s9,-783",
80009be8,sltu,a3:00000000,,014cb6b3,,"sltu	x13,x25,x20","a3,s9,s4",
80009bec,srai,s2:00000004,,417fd913,,"srai	x18,x31,0x17","s2,t6,0x17",
80009bf0,or,a4:7fffed0a,,010be733,,"or	x14,x23,x16","a4,s7,a6",
80009bf4,srl,s4:07ffead0,,01e85a33,,"srl	x20,x16,x30","s4,a6,t5",
80009bf8,or,a5:00000767,,00fee7b3,,"or	x15,x29,x15","a5,t4,a5",
80009bfc,xori,a2:07ffebfc,,12ca4613,,"xori	x12,x20,300","a2,s4,300",
80009c00,sll,s0:ad7c8000,,013d9433,,"sll	x8,x27,x19","s0,s11,s3",
80009c04,srli,sp:00000000,,0188d113,,"srli	x2,x17,0x18","sp,a7,0x18",
80009c08,ori,a7:ffffff05,,f04ee893,,"ori	x17,x29,-252","a7,t4,-252",
80009c0c,auipc,s2:80db1c0c,,00da8917,,"auipc	x18,0xda8","s2,0xda8",
80009c10,addi,t0:ad7c87c1,,7c140293,,"addi	x5,x8,1985","t0,s0,1985",
80009c14,sltu,s5:00000001,,005e3ab3,,"sltu	x21,x28,x5","s5,t3,t0",
80009c18,srl,a6:000000c6,,00e3d833,,"srl	x16,x7,x14","a6,t2,a4",
80009c1c,sra,a4:ad7c87c1,,4022d733,,"sra	x14,x5,x2","a4,t0,sp",
80009c20,sll,s10:00000100,,01a09d33,,"sll	x26,x1,x26","s10,ra,s10",
80009c24,sltu,a2:00000001,,00ed3633,,"sltu	x12,x26,x14","a2,s10,a4",
80009c28,srl,a2:ad7c8000,,00845633,,"srl	x12,x8,x8","a2,s0,s0",
80009c2c,sll,t3:fff56800,,00fa1e33,,"sll	x28,x20,x15","t3,s4,a5",
80009c34,slli,sp:33900000,,009b9113,,"slli	x2,x23,0x9","sp,s7,0x9",
80009c38,sub,s10:000000ff,,415d0d33,,"sub	x26,x26,x21","s10,s10,s5",
80009c3c,lui,gp:fb909000,,fb9091b7,,"lui	x3,0xfb909","gp,0xfb909",
80009c40,sll,t3:00000000,,01b69e33,,"sll	x28,x13,x27","t3,a3,s11",
80009c44,or,s6:80014e64,,00d56b33,,"or	x22,x10,x13","s6,a0,a3",
80009c48,srl,a3:00200000,,016fd6b3,,"srl	x13,x31,x22","a3,t6,s6",
80009c4c,slti,s6:00000000,,8adcab13,,"slti	x22,x25,-1875","s6,s9,-1875",
80009c50,or,t1:37787bc0,,00b36333,,"or	x6,x6,x11","t1,t1,a1",
80009c54,lui,s9:261a8000,,261a8cb7,,"lui	x25,0x261a8","s9,0x261a8",
80009c58,sll,t4:c8000000,,01241eb3,,"sll	x29,x8,x18","t4,s0,s2",
80009c5c,slti,tp:00000001,,4698a213,,"slti	x4,x17,1129","tp,a7,1129",
80009c60,slt,t3:00000001,,01962e33,,"slt	x28,x12,x25","t3,a2,s9",
80009c64,add,a3:261a8000,,019586b3,,"add	x13,x11,x25","a3,a1,s9",
80009c68,add,a2:020319c8,,007f8633,,"add	x12,x31,x7","a2,t6,t2",
80009c6c,sltu,s0:00000000,,004db433,,"sltu	x8,x27,x4","s0,s11,tp",
80009c70,auipc,s8:04983c70,,8497ac17,,"auipc	x24,0x8497a","s8,0x8497a",
80009c74,sub,a1:00000000,,40b585b3,,"sub	x11,x11,x11","a1,a1,a1",
80009c7c,sll,t4:00000c60,,01e81eb3,,"sll	x29,x16,x30","t4,a6,t5",
80009c80,sra,a1:ffff8001,,418f55b3,,"sra	x11,x30,x24","a1,t5,s8",
80009c84,andi,t1:00000020,,238ef313,,"andi	x6,x29,568","t1,t4,568",
80009c88,srl,a2:00000000,,0040d633,,"srl	x12,x1,x4","a2,ra,tp",
80009c8c,ori,s1:fffff889,,8891e493,,"ori	x9,x3,-1911","s1,gp,-1911",
80009c90,andi,a3:00000000,,218af693,,"andi	x13,x21,536","a3,s5,536",
80009c94,add,t4:ffff8021,,00b30eb3,,"add	x29,x6,x11","t4,t1,a1",
80009c98,add,s1:00000000,,00c604b3,,"add	x9,x12,x12","s1,a2,a2",
80009c9c,addi,t3:800149b6,,b5250e13,,"addi	x28,x10,-1198","t3,a0,-1198",
80009ca0,or,t6:000000c7,,01026fb3,,"or	x31,x4,x16","t6,tp,a6",
80009ca4,srl,a1:0000007f,,01b8d5b3,,"srl	x11,x17,x27","a1,a7,s11",
80009ca8,add,t6:07ffeadf,,01498fb3,,"add	x31,x19,x20","t6,s3,s4",
80009cac,ori,a2:0000037f,,3555e613,,"ori	x12,x11,853","a2,a1,853",
80009cb4,srl,s10:000000ff,,019d5d33,,"srl	x26,x26,x25","s10,s10,s9",
80009cb8,srai,s2:fffff800,,41455913,,"srai	x18,x10,0x14","s2,a0,0x14",
80009cbc,andi,tp:00000000,,8f047213,,"andi	x4,x8,-1808","tp,s0,-1808",
80009cc0,andi,a7:000000e9,,6e9d7893,,"andi	x17,x26,1769","a7,s10,1769",
80009cc8,addi,t0:80014290,,8dae0293,,"addi	x5,x28,-1830","t0,t3,-1830",
80009ccc,slt,sp:00000001,,0154a133,,"slt	x2,x9,x21","sp,s1,s5",
80009cd0,ori,s7:0000054d,,54c16b93,,"ori	x23,x2,1356","s7,sp,1356",
80009cd4,addi,s2:07ffec3f,,16fa0913,,"addi	x18,x20,367","s2,s4,367",
80009cdc,slt,s1:00000000,,00ffa4b3,,"slt	x9,x31,x15","s1,t6,a5",
80009ce0,xori,t6:f8001060,,ab0a4f93,,"xori	x31,x20,-1360","t6,s4,-1360",
80009ce4,slti,s9:00000001,,e8eeac93,,"slti	x25,x29,-370","s9,t4,-370",
80009ce8,and,sp:00000000,,006b7133,,"and	x2,x22,x6","sp,s6,t1",
80009cec,sltiu,sp:00000001,,f15d3113,,"sltiu	x2,x26,-235","sp,s10,-235",
80009cf0,xori,s0:f80011eb,,b3ba4413,,"xori	x8,x20,-1221","s0,s4,-1221",
80009cf4,or,t1:0000054d,,000be333,,"or	x6,x23,x0","t1,s7,zero",
80009cf8,ori,s0:f80017fb,,79a46413,,"ori	x8,x8,1946","s0,s0,1946",
80009cfc,sub,s8:f367d3f0,,418f8c33,,"sub	x24,x31,x24","s8,t6,s8",
80009d00,srai,s5:00000000,,417b5a93,,"srai	x21,x22,0x17","s5,s6,0x17",
80009d04,and,gp:f8001000,,01f1f1b3,,"and	x3,x3,x31","gp,gp,t6",
80009d08,slt,a3:00000000,,00c626b3,,"slt	x13,x12,x12","a3,a2,a2",
80009d0c,addi,s1:fffff834,,83468493,,"addi	x9,x13,-1996","s1,a3,-1996",
80009d10,sll,t1:07670000,,00579333,,"sll	x6,x15,x5","t1,a5,t0",
80009d14,sra,tp:80014e64,,41f55233,,"sra	x4,x10,x31","tp,a0,t6",
80009d1c,xor,gp:80014290,,005ac1b3,,"xor	x3,x21,x5","gp,s5,t0",
80009d20,or,gp:8001429f,,0059e1b3,,"or	x3,x19,x5","gp,s3,t0",
80009d24,sltu,s11:00000000,,00adbdb3,,"sltu	x27,x27,x10","s11,s11,a0",
80009d28,sll,a2:00000000,,00ba9633,,"sll	x12,x21,x11","a2,s5,a1",
80009d2c,slli,a5:ffc01080,,007e9793,,"slli	x15,x29,0x7","a5,t4,0x7",
80009d30,slt,a6:00000001,,00242833,,"slt	x16,x8,x2","a6,s0,sp",
80009d34,add,gp:00000002,,001081b3,,"add	x3,x1,x1","gp,ra,ra",
80009d38,sub,s1:00000001,,416804b3,,"sub	x9,x16,x22","s1,a6,s6",
80009d3c,sltiu,s10:00000001,,d9ac3d13,,"sltiu	x26,x24,-614","s10,s8,-614",
80009d40,slt,s7:00000000,,00ed2bb3,,"slt	x23,x26,x14","s7,s10,a4",
80009d44,auipc,s10:c6438d44,,4642fd17,,"auipc	x26,0x4642f","s10,0x4642f",
80009d48,addi,a7:f367d8fd,,50dc0893,,"addi	x17,x24,1293","a7,s8,1293",
80009d4c,sub,s9:ffc01080,,41b78cb3,,"sub	x25,x15,x27","s9,a5,s11",
80009d50,xor,s9:800149b7,,009e4cb3,,"xor	x25,x28,x9","s9,t3,s1",
80009d54,xori,ra:00007e31,,e10ec093,,"xori	x1,x29,-496","ra,t4,-496",
80009d58,auipc,s3:80009d58,,00000997,,"auipc	x19,0x0","s3,0x0",
80009d5c,addi,s3:80009d64,,00c98993,,"addi	x19,x19,12","s3,s3,12",
80009d64,addi,gp:00000001,,00100193,,"addi	x3,x0,1","gp,zero,1",
80009d68,,,,00000073,,ecall,,
